ISO-10303-21;
HEADER;
/* Generated by software containing ST-Developer
 * from STEP Tools, Inc. (www.steptools.com) 
 */

FILE_DESCRIPTION(
/* description */ (''),
/* implementation_level */ '2;1');

FILE_NAME(
/* name */ '3D Base v17.step',
/* time_stamp */ '2026-06-07T23:51:52+01:00',
/* author */ (''),
/* organization */ (''),
/* preprocessor_version */ 'ST-DEVELOPER v20.1',
/* originating_system */ 'Autodesk Translation Framework v15.8.0.0',
/* authorisation */ '');

FILE_SCHEMA (('AUTOMOTIVE_DESIGN { 1 0 10303 214 3 1 1 }'));
ENDSEC;

DATA;
#10=MECHANICAL_DESIGN_GEOMETRIC_PRESENTATION_REPRESENTATION('',(#13),#10506);
#11=SHAPE_REPRESENTATION_RELATIONSHIP('SRR','None',#10513,#12);
#12=ADVANCED_BREP_SHAPE_REPRESENTATION('',(#14),#10505);
#13=STYLED_ITEM('',(#10522),#14);
#14=MANIFOLD_SOLID_BREP('Body1',#5262);
#15=ELLIPSE('',#5572,16.9705627484771,12.);
#16=ELLIPSE('',#5573,16.9705627484771,12.);
#17=ELLIPSE('',#5605,16.9705627484771,12.);
#18=(
BOUNDED_SURFACE()
B_SPLINE_SURFACE(2,2,((#10026,#10027,#10028,#10029,#10030,#10031,#10032,
#10033,#10034),(#10035,#10036,#10037,#10038,#10039,#10040,#10041,#10042,
#10043),(#10044,#10045,#10046,#10047,#10048,#10049,#10050,#10051,#10052)),
 .UNSPECIFIED.,.F.,.T.,.F.)
B_SPLINE_SURFACE_WITH_KNOTS((3,3),(3,2,2,2,3),(0.,1.5707963267949),(-3.14159265358979,
-1.5707963267949,0.,1.5707963267949,3.14159265358979),.UNSPECIFIED.)
GEOMETRIC_REPRESENTATION_ITEM()
RATIONAL_B_SPLINE_SURFACE(((1.,0.707106781186548,1.,0.707106781186548,1.,
0.707106781186548,1.,0.707106781186548,1.),(0.707106781186542,0.499999999999996,
0.707106781186542,0.499999999999996,0.707106781186542,0.499999999999996,
0.707106781186542,0.499999999999996,0.707106781186542),(1.,0.707106781186548,
1.,0.707106781186548,1.,0.707106781186548,1.,0.707106781186548,1.)))
REPRESENTATION_ITEM('')
SURFACE()
);
#19=SPHERICAL_SURFACE('',#5466,2.);
#20=SPHERICAL_SURFACE('',#5471,2.);
#21=SPHERICAL_SURFACE('',#5510,2.);
#22=SPHERICAL_SURFACE('',#5515,2.);
#23=SPHERICAL_SURFACE('',#5527,2.);
#24=SPHERICAL_SURFACE('',#5530,2.);
#25=SPHERICAL_SURFACE('',#5540,2.);
#26=SPHERICAL_SURFACE('',#5552,1.99999999999999);
#27=SPHERICAL_SURFACE('',#5565,2.);
#28=SPHERICAL_SURFACE('',#5569,2.);
#29=TOROIDAL_SURFACE('',#5421,4.,2.);
#30=TOROIDAL_SURFACE('',#5425,11.,2.);
#31=TOROIDAL_SURFACE('',#5429,4.,2.);
#32=TOROIDAL_SURFACE('',#5435,11.,2.);
#33=TOROIDAL_SURFACE('',#5440,11.,2.);
#34=TOROIDAL_SURFACE('',#5443,4.,2.);
#35=TOROIDAL_SURFACE('',#5445,11.,2.);
#36=TOROIDAL_SURFACE('',#5448,4.,2.);
#37=TOROIDAL_SURFACE('',#5460,8.,2.);
#38=TOROIDAL_SURFACE('',#5473,55.5,2.);
#39=TOROIDAL_SURFACE('',#5488,55.5,2.);
#40=TOROIDAL_SURFACE('',#5505,8.,2.);
#41=TOROIDAL_SURFACE('',#5517,55.5,2.);
#42=TOROIDAL_SURFACE('',#5519,55.5,2.);
#43=TOROIDAL_SURFACE('',#5523,15.,2.);
#44=TOROIDAL_SURFACE('',#5544,33.,2.);
#45=TOROIDAL_SURFACE('',#5547,8.,2.);
#46=TOROIDAL_SURFACE('',#5555,15.,2.);
#47=TOROIDAL_SURFACE('',#5559,8.,2.);
#48=TOROIDAL_SURFACE('',#5562,33.,2.);
#49=CYLINDRICAL_SURFACE('',#5418,59.9999999999864);
#50=CYLINDRICAL_SURFACE('',#5450,2.);
#51=CYLINDRICAL_SURFACE('',#5452,13.);
#52=CYLINDRICAL_SURFACE('',#5454,2.);
#53=CYLINDRICAL_SURFACE('',#5457,2.);
#54=CYLINDRICAL_SURFACE('',#5464,2.);
#55=CYLINDRICAL_SURFACE('',#5468,2.);
#56=CYLINDRICAL_SURFACE('',#5491,57.5);
#57=CYLINDRICAL_SURFACE('',#5499,2.);
#58=CYLINDRICAL_SURFACE('',#5502,2.);
#59=CYLINDRICAL_SURFACE('',#5508,2.);
#60=CYLINDRICAL_SURFACE('',#5512,2.);
#61=CYLINDRICAL_SURFACE('',#5521,2.);
#62=CYLINDRICAL_SURFACE('',#5528,2.);
#63=CYLINDRICAL_SURFACE('',#5535,4.);
#64=CYLINDRICAL_SURFACE('',#5537,2.);
#65=CYLINDRICAL_SURFACE('',#5550,2.);
#66=CYLINDRICAL_SURFACE('',#5556,2.);
#67=CYLINDRICAL_SURFACE('',#5564,2.);
#68=CYLINDRICAL_SURFACE('',#5566,2.);
#69=CYLINDRICAL_SURFACE('',#5570,6.);
#70=CYLINDRICAL_SURFACE('',#5576,1.1);
#71=CYLINDRICAL_SURFACE('',#5580,1.1);
#72=CYLINDRICAL_SURFACE('',#5584,1.1);
#73=CYLINDRICAL_SURFACE('',#5588,1.1);
#74=CYLINDRICAL_SURFACE('',#5592,6.5);
#75=CYLINDRICAL_SURFACE('',#5596,6.5);
#76=CYLINDRICAL_SURFACE('',#5601,12.);
#77=CYLINDRICAL_SURFACE('',#5603,12.);
#78=CYLINDRICAL_SURFACE('',#5606,3.5);
#79=CYLINDRICAL_SURFACE('',#5607,6.);
#80=CYLINDRICAL_SURFACE('',#5609,6.);
#81=CYLINDRICAL_SURFACE('',#5610,6.);
#82=CYLINDRICAL_SURFACE('',#5614,1.5);
#83=CYLINDRICAL_SURFACE('',#5616,1.5);
#84=CYLINDRICAL_SURFACE('',#5618,10.5);
#85=CYLINDRICAL_SURFACE('',#5622,10.5);
#86=CYLINDRICAL_SURFACE('',#5626,13.);
#87=CYLINDRICAL_SURFACE('',#5646,6.);
#88=CYLINDRICAL_SURFACE('',#5654,6.);
#89=CYLINDRICAL_SURFACE('',#5657,1.5);
#90=CYLINDRICAL_SURFACE('',#5660,1.5);
#91=CYLINDRICAL_SURFACE('',#5664,1.5);
#92=CYLINDRICAL_SURFACE('',#5667,1.5);
#93=CYLINDRICAL_SURFACE('',#5675,35.);
#94=(
BOUNDED_CURVE()
B_SPLINE_CURVE(2,(#9752,#9753,#9754),.UNSPECIFIED.,.F.,.F.)
B_SPLINE_CURVE_WITH_KNOTS((3,3),(0.,0.61989015854238),.UNSPECIFIED.)
CURVE()
GEOMETRIC_REPRESENTATION_ITEM()
RATIONAL_B_SPLINE_CURVE((1.,1.00085915027753,1.))
REPRESENTATION_ITEM('')
);
#95=(
BOUNDED_CURVE()
B_SPLINE_CURVE(2,(#9767,#9768,#9769),.UNSPECIFIED.,.F.,.F.)
B_SPLINE_CURVE_WITH_KNOTS((3,3),(0.,0.61989015854238),.UNSPECIFIED.)
CURVE()
GEOMETRIC_REPRESENTATION_ITEM()
RATIONAL_B_SPLINE_CURVE((1.,1.00085915027651,1.))
REPRESENTATION_ITEM('')
);
#96=CIRCLE('',#5414,57.9999999999864);
#97=CIRCLE('',#5415,59.9999999999864);
#98=CIRCLE('',#5419,59.9999999999864);
#99=CIRCLE('',#5422,2.);
#100=CIRCLE('',#5423,2.);
#101=CIRCLE('',#5424,4.);
#102=CIRCLE('',#5426,2.);
#103=CIRCLE('',#5427,13.);
#104=CIRCLE('',#5428,11.);
#105=CIRCLE('',#5430,2.);
#106=CIRCLE('',#5431,4.);
#107=CIRCLE('',#5433,57.5);
#108=CIRCLE('',#5434,4.);
#109=CIRCLE('',#5436,2.);
#110=CIRCLE('',#5437,13.);
#111=CIRCLE('',#5438,2.);
#112=CIRCLE('',#5439,11.);
#113=CIRCLE('',#5441,13.);
#114=CIRCLE('',#5442,2.);
#115=CIRCLE('',#5444,2.);
#116=CIRCLE('',#5446,2.);
#117=CIRCLE('',#5447,13.);
#118=CIRCLE('',#5449,2.);
#119=CIRCLE('',#5451,2.);
#120=CIRCLE('',#5453,13.);
#121=CIRCLE('',#5455,2.);
#122=CIRCLE('',#5456,2.);
#123=CIRCLE('',#5458,2.);
#124=CIRCLE('',#5459,2.00000000000001);
#125=CIRCLE('',#5461,2.);
#126=CIRCLE('',#5462,8.);
#127=CIRCLE('',#5463,6.);
#128=CIRCLE('',#5465,2.);
#129=CIRCLE('',#5467,2.);
#130=CIRCLE('',#5469,2.00000000000001);
#131=CIRCLE('',#5470,2.);
#132=CIRCLE('',#5472,2.);
#133=CIRCLE('',#5474,55.5);
#134=CIRCLE('',#5475,2.);
#135=CIRCLE('',#5476,57.5);
#136=CIRCLE('',#5478,55.5);
#137=CIRCLE('',#5479,15.);
#138=CIRCLE('',#5480,55.5);
#139=CIRCLE('',#5481,8.);
#140=CIRCLE('',#5482,55.5);
#141=CIRCLE('',#5483,8.);
#142=CIRCLE('',#5484,33.);
#143=CIRCLE('',#5485,15.);
#144=CIRCLE('',#5486,33.);
#145=CIRCLE('',#5487,8.);
#146=CIRCLE('',#5489,57.5);
#147=CIRCLE('',#5490,2.);
#148=CIRCLE('',#5492,57.5);
#149=CIRCLE('',#5493,57.5);
#150=CIRCLE('',#5494,57.5);
#151=CIRCLE('',#5495,57.5);
#152=CIRCLE('',#5496,57.5);
#153=CIRCLE('',#5497,57.5);
#154=CIRCLE('',#5498,57.5);
#155=CIRCLE('',#5500,2.00000000000001);
#156=CIRCLE('',#5501,2.);
#157=CIRCLE('',#5503,2.);
#158=CIRCLE('',#5504,2.);
#159=CIRCLE('',#5506,1.99999999999999);
#160=CIRCLE('',#5507,6.);
#161=CIRCLE('',#5509,1.99999999999999);
#162=CIRCLE('',#5511,2.);
#163=CIRCLE('',#5513,2.);
#164=CIRCLE('',#5514,2.);
#165=CIRCLE('',#5516,2.);
#166=CIRCLE('',#5518,2.);
#167=CIRCLE('',#5520,2.);
#168=CIRCLE('',#5522,2.00000000000002);
#169=CIRCLE('',#5524,2.);
#170=CIRCLE('',#5525,13.);
#171=CIRCLE('',#5526,2.);
#172=CIRCLE('',#5529,2.);
#173=CIRCLE('',#5531,2.);
#174=CIRCLE('',#5532,2.);
#175=CIRCLE('',#5533,4.);
#176=CIRCLE('',#5534,4.);
#177=CIRCLE('',#5538,2.00000000000002);
#178=CIRCLE('',#5539,2.);
#179=CIRCLE('',#5541,2.);
#180=CIRCLE('',#5542,2.);
#181=CIRCLE('',#5543,2.);
#182=CIRCLE('',#5545,2.00000000000001);
#183=CIRCLE('',#5546,35.);
#184=CIRCLE('',#5548,2.);
#185=CIRCLE('',#5549,6.);
#186=CIRCLE('',#5551,2.);
#187=CIRCLE('',#5553,1.99999999999999);
#188=CIRCLE('',#5554,2.00000000000001);
#189=CIRCLE('',#5557,2.);
#190=CIRCLE('',#5558,2.00000000000001);
#191=CIRCLE('',#5560,2.);
#192=CIRCLE('',#5561,6.);
#193=CIRCLE('',#5563,35.);
#194=CIRCLE('',#5567,2.);
#195=CIRCLE('',#5568,2.);
#196=CIRCLE('',#5575,1.1);
#197=CIRCLE('',#5577,1.1);
#198=CIRCLE('',#5579,1.1);
#199=CIRCLE('',#5581,1.1);
#200=CIRCLE('',#5583,1.1);
#201=CIRCLE('',#5585,1.1);
#202=CIRCLE('',#5587,1.1);
#203=CIRCLE('',#5589,1.1);
#204=CIRCLE('',#5591,1.5);
#205=CIRCLE('',#5593,6.5);
#206=CIRCLE('',#5594,6.5);
#207=CIRCLE('',#5597,6.5);
#208=CIRCLE('',#5598,6.5);
#209=CIRCLE('',#5600,3.5);
#210=CIRCLE('',#5602,12.);
#211=CIRCLE('',#5604,12.);
#212=CIRCLE('',#5608,6.);
#213=CIRCLE('',#5611,6.);
#214=CIRCLE('',#5613,1.5);
#215=CIRCLE('',#5615,1.5);
#216=CIRCLE('',#5617,1.5);
#217=CIRCLE('',#5619,10.5);
#218=CIRCLE('',#5620,10.5);
#219=CIRCLE('',#5623,10.5);
#220=CIRCLE('',#5624,10.5);
#221=CIRCLE('',#5628,35.);
#222=CIRCLE('',#5630,4.);
#223=CIRCLE('',#5631,6.);
#224=CIRCLE('',#5632,6.);
#225=CIRCLE('',#5634,1.5);
#226=CIRCLE('',#5636,4.);
#227=CIRCLE('',#5637,6.);
#228=CIRCLE('',#5638,6.);
#229=CIRCLE('',#5640,1.5);
#230=CIRCLE('',#5642,4.);
#231=CIRCLE('',#5643,6.);
#232=CIRCLE('',#5644,6.);
#233=CIRCLE('',#5645,6.);
#234=CIRCLE('',#5648,1.5);
#235=CIRCLE('',#5650,4.);
#236=CIRCLE('',#5651,6.);
#237=CIRCLE('',#5652,6.);
#238=CIRCLE('',#5653,6.);
#239=CIRCLE('',#5656,1.5);
#240=CIRCLE('',#5658,1.5);
#241=CIRCLE('',#5661,1.5);
#242=CIRCLE('',#5663,35.);
#243=CIRCLE('',#5665,1.5);
#244=CIRCLE('',#5668,1.5);
#245=CIRCLE('',#5682,58.7513026547196);
#246=CIRCLE('',#5683,60.2291666666667);
#247=CIRCLE('',#5685,58.8242193213862);
#248=CIRCLE('',#5687,60.34375);
#249=CIRCLE('',#5689,60.75);
#250=CIRCLE('',#5691,63.5);
#251=CIRCLE('',#5694,60.);
#252=CONICAL_SURFACE('',#5409,62.2953552428744,0.0416787324225783);
#253=CONICAL_SURFACE('',#5410,62.2953552428744,0.0416787324225783);
#254=CONICAL_SURFACE('',#5411,62.2953552428744,0.0416787324225783);
#255=CONICAL_SURFACE('',#5413,58.9999999999864,1.10714871779409);
#256=CONICAL_SURFACE('',#5574,0.55,1.02974425867665);
#257=CONICAL_SURFACE('',#5578,0.55,1.02974425867665);
#258=CONICAL_SURFACE('',#5582,0.55,1.02974425867665);
#259=CONICAL_SURFACE('',#5586,0.55,1.02974425867665);
#260=CONICAL_SURFACE('',#5612,0.75,1.02974425867665);
#261=CONICAL_SURFACE('',#5629,5.,0.110748759940308);
#262=CONICAL_SURFACE('',#5635,5.,0.110748759940308);
#263=CONICAL_SURFACE('',#5641,5.,0.110748759940308);
#264=CONICAL_SURFACE('',#5649,5.,0.110748759940308);
#265=CONICAL_SURFACE('',#5681,59.4902346606931,1.20736695710654);
#266=CONICAL_SURFACE('',#5684,58.7877609880529,0.0416787324225654);
#267=CONICAL_SURFACE('',#5686,59.5839846606931,1.29072458768998);
#268=CONICAL_SURFACE('',#5688,60.546875,0.0416787324225783);
#269=CONICAL_SURFACE('',#5692,61.7499999999932,0.785398163398099);
#270=CONICAL_SURFACE('',#5695,60.1145833333333,0.0416787324225788);
#271=FACE_BOUND('',#714,.T.);
#272=FACE_BOUND('',#737,.T.);
#273=FACE_BOUND('',#760,.T.);
#274=FACE_BOUND('',#770,.T.);
#275=FACE_BOUND('',#805,.T.);
#276=FACE_BOUND('',#812,.T.);
#277=FACE_BOUND('',#837,.T.);
#278=FACE_BOUND('',#838,.T.);
#279=FACE_BOUND('',#891,.T.);
#280=FACE_BOUND('',#908,.T.);
#281=FACE_BOUND('',#909,.T.);
#282=FACE_BOUND('',#910,.T.);
#283=FACE_BOUND('',#911,.T.);
#284=FACE_BOUND('',#912,.T.);
#285=FACE_BOUND('',#913,.T.);
#286=FACE_BOUND('',#914,.T.);
#287=FACE_BOUND('',#915,.T.);
#288=FACE_BOUND('',#916,.T.);
#289=FACE_BOUND('',#917,.T.);
#290=FACE_BOUND('',#918,.T.);
#291=FACE_BOUND('',#919,.T.);
#292=FACE_BOUND('',#920,.T.);
#293=FACE_BOUND('',#921,.T.);
#294=FACE_BOUND('',#922,.T.);
#295=FACE_BOUND('',#923,.T.);
#296=FACE_BOUND('',#924,.T.);
#297=FACE_BOUND('',#925,.T.);
#298=FACE_BOUND('',#926,.T.);
#299=FACE_BOUND('',#927,.T.);
#300=FACE_BOUND('',#928,.T.);
#301=FACE_BOUND('',#929,.T.);
#302=FACE_BOUND('',#930,.T.);
#303=FACE_BOUND('',#975,.T.);
#304=FACE_BOUND('',#980,.T.);
#305=FACE_BOUND('',#992,.T.);
#306=FACE_BOUND('',#995,.T.);
#307=FACE_BOUND('',#1000,.T.);
#308=FACE_BOUND('',#1003,.T.);
#309=FACE_BOUND('',#1007,.T.);
#310=FACE_BOUND('',#1011,.T.);
#311=FACE_BOUND('',#1025,.T.);
#312=FACE_BOUND('',#1026,.T.);
#313=FACE_BOUND('',#1027,.T.);
#314=FACE_BOUND('',#1028,.T.);
#315=FACE_BOUND('',#1029,.T.);
#316=FACE_BOUND('',#1030,.T.);
#317=FACE_BOUND('',#1031,.T.);
#318=FACE_BOUND('',#1033,.T.);
#319=FACE_BOUND('',#1036,.T.);
#320=FACE_BOUND('',#1037,.T.);
#321=FACE_BOUND('',#1045,.T.);
#322=FACE_BOUND('',#1046,.T.);
#323=FACE_BOUND('',#1048,.T.);
#324=FACE_BOUND('',#1051,.T.);
#325=B_SPLINE_SURFACE_WITH_KNOTS('',3,1,((#7040,#7041),(#7042,#7043),(#7044,
#7045),(#7046,#7047),(#7048,#7049),(#7050,#7051),(#7052,#7053),(#7054,#7055),
(#7056,#7057),(#7058,#7059),(#7060,#7061),(#7062,#7063)),.UNSPECIFIED.,
 .F.,.F.,.F.,(4,1,1,1,1,1,1,1,1,4),(2,2),(0.,0.146667431380723,0.220001147071085,
0.256668004916266,0.293334862761447,0.330001720606628,0.366668578451809,
0.403335436296989,0.44000229414217,0.586669725522894),(0.,0.1),
 .UNSPECIFIED.);
#326=B_SPLINE_SURFACE_WITH_KNOTS('',3,1,((#7082,#7083),(#7084,#7085),(#7086,
#7087),(#7088,#7089),(#7090,#7091),(#7092,#7093),(#7094,#7095),(#7096,#7097),
(#7098,#7099),(#7100,#7101)),.UNSPECIFIED.,.F.,.F.,.F.,(4,1,1,1,1,1,1,4),
(2,2),(0.,0.113020278366399,0.169530417549599,0.226040556732798,0.285519394240954,
0.344998231749109,0.404477069257265,0.46395590676542),(0.,0.1),
 .UNSPECIFIED.);
#327=B_SPLINE_SURFACE_WITH_KNOTS('',3,1,((#7280,#7281),(#7282,#7283),(#7284,
#7285),(#7286,#7287),(#7288,#7289)),.UNSPECIFIED.,.F.,.F.,.F.,(4,1,4),(2,
2),(0.,0.0372312586876795,0.0744343330624742),(0.,0.1),.UNSPECIFIED.);
#328=B_SPLINE_SURFACE_WITH_KNOTS('',3,1,((#7303,#7304),(#7305,#7306),(#7307,
#7308),(#7309,#7310),(#7311,#7312),(#7313,#7314),(#7315,#7316),(#7317,#7318),
(#7319,#7320),(#7321,#7322),(#7323,#7324),(#7325,#7326)),.UNSPECIFIED.,
 .F.,.F.,.F.,(4,1,1,1,1,1,1,1,1,4),(2,2),(0.,0.123797482491693,0.247594964983386,
0.358475857637386,0.469356750291387,0.547278365435855,0.625199980580322,
0.779594588990516,0.93398919740071,1.09597713162967),(0.,0.1),
 .UNSPECIFIED.);
#329=B_SPLINE_SURFACE_WITH_KNOTS('',3,1,((#7345,#7346),(#7347,#7348),(#7349,
#7350),(#7351,#7352),(#7353,#7354),(#7355,#7356),(#7357,#7358),(#7359,#7360),
(#7361,#7362),(#7363,#7364)),.UNSPECIFIED.,.F.,.F.,.F.,(4,1,1,1,1,1,1,4),
(2,2),(0.,0.0552519904713234,0.110503980942647,0.16575597141397,0.221007961885294,
0.331511942827941,0.386763933299264,0.442015923770588),(0.,0.1),
 .UNSPECIFIED.);
#330=B_SPLINE_SURFACE_WITH_KNOTS('',3,1,((#7377,#7378),(#7379,#7380),(#7381,
#7382),(#7383,#7384),(#7385,#7386),(#7387,#7388),(#7389,#7390),(#7391,#7392),
(#7393,#7394)),.UNSPECIFIED.,.F.,.F.,.F.,(4,1,1,1,1,1,4),(2,2),(0.,0.133606689303529,
0.267213378607058,0.451275857601742,0.635338336596425,0.831053373702373,
1.02676841080832),(0.,0.1),.UNSPECIFIED.);
#331=B_SPLINE_SURFACE_WITH_KNOTS('',3,1,((#7404,#7405),(#7406,#7407),(#7408,
#7409),(#7410,#7411),(#7412,#7413),(#7414,#7415),(#7416,#7417),(#7418,#7419),
(#7420,#7421),(#7422,#7423),(#7424,#7425),(#7426,#7427)),.UNSPECIFIED.,
 .T.,.F.,.F.,(4,1,1,1,1,1,1,1,1,4),(2,2),(0.,0.183609415378111,0.283000828544749,
0.382392241711387,0.448313542716543,0.5142348437217,0.580156144726856,0.646077445732013,
0.750586596509918,0.855095747287823),(0.,0.25),.UNSPECIFIED.);
#332=B_SPLINE_SURFACE_WITH_KNOTS('',3,1,((#7474,#7475),(#7476,#7477),(#7478,
#7479),(#7480,#7481),(#7482,#7483),(#7484,#7485),(#7486,#7487),(#7488,#7489),
(#7490,#7491),(#7492,#7493),(#7494,#7495)),.UNSPECIFIED.,.F.,.F.,.F.,(4,
1,1,1,1,1,1,1,4),(2,2),(0.,0.156255531217527,0.312511062435053,0.46876659365258,
0.625022124870107,0.72885430818246,0.832686491494813,0.936518674807166,
1.04035085811952),(0.,0.1),.UNSPECIFIED.);
#333=B_SPLINE_SURFACE_WITH_KNOTS('',3,1,((#7515,#7516),(#7517,#7518),(#7519,
#7520),(#7521,#7522),(#7523,#7524),(#7525,#7526),(#7527,#7528),(#7529,#7530),
(#7531,#7532),(#7533,#7534),(#7535,#7536),(#7537,#7538),(#7539,#7540)),
 .UNSPECIFIED.,.F.,.F.,.F.,(4,1,1,1,1,1,1,1,1,1,4),(2,2),(0.,0.16128632932487,
0.32257265864974,0.46644394583739,0.610315233025041,0.764814826260123,0.919314419495205,
1.07381401273029,1.22831360596537,1.40417033096419,1.58002705596301),(0.,
0.1),.UNSPECIFIED.);
#334=B_SPLINE_SURFACE_WITH_KNOTS('',3,1,((#7589,#7590),(#7591,#7592),(#7593,
#7594),(#7595,#7596)),.UNSPECIFIED.,.F.,.F.,.F.,(4,4),(2,2),(0.,0.311077834852004),
(0.,0.1),.UNSPECIFIED.);
#335=B_SPLINE_SURFACE_WITH_KNOTS('',3,1,((#7607,#7608),(#7609,#7610),(#7611,
#7612),(#7613,#7614)),.UNSPECIFIED.,.F.,.F.,.F.,(4,4),(2,2),(0.,0.230533448926611),
(0.,0.1),.UNSPECIFIED.);
#336=B_SPLINE_SURFACE_WITH_KNOTS('',3,1,((#7652,#7653),(#7654,#7655),(#7656,
#7657),(#7658,#7659),(#7660,#7661),(#7662,#7663),(#7664,#7665),(#7666,#7667),
(#7668,#7669),(#7670,#7671),(#7672,#7673)),.UNSPECIFIED.,.T.,.F.,.F.,(4,
1,1,1,1,1,1,1,4),(2,2),(0.,0.228932547114701,0.457865094229402,0.686797641344103,
0.915730188458804,1.14466273557351,1.37359528268821,1.60252782980291,1.83146037691761),
(0.,0.1),.UNSPECIFIED.);
#337=B_SPLINE_SURFACE_WITH_KNOTS('',3,1,((#7687,#7688),(#7689,#7690),(#7691,
#7692),(#7693,#7694),(#7695,#7696),(#7697,#7698),(#7699,#7700),(#7701,#7702),
(#7703,#7704),(#7705,#7706),(#7707,#7708)),.UNSPECIFIED.,.T.,.F.,.F.,(4,
1,1,1,1,1,1,1,4),(2,2),(0.,0.156746048975357,0.313492097950714,0.47023814692607,
0.626984195901427,0.783730244876784,0.940476293852141,1.0972223428275,1.25396839180285),
(0.,0.1),.UNSPECIFIED.);
#338=B_SPLINE_SURFACE_WITH_KNOTS('',3,1,((#7750,#7751),(#7752,#7753),(#7754,
#7755),(#7756,#7757)),.UNSPECIFIED.,.F.,.F.,.F.,(4,4),(2,2),(0.,0.761965811893059),
(0.,0.1),.UNSPECIFIED.);
#339=B_SPLINE_SURFACE_WITH_KNOTS('',3,1,((#7768,#7769),(#7770,#7771),(#7772,
#7773),(#7774,#7775)),.UNSPECIFIED.,.F.,.F.,.F.,(4,4),(2,2),(0.,0.788790024185527),
(0.,0.1),.UNSPECIFIED.);
#340=B_SPLINE_SURFACE_WITH_KNOTS('',3,1,((#7889,#7890),(#7891,#7892),(#7893,
#7894),(#7895,#7896),(#7897,#7898),(#7899,#7900),(#7901,#7902),(#7903,#7904),
(#7905,#7906)),.UNSPECIFIED.,.F.,.F.,.F.,(4,1,1,1,1,1,4),(2,2),(0.,0.0954291642872929,
0.190858328574586,0.306453620249221,0.422048911923856,0.523442293076616,
0.624835674229376),(0.,0.1),.UNSPECIFIED.);
#341=B_SPLINE_SURFACE_WITH_KNOTS('',3,1,((#7928,#7929),(#7930,#7931),(#7932,
#7933),(#7934,#7935),(#7936,#7937),(#7938,#7939),(#7940,#7941),(#7942,#7943),
(#7944,#7945),(#7946,#7947),(#7948,#7949),(#7950,#7951),(#7952,#7953),(#7954,
#7955),(#7956,#7957)),.UNSPECIFIED.,.T.,.F.,.F.,(4,1,1,1,1,1,1,1,1,1,1,
1,4),(2,2),(0.,0.0760562082046435,0.114084312306965,0.152112416409287,0.190140520511609,
0.22816862461393,0.304224832818574,0.380281041023217,0.418309145125539,
0.456337249227861,0.494365353330183,0.532393457432504,0.608449665637148),
(0.,0.1),.UNSPECIFIED.);
#342=B_SPLINE_SURFACE_WITH_KNOTS('',3,1,((#8046,#8047),(#8048,#8049),(#8050,
#8051),(#8052,#8053),(#8054,#8055),(#8056,#8057),(#8058,#8059),(#8060,#8061),
(#8062,#8063),(#8064,#8065),(#8066,#8067),(#8068,#8069),(#8070,#8071),(#8072,
#8073),(#8074,#8075)),.UNSPECIFIED.,.F.,.F.,.F.,(4,1,1,1,1,1,1,1,1,1,1,
1,4),(2,2),(0.,0.0353459255607931,0.0706918511215861,0.141383702243172,
0.425715589961061,0.567881533820006,0.71004747767895,0.894886552778747,
1.07972562787854,1.34992629492498,1.51332619647233,1.67672609801969,1.8461533778139),
(0.,0.1),.UNSPECIFIED.);
#343=B_SPLINE_SURFACE_WITH_KNOTS('',3,1,((#8099,#8100),(#8101,#8102),(#8103,
#8104),(#8105,#8106),(#8107,#8108),(#8109,#8110),(#8111,#8112),(#8113,#8114),
(#8115,#8116),(#8117,#8118),(#8119,#8120),(#8121,#8122),(#8123,#8124),(#8125,
#8126),(#8127,#8128),(#8129,#8130),(#8131,#8132),(#8133,#8134)),
 .UNSPECIFIED.,.F.,.F.,.F.,(4,1,1,1,1,1,1,1,1,1,1,1,1,1,1,4),(2,2),(0.,
0.278969621594031,0.425903825614156,0.572838029634282,0.808307019961973,
1.04377601028966,1.22408464505224,1.31423896243353,1.40439327981481,1.42190363390134,
1.43941398798787,1.4569243420744,1.47443469616093,1.50945540433399,1.54447611250704,
1.68455894519928),(0.,0.1),.UNSPECIFIED.);
#344=B_SPLINE_SURFACE_WITH_KNOTS('',3,1,((#8163,#8164),(#8165,#8166),(#8167,
#8168),(#8169,#8170),(#8171,#8172),(#8173,#8174),(#8175,#8176),(#8177,#8178),
(#8179,#8180),(#8181,#8182),(#8183,#8184),(#8185,#8186)),.UNSPECIFIED.,
 .F.,.F.,.F.,(4,1,1,1,1,1,1,1,1,4),(2,2),(0.,0.0423098932645773,0.0846197865291546,
0.169239573058309,0.290895947579811,0.412552322101313,0.463969060020712,
0.515385797940111,0.56680253585951,0.618219273778909),(0.,0.1),
 .UNSPECIFIED.);
#345=B_SPLINE_SURFACE_WITH_KNOTS('',3,1,((#8199,#8200),(#8201,#8202),(#8203,
#8204),(#8205,#8206),(#8207,#8208),(#8209,#8210),(#8211,#8212),(#8213,#8214),
(#8215,#8216),(#8217,#8218),(#8219,#8220),(#8221,#8222),(#8223,#8224),(#8225,
#8226)),.UNSPECIFIED.,.T.,.F.,.F.,(4,1,1,1,1,1,1,1,1,1,1,4),(2,2),(0.,0.0734169061589657,
0.146833812317931,0.183542265397414,0.220250718476897,0.25695917155638,
0.293667624635863,0.367084530794829,0.440501436953794,0.477209890033277,
0.51391834311276,0.587335249271726),(0.,0.1),.UNSPECIFIED.);
#346=B_SPLINE_SURFACE_WITH_KNOTS('',3,1,((#8411,#8412),(#8413,#8414),(#8415,
#8416),(#8417,#8418),(#8419,#8420),(#8421,#8422),(#8423,#8424),(#8425,#8426),
(#8427,#8428),(#8429,#8430),(#8431,#8432),(#8433,#8434),(#8435,#8436)),
 .UNSPECIFIED.,.F.,.F.,.F.,(4,1,1,1,1,1,1,1,1,1,4),(2,2),(0.,0.312680195295558,
0.469020292943337,0.625360390591116,0.868353457032873,0.989849990253751,
1.11134652347463,1.29081959523093,1.47029266698722,1.64976573874352,1.82923881049982),
(0.,0.1),.UNSPECIFIED.);
#347=B_SPLINE_SURFACE_WITH_KNOTS('',3,1,((#8462,#8463),(#8464,#8465),(#8466,
#8467),(#8468,#8469),(#8470,#8471),(#8472,#8473),(#8474,#8475),(#8476,#8477),
(#8478,#8479),(#8480,#8481),(#8482,#8483),(#8484,#8485)),.UNSPECIFIED.,
 .F.,.F.,.F.,(4,1,1,1,1,1,1,1,1,4),(2,2),(0.,0.135625633066804,0.271251266133607,
0.40687689920041,0.542502532267214,0.6998716872043,0.857240842141386,0.966862940922309,
1.07648503970323,1.29572923726508),(0.,0.1),.UNSPECIFIED.);
#348=B_SPLINE_SURFACE_WITH_KNOTS('',3,1,((#8536,#8537),(#8538,#8539),(#8540,
#8541),(#8542,#8543),(#8544,#8545),(#8546,#8547),(#8548,#8549)),
 .UNSPECIFIED.,.F.,.F.,.F.,(4,1,1,1,4),(2,2),(0.,0.125165667583019,0.250331335166037,
0.375497002749056,0.500662670332074),(0.,0.1),.UNSPECIFIED.);
#349=B_SPLINE_SURFACE_WITH_KNOTS('',3,1,((#8565,#8566),(#8567,#8568),(#8569,
#8570),(#8571,#8572),(#8573,#8574),(#8575,#8576),(#8577,#8578),(#8579,#8580),
(#8581,#8582),(#8583,#8584),(#8585,#8586),(#8587,#8588),(#8589,#8590)),
 .UNSPECIFIED.,.F.,.F.,.F.,(4,1,1,1,1,1,1,1,1,1,4),(2,2),(0.,0.237786827681671,
0.475573655363341,0.620179227420601,0.76478479947786,0.90939037153512,1.05399594359238,
1.22350399998075,1.39301205636912,1.56400371579962,1.73499537523011),(0.,
0.1),.UNSPECIFIED.);
#350=B_SPLINE_SURFACE_WITH_KNOTS('',3,1,((#8608,#8609),(#8610,#8611),(#8612,
#8613),(#8614,#8615),(#8616,#8617),(#8618,#8619),(#8620,#8621)),
 .UNSPECIFIED.,.F.,.F.,.F.,(4,1,1,1,4),(2,2),(0.,0.12845543950358,0.25691087900716,
0.385366318510739,0.513821758014319),(0.,0.1),.UNSPECIFIED.);
#351=B_SPLINE_SURFACE_WITH_KNOTS('',3,1,((#8671,#8672),(#8673,#8674),(#8675,
#8676),(#8677,#8678)),.UNSPECIFIED.,.F.,.F.,.F.,(4,4),(2,2),(0.,0.492491969291026),
(0.,0.1),.UNSPECIFIED.);
#352=B_SPLINE_SURFACE_WITH_KNOTS('',3,1,((#8685,#8686),(#8687,#8688),(#8689,
#8690),(#8691,#8692)),.UNSPECIFIED.,.F.,.F.,.F.,(4,4),(2,2),(0.,0.491249283150536),
(0.,0.1),.UNSPECIFIED.);
#353=B_SPLINE_SURFACE_WITH_KNOTS('',3,1,((#8744,#8745),(#8746,#8747),(#8748,
#8749),(#8750,#8751),(#8752,#8753),(#8754,#8755),(#8756,#8757),(#8758,#8759),
(#8760,#8761),(#8762,#8763),(#8764,#8765)),.UNSPECIFIED.,.F.,.F.,.F.,(4,
1,1,1,1,1,1,1,4),(2,2),(0.,0.297579378696602,0.446369068044903,0.595158757393205,
0.667431369299354,0.739703981205503,0.811976593111652,0.884249205017801,
1.1733396526424),(0.,0.1),.UNSPECIFIED.);
#354=B_SPLINE_SURFACE_WITH_KNOTS('',3,1,((#8783,#8784),(#8785,#8786),(#8787,
#8788),(#8789,#8790),(#8791,#8792),(#8793,#8794),(#8795,#8796),(#8797,#8798),
(#8799,#8800)),.UNSPECIFIED.,.F.,.F.,.F.,(4,1,1,1,1,1,4),(2,2),(0.,0.265631662596519,
0.398447493894778,0.531263325193037,0.729587931632045,0.828750234851549,
0.927912538071053),(0.,0.1),.UNSPECIFIED.);
#355=B_SPLINE_SURFACE_WITH_KNOTS('',3,1,((#8872,#8873),(#8874,#8875),(#8876,
#8877),(#8878,#8879),(#8880,#8881),(#8882,#8883),(#8884,#8885),(#8886,#8887)),
 .UNSPECIFIED.,.F.,.F.,.F.,(4,1,1,1,1,4),(2,2),(0.,0.2658067296602,0.5316134593204,
0.765271162722561,0.882100014423641,0.998928866124721),(0.,0.1),
 .UNSPECIFIED.);
#356=B_SPLINE_SURFACE_WITH_KNOTS('',3,1,((#8900,#8901),(#8902,#8903),(#8904,
#8905),(#8906,#8907),(#8908,#8909),(#8910,#8911),(#8912,#8913),(#8914,#8915)),
 .UNSPECIFIED.,.F.,.F.,.F.,(4,1,1,1,1,4),(2,2),(0.,0.111396098180411,0.222792196360821,
0.445584392721642,0.668376589082464,0.891168785443285),(0.,0.1),
 .UNSPECIFIED.);
#357=B_SPLINE_SURFACE_WITH_KNOTS('',3,1,((#8934,#8935),(#8936,#8937),(#8938,
#8939),(#8940,#8941),(#8942,#8943),(#8944,#8945),(#8946,#8947),(#8948,#8949),
(#8950,#8951),(#8952,#8953),(#8954,#8955),(#8956,#8957)),.UNSPECIFIED.,
 .F.,.F.,.F.,(4,1,1,1,1,1,1,1,1,4),(2,2),(0.,0.141181573679106,0.211772360518659,
0.282363147358212,0.367696253435296,0.453029359512381,0.538362465589465,
0.62369557166655,0.735608519781511,0.847521467896472),(0.,0.1),
 .UNSPECIFIED.);
#358=B_SPLINE_SURFACE_WITH_KNOTS('',3,1,((#8976,#8977),(#8978,#8979),(#8980,
#8981),(#8982,#8983),(#8984,#8985),(#8986,#8987),(#8988,#8989),(#8990,#8991),
(#8992,#8993),(#8994,#8995),(#8996,#8997)),.UNSPECIFIED.,.F.,.F.,.F.,(4,
1,1,1,1,1,1,1,4),(2,2),(0.,0.151566715653891,0.303133431307783,0.401508912403876,
0.49988439349997,0.598250460278303,0.696616527056636,0.814260010468857,
0.931903493881079),(0.,0.1),.UNSPECIFIED.);
#359=B_SPLINE_SURFACE_WITH_KNOTS('',3,1,((#9042,#9043),(#9044,#9045),(#9046,
#9047),(#9048,#9049)),.UNSPECIFIED.,.F.,.F.,.F.,(4,4),(2,2),(0.,0.155538831838005),
(0.,0.1),.UNSPECIFIED.);
#360=B_SPLINE_SURFACE_WITH_KNOTS('',3,1,((#9060,#9061),(#9062,#9063),(#9064,
#9065),(#9066,#9067)),.UNSPECIFIED.,.F.,.F.,.F.,(4,4),(2,2),(0.,0.115266934172026),
(0.,0.1),.UNSPECIFIED.);
#361=B_SPLINE_SURFACE_WITH_KNOTS('',3,1,((#9125,#9126),(#9127,#9128),(#9129,
#9130),(#9131,#9132),(#9133,#9134),(#9135,#9136),(#9137,#9138),(#9139,#9140),
(#9141,#9142),(#9143,#9144),(#9145,#9146),(#9147,#9148),(#9149,#9150),(#9151,
#9152),(#9153,#9154),(#9155,#9156),(#9157,#9158),(#9159,#9160)),
 .UNSPECIFIED.,.F.,.F.,.F.,(4,1,1,1,1,1,1,1,1,1,1,1,1,1,1,4),(2,2),(0.,
0.0855129608201679,0.171025921640336,0.286225519080845,0.343825317801099,
0.401425116521353,0.461284724994056,0.521144333466758,0.557435743006405,
0.575581447776229,0.593727152546052,0.6300185620857,0.666309971625347,0.709931608289248,
0.731742426621198,0.753553244953148),(0.,0.1),.UNSPECIFIED.);
#362=B_SPLINE_SURFACE_WITH_KNOTS('',3,1,((#9187,#9188),(#9189,#9190),(#9191,
#9192),(#9193,#9194),(#9195,#9196),(#9197,#9198),(#9199,#9200),(#9201,#9202),
(#9203,#9204),(#9205,#9206),(#9207,#9208),(#9209,#9210),(#9211,#9212),(#9213,
#9214),(#9215,#9216),(#9217,#9218),(#9219,#9220),(#9221,#9222),(#9223,#9224),
(#9225,#9226)),.UNSPECIFIED.,.F.,.F.,.F.,(4,1,1,1,1,1,1,1,1,1,1,1,1,1,1,
1,1,4),(2,2),(0.,0.0358585525696039,0.0717171051392078,0.15265627839886,
0.233595451658512,0.282717486823277,0.331839521988041,0.380961557152805,
0.430083592317569,0.476234616180115,0.52238564004266,0.539431339790612,
0.556477039538564,0.590568439034467,0.630398944640405,0.670229450246344,
0.710059955852283,0.749890461458222),(0.,0.1),.UNSPECIFIED.);
#363=B_SPLINE_SURFACE_WITH_KNOTS('',3,3,((#9276,#9277,#9278,#9279),(#9280,
#9281,#9282,#9283),(#9284,#9285,#9286,#9287),(#9288,#9289,#9290,#9291)),
 .UNSPECIFIED.,.F.,.F.,.F.,(4,4),(4,4),(0.,1.),(1.3086753902769E-14,0.774999999999992),
 .UNSPECIFIED.);
#364=B_SPLINE_SURFACE_WITH_KNOTS('',3,3,((#9306,#9307,#9308,#9309,#9310,
#9311,#9312),(#9313,#9314,#9315,#9316,#9317,#9318,#9319),(#9320,#9321,#9322,
#9323,#9324,#9325,#9326),(#9327,#9328,#9329,#9330,#9331,#9332,#9333)),
 .UNSPECIFIED.,.F.,.F.,.F.,(4,4),(4,1,1,1,4),(0.,1.),(-5.50776106875356E-15,
0.897597901025718,1.79519580205144,2.2439947525643,3.14159265359003),
 .UNSPECIFIED.);
#365=B_SPLINE_SURFACE_WITH_KNOTS('',3,3,((#9351,#9352,#9353,#9354,#9355,
#9356,#9357),(#9358,#9359,#9360,#9361,#9362,#9363,#9364),(#9365,#9366,#9367,
#9368,#9369,#9370,#9371),(#9372,#9373,#9374,#9375,#9376,#9377,#9378)),
 .UNSPECIFIED.,.F.,.F.,.F.,(4,4),(4,1,1,1,4),(0.,1.),(0.,0.448798950512829,
1.34639685153849,2.24399475256414,3.1415926535898),.UNSPECIFIED.);
#366=B_SPLINE_SURFACE_WITH_KNOTS('',3,3,((#9396,#9397,#9398,#9399),(#9400,
#9401,#9402,#9403),(#9404,#9405,#9406,#9407),(#9408,#9409,#9410,#9411)),
 .UNSPECIFIED.,.F.,.F.,.F.,(4,4),(4,4),(0.,1.),(-1.55848337991254E-14,0.775000000000009),
 .UNSPECIFIED.);
#367=B_SPLINE_SURFACE_WITH_KNOTS('',3,3,((#9421,#9422,#9423,#9424),(#9425,
#9426,#9427,#9428),(#9429,#9430,#9431,#9432),(#9433,#9434,#9435,#9436)),
 .UNSPECIFIED.,.F.,.F.,.F.,(4,4),(4,4),(0.,1.),(1.29063426612674E-14,0.77499999999999),
 .UNSPECIFIED.);
#368=B_SPLINE_SURFACE_WITH_KNOTS('',3,3,((#9451,#9452,#9453,#9454,#9455,
#9456,#9457),(#9458,#9459,#9460,#9461,#9462,#9463,#9464),(#9465,#9466,#9467,
#9468,#9469,#9470,#9471),(#9472,#9473,#9474,#9475,#9476,#9477,#9478)),
 .UNSPECIFIED.,.F.,.F.,.F.,(4,4),(4,1,1,1,4),(0.,1.),(-4.90542411616042E-15,
0.448798950512858,1.34639685153858,2.24399475256431,3.14159265359003),
 .UNSPECIFIED.);
#369=B_SPLINE_SURFACE_WITH_KNOTS('',3,3,((#9496,#9497,#9498,#9499,#9500,
#9501,#9502),(#9503,#9504,#9505,#9506,#9507,#9508,#9509),(#9510,#9511,#9512,
#9513,#9514,#9515,#9516),(#9517,#9518,#9519,#9520,#9521,#9522,#9523)),
 .UNSPECIFIED.,.F.,.F.,.F.,(4,4),(4,1,1,1,4),(0.,1.),(-8.28129093128937E-15,
0.89759790102565,1.34639685153848,2.24399475256414,3.1415926535898),
 .UNSPECIFIED.);
#370=B_SPLINE_SURFACE_WITH_KNOTS('',3,3,((#9541,#9542,#9543,#9544),(#9545,
#9546,#9547,#9548),(#9549,#9550,#9551,#9552),(#9553,#9554,#9555,#9556)),
 .UNSPECIFIED.,.F.,.F.,.F.,(4,4),(4,4),(0.,1.),(-1.49473810490045E-14,0.775000000000008),
 .UNSPECIFIED.);
#371=B_SPLINE_SURFACE_WITH_KNOTS('',3,3,((#9566,#9567,#9568,#9569),(#9570,
#9571,#9572,#9573),(#9574,#9575,#9576,#9577),(#9578,#9579,#9580,#9581)),
 .UNSPECIFIED.,.F.,.F.,.F.,(4,4),(4,4),(0.,1.),(1.2115308756222E-14,0.77499999999999),
 .UNSPECIFIED.);
#372=B_SPLINE_SURFACE_WITH_KNOTS('',3,3,((#9601,#9602,#9603,#9604,#9605,
#9606,#9607),(#9608,#9609,#9610,#9611,#9612,#9613,#9614),(#9615,#9616,#9617,
#9618,#9619,#9620,#9621),(#9622,#9623,#9624,#9625,#9626,#9627,#9628)),
 .UNSPECIFIED.,.F.,.F.,.F.,(4,4),(4,1,1,1,4),(0.,1.),(-4.41386700729535E-16,
0.897597901025655,1.34639685153848,2.24399475256414,3.14159265358979),
 .UNSPECIFIED.);
#373=B_SPLINE_SURFACE_WITH_KNOTS('',3,3,((#9646,#9647,#9648,#9649,#9650,
#9651,#9652),(#9653,#9654,#9655,#9656,#9657,#9658,#9659),(#9660,#9661,#9662,
#9663,#9664,#9665,#9666),(#9667,#9668,#9669,#9670,#9671,#9672,#9673)),
 .UNSPECIFIED.,.F.,.F.,.F.,(4,4),(4,1,1,1,4),(0.,1.),(-7.83650386689427E-16,
0.448798950512827,1.34639685153848,2.24399475256414,3.14159265358979),
 .UNSPECIFIED.);
#374=B_SPLINE_SURFACE_WITH_KNOTS('',3,3,((#9691,#9692,#9693,#9694),(#9695,
#9696,#9697,#9698),(#9699,#9700,#9701,#9702),(#9703,#9704,#9705,#9706)),
 .UNSPECIFIED.,.F.,.F.,.F.,(4,4),(4,4),(0.,1.),(-1.12185650776712E-14,0.775000000000009),
 .UNSPECIFIED.);
#375=FACE_OUTER_BOUND('',#687,.T.);
#376=FACE_OUTER_BOUND('',#688,.T.);
#377=FACE_OUTER_BOUND('',#689,.T.);
#378=FACE_OUTER_BOUND('',#690,.T.);
#379=FACE_OUTER_BOUND('',#691,.T.);
#380=FACE_OUTER_BOUND('',#692,.T.);
#381=FACE_OUTER_BOUND('',#693,.T.);
#382=FACE_OUTER_BOUND('',#694,.T.);
#383=FACE_OUTER_BOUND('',#695,.T.);
#384=FACE_OUTER_BOUND('',#696,.T.);
#385=FACE_OUTER_BOUND('',#697,.T.);
#386=FACE_OUTER_BOUND('',#698,.T.);
#387=FACE_OUTER_BOUND('',#699,.T.);
#388=FACE_OUTER_BOUND('',#700,.T.);
#389=FACE_OUTER_BOUND('',#701,.T.);
#390=FACE_OUTER_BOUND('',#702,.T.);
#391=FACE_OUTER_BOUND('',#703,.T.);
#392=FACE_OUTER_BOUND('',#704,.T.);
#393=FACE_OUTER_BOUND('',#705,.T.);
#394=FACE_OUTER_BOUND('',#706,.T.);
#395=FACE_OUTER_BOUND('',#707,.T.);
#396=FACE_OUTER_BOUND('',#708,.T.);
#397=FACE_OUTER_BOUND('',#709,.T.);
#398=FACE_OUTER_BOUND('',#710,.T.);
#399=FACE_OUTER_BOUND('',#711,.T.);
#400=FACE_OUTER_BOUND('',#712,.T.);
#401=FACE_OUTER_BOUND('',#713,.T.);
#402=FACE_OUTER_BOUND('',#715,.T.);
#403=FACE_OUTER_BOUND('',#716,.T.);
#404=FACE_OUTER_BOUND('',#717,.T.);
#405=FACE_OUTER_BOUND('',#718,.T.);
#406=FACE_OUTER_BOUND('',#719,.T.);
#407=FACE_OUTER_BOUND('',#720,.T.);
#408=FACE_OUTER_BOUND('',#721,.T.);
#409=FACE_OUTER_BOUND('',#722,.T.);
#410=FACE_OUTER_BOUND('',#723,.T.);
#411=FACE_OUTER_BOUND('',#724,.T.);
#412=FACE_OUTER_BOUND('',#725,.T.);
#413=FACE_OUTER_BOUND('',#726,.T.);
#414=FACE_OUTER_BOUND('',#727,.T.);
#415=FACE_OUTER_BOUND('',#728,.T.);
#416=FACE_OUTER_BOUND('',#729,.T.);
#417=FACE_OUTER_BOUND('',#730,.T.);
#418=FACE_OUTER_BOUND('',#731,.T.);
#419=FACE_OUTER_BOUND('',#732,.T.);
#420=FACE_OUTER_BOUND('',#733,.T.);
#421=FACE_OUTER_BOUND('',#734,.T.);
#422=FACE_OUTER_BOUND('',#735,.T.);
#423=FACE_OUTER_BOUND('',#736,.T.);
#424=FACE_OUTER_BOUND('',#738,.T.);
#425=FACE_OUTER_BOUND('',#739,.T.);
#426=FACE_OUTER_BOUND('',#740,.T.);
#427=FACE_OUTER_BOUND('',#741,.T.);
#428=FACE_OUTER_BOUND('',#742,.T.);
#429=FACE_OUTER_BOUND('',#743,.T.);
#430=FACE_OUTER_BOUND('',#744,.T.);
#431=FACE_OUTER_BOUND('',#745,.T.);
#432=FACE_OUTER_BOUND('',#746,.T.);
#433=FACE_OUTER_BOUND('',#747,.T.);
#434=FACE_OUTER_BOUND('',#748,.T.);
#435=FACE_OUTER_BOUND('',#749,.T.);
#436=FACE_OUTER_BOUND('',#750,.T.);
#437=FACE_OUTER_BOUND('',#751,.T.);
#438=FACE_OUTER_BOUND('',#752,.T.);
#439=FACE_OUTER_BOUND('',#753,.T.);
#440=FACE_OUTER_BOUND('',#754,.T.);
#441=FACE_OUTER_BOUND('',#755,.T.);
#442=FACE_OUTER_BOUND('',#756,.T.);
#443=FACE_OUTER_BOUND('',#757,.T.);
#444=FACE_OUTER_BOUND('',#758,.T.);
#445=FACE_OUTER_BOUND('',#759,.T.);
#446=FACE_OUTER_BOUND('',#761,.T.);
#447=FACE_OUTER_BOUND('',#762,.T.);
#448=FACE_OUTER_BOUND('',#763,.T.);
#449=FACE_OUTER_BOUND('',#764,.T.);
#450=FACE_OUTER_BOUND('',#765,.T.);
#451=FACE_OUTER_BOUND('',#766,.T.);
#452=FACE_OUTER_BOUND('',#767,.T.);
#453=FACE_OUTER_BOUND('',#768,.T.);
#454=FACE_OUTER_BOUND('',#769,.T.);
#455=FACE_OUTER_BOUND('',#771,.T.);
#456=FACE_OUTER_BOUND('',#772,.T.);
#457=FACE_OUTER_BOUND('',#773,.T.);
#458=FACE_OUTER_BOUND('',#774,.T.);
#459=FACE_OUTER_BOUND('',#775,.T.);
#460=FACE_OUTER_BOUND('',#776,.T.);
#461=FACE_OUTER_BOUND('',#777,.T.);
#462=FACE_OUTER_BOUND('',#778,.T.);
#463=FACE_OUTER_BOUND('',#779,.T.);
#464=FACE_OUTER_BOUND('',#780,.T.);
#465=FACE_OUTER_BOUND('',#781,.T.);
#466=FACE_OUTER_BOUND('',#782,.T.);
#467=FACE_OUTER_BOUND('',#783,.T.);
#468=FACE_OUTER_BOUND('',#784,.T.);
#469=FACE_OUTER_BOUND('',#785,.T.);
#470=FACE_OUTER_BOUND('',#786,.T.);
#471=FACE_OUTER_BOUND('',#787,.T.);
#472=FACE_OUTER_BOUND('',#788,.T.);
#473=FACE_OUTER_BOUND('',#789,.T.);
#474=FACE_OUTER_BOUND('',#790,.T.);
#475=FACE_OUTER_BOUND('',#791,.T.);
#476=FACE_OUTER_BOUND('',#792,.T.);
#477=FACE_OUTER_BOUND('',#793,.T.);
#478=FACE_OUTER_BOUND('',#794,.T.);
#479=FACE_OUTER_BOUND('',#795,.T.);
#480=FACE_OUTER_BOUND('',#796,.T.);
#481=FACE_OUTER_BOUND('',#797,.T.);
#482=FACE_OUTER_BOUND('',#798,.T.);
#483=FACE_OUTER_BOUND('',#799,.T.);
#484=FACE_OUTER_BOUND('',#800,.T.);
#485=FACE_OUTER_BOUND('',#801,.T.);
#486=FACE_OUTER_BOUND('',#802,.T.);
#487=FACE_OUTER_BOUND('',#803,.T.);
#488=FACE_OUTER_BOUND('',#804,.T.);
#489=FACE_OUTER_BOUND('',#806,.T.);
#490=FACE_OUTER_BOUND('',#807,.T.);
#491=FACE_OUTER_BOUND('',#808,.T.);
#492=FACE_OUTER_BOUND('',#809,.T.);
#493=FACE_OUTER_BOUND('',#810,.T.);
#494=FACE_OUTER_BOUND('',#811,.T.);
#495=FACE_OUTER_BOUND('',#813,.T.);
#496=FACE_OUTER_BOUND('',#814,.T.);
#497=FACE_OUTER_BOUND('',#815,.T.);
#498=FACE_OUTER_BOUND('',#816,.T.);
#499=FACE_OUTER_BOUND('',#817,.T.);
#500=FACE_OUTER_BOUND('',#818,.T.);
#501=FACE_OUTER_BOUND('',#819,.T.);
#502=FACE_OUTER_BOUND('',#820,.T.);
#503=FACE_OUTER_BOUND('',#821,.T.);
#504=FACE_OUTER_BOUND('',#822,.T.);
#505=FACE_OUTER_BOUND('',#823,.T.);
#506=FACE_OUTER_BOUND('',#824,.T.);
#507=FACE_OUTER_BOUND('',#825,.T.);
#508=FACE_OUTER_BOUND('',#826,.T.);
#509=FACE_OUTER_BOUND('',#827,.T.);
#510=FACE_OUTER_BOUND('',#828,.T.);
#511=FACE_OUTER_BOUND('',#829,.T.);
#512=FACE_OUTER_BOUND('',#830,.T.);
#513=FACE_OUTER_BOUND('',#831,.T.);
#514=FACE_OUTER_BOUND('',#832,.T.);
#515=FACE_OUTER_BOUND('',#833,.T.);
#516=FACE_OUTER_BOUND('',#834,.T.);
#517=FACE_OUTER_BOUND('',#835,.T.);
#518=FACE_OUTER_BOUND('',#836,.T.);
#519=FACE_OUTER_BOUND('',#839,.T.);
#520=FACE_OUTER_BOUND('',#840,.T.);
#521=FACE_OUTER_BOUND('',#841,.T.);
#522=FACE_OUTER_BOUND('',#842,.T.);
#523=FACE_OUTER_BOUND('',#843,.T.);
#524=FACE_OUTER_BOUND('',#844,.T.);
#525=FACE_OUTER_BOUND('',#845,.T.);
#526=FACE_OUTER_BOUND('',#846,.T.);
#527=FACE_OUTER_BOUND('',#847,.T.);
#528=FACE_OUTER_BOUND('',#848,.T.);
#529=FACE_OUTER_BOUND('',#849,.T.);
#530=FACE_OUTER_BOUND('',#850,.T.);
#531=FACE_OUTER_BOUND('',#851,.T.);
#532=FACE_OUTER_BOUND('',#852,.T.);
#533=FACE_OUTER_BOUND('',#853,.T.);
#534=FACE_OUTER_BOUND('',#854,.T.);
#535=FACE_OUTER_BOUND('',#855,.T.);
#536=FACE_OUTER_BOUND('',#856,.T.);
#537=FACE_OUTER_BOUND('',#857,.T.);
#538=FACE_OUTER_BOUND('',#858,.T.);
#539=FACE_OUTER_BOUND('',#859,.T.);
#540=FACE_OUTER_BOUND('',#860,.T.);
#541=FACE_OUTER_BOUND('',#861,.T.);
#542=FACE_OUTER_BOUND('',#862,.T.);
#543=FACE_OUTER_BOUND('',#863,.T.);
#544=FACE_OUTER_BOUND('',#864,.T.);
#545=FACE_OUTER_BOUND('',#865,.T.);
#546=FACE_OUTER_BOUND('',#866,.T.);
#547=FACE_OUTER_BOUND('',#867,.T.);
#548=FACE_OUTER_BOUND('',#868,.T.);
#549=FACE_OUTER_BOUND('',#869,.T.);
#550=FACE_OUTER_BOUND('',#870,.T.);
#551=FACE_OUTER_BOUND('',#871,.T.);
#552=FACE_OUTER_BOUND('',#872,.T.);
#553=FACE_OUTER_BOUND('',#873,.T.);
#554=FACE_OUTER_BOUND('',#874,.T.);
#555=FACE_OUTER_BOUND('',#875,.T.);
#556=FACE_OUTER_BOUND('',#876,.T.);
#557=FACE_OUTER_BOUND('',#877,.T.);
#558=FACE_OUTER_BOUND('',#878,.T.);
#559=FACE_OUTER_BOUND('',#879,.T.);
#560=FACE_OUTER_BOUND('',#880,.T.);
#561=FACE_OUTER_BOUND('',#881,.T.);
#562=FACE_OUTER_BOUND('',#882,.T.);
#563=FACE_OUTER_BOUND('',#883,.T.);
#564=FACE_OUTER_BOUND('',#884,.T.);
#565=FACE_OUTER_BOUND('',#885,.T.);
#566=FACE_OUTER_BOUND('',#886,.T.);
#567=FACE_OUTER_BOUND('',#887,.T.);
#568=FACE_OUTER_BOUND('',#888,.T.);
#569=FACE_OUTER_BOUND('',#889,.T.);
#570=FACE_OUTER_BOUND('',#890,.T.);
#571=FACE_OUTER_BOUND('',#892,.T.);
#572=FACE_OUTER_BOUND('',#893,.T.);
#573=FACE_OUTER_BOUND('',#894,.T.);
#574=FACE_OUTER_BOUND('',#895,.T.);
#575=FACE_OUTER_BOUND('',#896,.T.);
#576=FACE_OUTER_BOUND('',#897,.T.);
#577=FACE_OUTER_BOUND('',#898,.T.);
#578=FACE_OUTER_BOUND('',#899,.T.);
#579=FACE_OUTER_BOUND('',#900,.T.);
#580=FACE_OUTER_BOUND('',#901,.T.);
#581=FACE_OUTER_BOUND('',#902,.T.);
#582=FACE_OUTER_BOUND('',#903,.T.);
#583=FACE_OUTER_BOUND('',#904,.T.);
#584=FACE_OUTER_BOUND('',#905,.T.);
#585=FACE_OUTER_BOUND('',#906,.T.);
#586=FACE_OUTER_BOUND('',#907,.T.);
#587=FACE_OUTER_BOUND('',#931,.T.);
#588=FACE_OUTER_BOUND('',#932,.T.);
#589=FACE_OUTER_BOUND('',#933,.T.);
#590=FACE_OUTER_BOUND('',#934,.T.);
#591=FACE_OUTER_BOUND('',#935,.T.);
#592=FACE_OUTER_BOUND('',#936,.T.);
#593=FACE_OUTER_BOUND('',#937,.T.);
#594=FACE_OUTER_BOUND('',#938,.T.);
#595=FACE_OUTER_BOUND('',#939,.T.);
#596=FACE_OUTER_BOUND('',#940,.T.);
#597=FACE_OUTER_BOUND('',#941,.T.);
#598=FACE_OUTER_BOUND('',#942,.T.);
#599=FACE_OUTER_BOUND('',#943,.T.);
#600=FACE_OUTER_BOUND('',#944,.T.);
#601=FACE_OUTER_BOUND('',#945,.T.);
#602=FACE_OUTER_BOUND('',#946,.T.);
#603=FACE_OUTER_BOUND('',#947,.T.);
#604=FACE_OUTER_BOUND('',#948,.T.);
#605=FACE_OUTER_BOUND('',#949,.T.);
#606=FACE_OUTER_BOUND('',#950,.T.);
#607=FACE_OUTER_BOUND('',#951,.T.);
#608=FACE_OUTER_BOUND('',#952,.T.);
#609=FACE_OUTER_BOUND('',#953,.T.);
#610=FACE_OUTER_BOUND('',#954,.T.);
#611=FACE_OUTER_BOUND('',#955,.T.);
#612=FACE_OUTER_BOUND('',#956,.T.);
#613=FACE_OUTER_BOUND('',#957,.T.);
#614=FACE_OUTER_BOUND('',#958,.T.);
#615=FACE_OUTER_BOUND('',#959,.T.);
#616=FACE_OUTER_BOUND('',#960,.T.);
#617=FACE_OUTER_BOUND('',#961,.T.);
#618=FACE_OUTER_BOUND('',#962,.T.);
#619=FACE_OUTER_BOUND('',#963,.T.);
#620=FACE_OUTER_BOUND('',#964,.T.);
#621=FACE_OUTER_BOUND('',#965,.T.);
#622=FACE_OUTER_BOUND('',#966,.T.);
#623=FACE_OUTER_BOUND('',#967,.T.);
#624=FACE_OUTER_BOUND('',#968,.T.);
#625=FACE_OUTER_BOUND('',#969,.T.);
#626=FACE_OUTER_BOUND('',#970,.T.);
#627=FACE_OUTER_BOUND('',#971,.T.);
#628=FACE_OUTER_BOUND('',#972,.T.);
#629=FACE_OUTER_BOUND('',#973,.T.);
#630=FACE_OUTER_BOUND('',#974,.T.);
#631=FACE_OUTER_BOUND('',#976,.T.);
#632=FACE_OUTER_BOUND('',#977,.T.);
#633=FACE_OUTER_BOUND('',#978,.T.);
#634=FACE_OUTER_BOUND('',#979,.T.);
#635=FACE_OUTER_BOUND('',#981,.T.);
#636=FACE_OUTER_BOUND('',#982,.T.);
#637=FACE_OUTER_BOUND('',#983,.T.);
#638=FACE_OUTER_BOUND('',#984,.T.);
#639=FACE_OUTER_BOUND('',#985,.T.);
#640=FACE_OUTER_BOUND('',#986,.T.);
#641=FACE_OUTER_BOUND('',#987,.T.);
#642=FACE_OUTER_BOUND('',#988,.T.);
#643=FACE_OUTER_BOUND('',#989,.T.);
#644=FACE_OUTER_BOUND('',#990,.T.);
#645=FACE_OUTER_BOUND('',#991,.T.);
#646=FACE_OUTER_BOUND('',#993,.T.);
#647=FACE_OUTER_BOUND('',#994,.T.);
#648=FACE_OUTER_BOUND('',#996,.T.);
#649=FACE_OUTER_BOUND('',#997,.T.);
#650=FACE_OUTER_BOUND('',#998,.T.);
#651=FACE_OUTER_BOUND('',#999,.T.);
#652=FACE_OUTER_BOUND('',#1001,.T.);
#653=FACE_OUTER_BOUND('',#1002,.T.);
#654=FACE_OUTER_BOUND('',#1004,.T.);
#655=FACE_OUTER_BOUND('',#1005,.T.);
#656=FACE_OUTER_BOUND('',#1006,.T.);
#657=FACE_OUTER_BOUND('',#1008,.T.);
#658=FACE_OUTER_BOUND('',#1009,.T.);
#659=FACE_OUTER_BOUND('',#1010,.T.);
#660=FACE_OUTER_BOUND('',#1012,.T.);
#661=FACE_OUTER_BOUND('',#1013,.T.);
#662=FACE_OUTER_BOUND('',#1014,.T.);
#663=FACE_OUTER_BOUND('',#1015,.T.);
#664=FACE_OUTER_BOUND('',#1016,.T.);
#665=FACE_OUTER_BOUND('',#1017,.T.);
#666=FACE_OUTER_BOUND('',#1018,.T.);
#667=FACE_OUTER_BOUND('',#1019,.T.);
#668=FACE_OUTER_BOUND('',#1020,.T.);
#669=FACE_OUTER_BOUND('',#1021,.T.);
#670=FACE_OUTER_BOUND('',#1022,.T.);
#671=FACE_OUTER_BOUND('',#1023,.T.);
#672=FACE_OUTER_BOUND('',#1024,.T.);
#673=FACE_OUTER_BOUND('',#1032,.T.);
#674=FACE_OUTER_BOUND('',#1034,.T.);
#675=FACE_OUTER_BOUND('',#1035,.T.);
#676=FACE_OUTER_BOUND('',#1038,.T.);
#677=FACE_OUTER_BOUND('',#1039,.T.);
#678=FACE_OUTER_BOUND('',#1040,.T.);
#679=FACE_OUTER_BOUND('',#1041,.T.);
#680=FACE_OUTER_BOUND('',#1042,.T.);
#681=FACE_OUTER_BOUND('',#1043,.T.);
#682=FACE_OUTER_BOUND('',#1044,.T.);
#683=FACE_OUTER_BOUND('',#1047,.T.);
#684=FACE_OUTER_BOUND('',#1049,.T.);
#685=FACE_OUTER_BOUND('',#1050,.T.);
#686=FACE_OUTER_BOUND('',#1052,.T.);
#687=EDGE_LOOP('',(#3305,#3306,#3307,#3308,#3309,#3310,#3311));
#688=EDGE_LOOP('',(#3312,#3313,#3314,#3315));
#689=EDGE_LOOP('',(#3316,#3317,#3318,#3319));
#690=EDGE_LOOP('',(#3320,#3321,#3322,#3323));
#691=EDGE_LOOP('',(#3324,#3325,#3326,#3327));
#692=EDGE_LOOP('',(#3328,#3329,#3330,#3331));
#693=EDGE_LOOP('',(#3332,#3333,#3334,#3335));
#694=EDGE_LOOP('',(#3336,#3337,#3338,#3339));
#695=EDGE_LOOP('',(#3340,#3341,#3342,#3343));
#696=EDGE_LOOP('',(#3344,#3345,#3346,#3347));
#697=EDGE_LOOP('',(#3348,#3349,#3350,#3351));
#698=EDGE_LOOP('',(#3352,#3353,#3354,#3355));
#699=EDGE_LOOP('',(#3356,#3357,#3358,#3359));
#700=EDGE_LOOP('',(#3360,#3361,#3362,#3363,#3364,#3365,#3366,#3367,#3368,
#3369,#3370,#3371));
#701=EDGE_LOOP('',(#3372,#3373,#3374,#3375));
#702=EDGE_LOOP('',(#3376,#3377,#3378,#3379));
#703=EDGE_LOOP('',(#3380,#3381,#3382,#3383));
#704=EDGE_LOOP('',(#3384,#3385,#3386,#3387));
#705=EDGE_LOOP('',(#3388,#3389,#3390,#3391));
#706=EDGE_LOOP('',(#3392,#3393,#3394,#3395));
#707=EDGE_LOOP('',(#3396,#3397,#3398,#3399));
#708=EDGE_LOOP('',(#3400,#3401,#3402,#3403));
#709=EDGE_LOOP('',(#3404,#3405,#3406,#3407));
#710=EDGE_LOOP('',(#3408,#3409,#3410,#3411));
#711=EDGE_LOOP('',(#3412,#3413,#3414,#3415));
#712=EDGE_LOOP('',(#3416,#3417,#3418,#3419));
#713=EDGE_LOOP('',(#3420,#3421,#3422,#3423,#3424,#3425));
#714=EDGE_LOOP('',(#3426));
#715=EDGE_LOOP('',(#3427,#3428,#3429,#3430));
#716=EDGE_LOOP('',(#3431,#3432,#3433,#3434));
#717=EDGE_LOOP('',(#3435,#3436,#3437,#3438));
#718=EDGE_LOOP('',(#3439,#3440,#3441,#3442));
#719=EDGE_LOOP('',(#3443,#3444,#3445,#3446));
#720=EDGE_LOOP('',(#3447,#3448,#3449,#3450));
#721=EDGE_LOOP('',(#3451,#3452,#3453,#3454));
#722=EDGE_LOOP('',(#3455));
#723=EDGE_LOOP('',(#3456,#3457,#3458,#3459));
#724=EDGE_LOOP('',(#3460,#3461,#3462,#3463));
#725=EDGE_LOOP('',(#3464,#3465,#3466,#3467));
#726=EDGE_LOOP('',(#3468,#3469,#3470,#3471));
#727=EDGE_LOOP('',(#3472,#3473,#3474,#3475));
#728=EDGE_LOOP('',(#3476,#3477,#3478,#3479,#3480,#3481,#3482));
#729=EDGE_LOOP('',(#3483,#3484,#3485,#3486));
#730=EDGE_LOOP('',(#3487,#3488,#3489,#3490));
#731=EDGE_LOOP('',(#3491,#3492,#3493,#3494));
#732=EDGE_LOOP('',(#3495,#3496,#3497,#3498));
#733=EDGE_LOOP('',(#3499,#3500,#3501,#3502));
#734=EDGE_LOOP('',(#3503,#3504,#3505,#3506));
#735=EDGE_LOOP('',(#3507,#3508,#3509,#3510));
#736=EDGE_LOOP('',(#3511));
#737=EDGE_LOOP('',(#3512));
#738=EDGE_LOOP('',(#3513,#3514,#3515,#3516));
#739=EDGE_LOOP('',(#3517,#3518,#3519,#3520));
#740=EDGE_LOOP('',(#3521));
#741=EDGE_LOOP('',(#3522,#3523,#3524,#3525,#3526,#3527,#3528));
#742=EDGE_LOOP('',(#3529,#3530,#3531,#3532));
#743=EDGE_LOOP('',(#3533,#3534,#3535,#3536));
#744=EDGE_LOOP('',(#3537,#3538,#3539,#3540));
#745=EDGE_LOOP('',(#3541,#3542,#3543,#3544));
#746=EDGE_LOOP('',(#3545,#3546,#3547,#3548));
#747=EDGE_LOOP('',(#3549,#3550,#3551,#3552));
#748=EDGE_LOOP('',(#3553,#3554,#3555,#3556));
#749=EDGE_LOOP('',(#3557,#3558,#3559,#3560));
#750=EDGE_LOOP('',(#3561,#3562,#3563,#3564));
#751=EDGE_LOOP('',(#3565,#3566,#3567,#3568));
#752=EDGE_LOOP('',(#3569,#3570,#3571,#3572));
#753=EDGE_LOOP('',(#3573,#3574,#3575,#3576));
#754=EDGE_LOOP('',(#3577,#3578,#3579,#3580));
#755=EDGE_LOOP('',(#3581,#3582,#3583,#3584));
#756=EDGE_LOOP('',(#3585,#3586,#3587,#3588));
#757=EDGE_LOOP('',(#3589,#3590,#3591,#3592));
#758=EDGE_LOOP('',(#3593,#3594,#3595,#3596));
#759=EDGE_LOOP('',(#3597,#3598,#3599,#3600,#3601,#3602));
#760=EDGE_LOOP('',(#3603));
#761=EDGE_LOOP('',(#3604,#3605,#3606,#3607));
#762=EDGE_LOOP('',(#3608,#3609,#3610,#3611));
#763=EDGE_LOOP('',(#3612,#3613,#3614,#3615));
#764=EDGE_LOOP('',(#3616,#3617,#3618,#3619));
#765=EDGE_LOOP('',(#3620,#3621,#3622,#3623));
#766=EDGE_LOOP('',(#3624,#3625,#3626,#3627));
#767=EDGE_LOOP('',(#3628,#3629,#3630,#3631));
#768=EDGE_LOOP('',(#3632));
#769=EDGE_LOOP('',(#3633,#3634,#3635,#3636,#3637,#3638));
#770=EDGE_LOOP('',(#3639));
#771=EDGE_LOOP('',(#3640,#3641,#3642,#3643));
#772=EDGE_LOOP('',(#3644,#3645,#3646,#3647));
#773=EDGE_LOOP('',(#3648,#3649,#3650,#3651));
#774=EDGE_LOOP('',(#3652,#3653,#3654,#3655));
#775=EDGE_LOOP('',(#3656,#3657,#3658,#3659));
#776=EDGE_LOOP('',(#3660,#3661,#3662,#3663));
#777=EDGE_LOOP('',(#3664,#3665,#3666,#3667));
#778=EDGE_LOOP('',(#3668));
#779=EDGE_LOOP('',(#3669,#3670,#3671,#3672));
#780=EDGE_LOOP('',(#3673,#3674,#3675,#3676));
#781=EDGE_LOOP('',(#3677,#3678,#3679,#3680));
#782=EDGE_LOOP('',(#3681,#3682,#3683,#3684));
#783=EDGE_LOOP('',(#3685,#3686,#3687,#3688));
#784=EDGE_LOOP('',(#3689,#3690,#3691,#3692,#3693,#3694,#3695,#3696,#3697,
#3698,#3699,#3700));
#785=EDGE_LOOP('',(#3701,#3702,#3703,#3704));
#786=EDGE_LOOP('',(#3705,#3706,#3707,#3708));
#787=EDGE_LOOP('',(#3709,#3710,#3711,#3712));
#788=EDGE_LOOP('',(#3713,#3714,#3715,#3716));
#789=EDGE_LOOP('',(#3717,#3718,#3719,#3720));
#790=EDGE_LOOP('',(#3721,#3722,#3723,#3724));
#791=EDGE_LOOP('',(#3725,#3726,#3727,#3728));
#792=EDGE_LOOP('',(#3729,#3730,#3731,#3732));
#793=EDGE_LOOP('',(#3733,#3734,#3735,#3736));
#794=EDGE_LOOP('',(#3737,#3738,#3739,#3740));
#795=EDGE_LOOP('',(#3741,#3742,#3743,#3744));
#796=EDGE_LOOP('',(#3745,#3746,#3747,#3748));
#797=EDGE_LOOP('',(#3749,#3750,#3751,#3752,#3753,#3754));
#798=EDGE_LOOP('',(#3755,#3756,#3757,#3758));
#799=EDGE_LOOP('',(#3759,#3760,#3761,#3762));
#800=EDGE_LOOP('',(#3763,#3764,#3765,#3766));
#801=EDGE_LOOP('',(#3767,#3768,#3769,#3770));
#802=EDGE_LOOP('',(#3771,#3772,#3773,#3774));
#803=EDGE_LOOP('',(#3775,#3776,#3777,#3778));
#804=EDGE_LOOP('',(#3779,#3780));
#805=EDGE_LOOP('',(#3781,#3782));
#806=EDGE_LOOP('',(#3783,#3784,#3785,#3786));
#807=EDGE_LOOP('',(#3787,#3788,#3789,#3790));
#808=EDGE_LOOP('',(#3791,#3792,#3793,#3794));
#809=EDGE_LOOP('',(#3795,#3796,#3797,#3798));
#810=EDGE_LOOP('',(#3799,#3800));
#811=EDGE_LOOP('',(#3801,#3802,#3803,#3804));
#812=EDGE_LOOP('',(#3805,#3806));
#813=EDGE_LOOP('',(#3807,#3808,#3809,#3810));
#814=EDGE_LOOP('',(#3811,#3812,#3813,#3814));
#815=EDGE_LOOP('',(#3815,#3816,#3817,#3818));
#816=EDGE_LOOP('',(#3819,#3820,#3821,#3822));
#817=EDGE_LOOP('',(#3823,#3824,#3825,#3826));
#818=EDGE_LOOP('',(#3827,#3828,#3829,#3830));
#819=EDGE_LOOP('',(#3831,#3832));
#820=EDGE_LOOP('',(#3833,#3834,#3835,#3836,#3837,#3838,#3839));
#821=EDGE_LOOP('',(#3840,#3841,#3842,#3843));
#822=EDGE_LOOP('',(#3844,#3845,#3846,#3847));
#823=EDGE_LOOP('',(#3848,#3849,#3850,#3851));
#824=EDGE_LOOP('',(#3852,#3853,#3854,#3855));
#825=EDGE_LOOP('',(#3856,#3857,#3858,#3859));
#826=EDGE_LOOP('',(#3860,#3861,#3862,#3863));
#827=EDGE_LOOP('',(#3864,#3865,#3866,#3867));
#828=EDGE_LOOP('',(#3868,#3869,#3870,#3871,#3872,#3873,#3874));
#829=EDGE_LOOP('',(#3875,#3876,#3877,#3878));
#830=EDGE_LOOP('',(#3879,#3880,#3881,#3882));
#831=EDGE_LOOP('',(#3883,#3884,#3885,#3886));
#832=EDGE_LOOP('',(#3887,#3888,#3889,#3890));
#833=EDGE_LOOP('',(#3891,#3892,#3893,#3894));
#834=EDGE_LOOP('',(#3895,#3896,#3897,#3898));
#835=EDGE_LOOP('',(#3899,#3900,#3901,#3902));
#836=EDGE_LOOP('',(#3903,#3904,#3905));
#837=EDGE_LOOP('',(#3906,#3907));
#838=EDGE_LOOP('',(#3908,#3909));
#839=EDGE_LOOP('',(#3910,#3911,#3912,#3913));
#840=EDGE_LOOP('',(#3914,#3915,#3916,#3917));
#841=EDGE_LOOP('',(#3918,#3919,#3920,#3921));
#842=EDGE_LOOP('',(#3922,#3923,#3924,#3925));
#843=EDGE_LOOP('',(#3926,#3927,#3928,#3929));
#844=EDGE_LOOP('',(#3930,#3931,#3932,#3933));
#845=EDGE_LOOP('',(#3934,#3935,#3936,#3937));
#846=EDGE_LOOP('',(#3938,#3939));
#847=EDGE_LOOP('',(#3940,#3941));
#848=EDGE_LOOP('',(#3942,#3943,#3944,#3945,#3946,#3947,#3948));
#849=EDGE_LOOP('',(#3949,#3950,#3951,#3952));
#850=EDGE_LOOP('',(#3953,#3954,#3955,#3956));
#851=EDGE_LOOP('',(#3957,#3958,#3959,#3960));
#852=EDGE_LOOP('',(#3961,#3962,#3963,#3964));
#853=EDGE_LOOP('',(#3965,#3966,#3967,#3968));
#854=EDGE_LOOP('',(#3969,#3970,#3971,#3972));
#855=EDGE_LOOP('',(#3973,#3974,#3975,#3976));
#856=EDGE_LOOP('',(#3977,#3978,#3979,#3980));
#857=EDGE_LOOP('',(#3981,#3982,#3983,#3984));
#858=EDGE_LOOP('',(#3985,#3986,#3987,#3988));
#859=EDGE_LOOP('',(#3989,#3990,#3991,#3992));
#860=EDGE_LOOP('',(#3993,#3994,#3995,#3996));
#861=EDGE_LOOP('',(#3997,#3998,#3999,#4000));
#862=EDGE_LOOP('',(#4001,#4002,#4003,#4004));
#863=EDGE_LOOP('',(#4005,#4006,#4007,#4008));
#864=EDGE_LOOP('',(#4009,#4010,#4011,#4012));
#865=EDGE_LOOP('',(#4013,#4014,#4015,#4016));
#866=EDGE_LOOP('',(#4017,#4018,#4019,#4020));
#867=EDGE_LOOP('',(#4021,#4022,#4023,#4024));
#868=EDGE_LOOP('',(#4025,#4026,#4027,#4028));
#869=EDGE_LOOP('',(#4029,#4030,#4031,#4032));
#870=EDGE_LOOP('',(#4033,#4034,#4035,#4036));
#871=EDGE_LOOP('',(#4037,#4038,#4039,#4040));
#872=EDGE_LOOP('',(#4041,#4042,#4043,#4044));
#873=EDGE_LOOP('',(#4045,#4046,#4047,#4048));
#874=EDGE_LOOP('',(#4049,#4050,#4051,#4052));
#875=EDGE_LOOP('',(#4053,#4054,#4055,#4056));
#876=EDGE_LOOP('',(#4057,#4058,#4059,#4060,#4061));
#877=EDGE_LOOP('',(#4062,#4063,#4064,#4065));
#878=EDGE_LOOP('',(#4066,#4067,#4068,#4069));
#879=EDGE_LOOP('',(#4070,#4071,#4072,#4073,#4074));
#880=EDGE_LOOP('',(#4075,#4076,#4077,#4078));
#881=EDGE_LOOP('',(#4079,#4080,#4081,#4082));
#882=EDGE_LOOP('',(#4083,#4084,#4085,#4086));
#883=EDGE_LOOP('',(#4087,#4088,#4089,#4090));
#884=EDGE_LOOP('',(#4091,#4092,#4093,#4094,#4095));
#885=EDGE_LOOP('',(#4096,#4097,#4098,#4099));
#886=EDGE_LOOP('',(#4100,#4101,#4102,#4103,#4104));
#887=EDGE_LOOP('',(#4105,#4106,#4107,#4108));
#888=EDGE_LOOP('',(#4109,#4110,#4111,#4112));
#889=EDGE_LOOP('',(#4113,#4114,#4115,#4116));
#890=EDGE_LOOP('',(#4117,#4118,#4119,#4120));
#891=EDGE_LOOP('',(#4121));
#892=EDGE_LOOP('',(#4122,#4123,#4124,#4125));
#893=EDGE_LOOP('',(#4126,#4127,#4128,#4129));
#894=EDGE_LOOP('',(#4130,#4131,#4132));
#895=EDGE_LOOP('',(#4133,#4134,#4135,#4136));
#896=EDGE_LOOP('',(#4137,#4138,#4139));
#897=EDGE_LOOP('',(#4140,#4141,#4142,#4143));
#898=EDGE_LOOP('',(#4144,#4145,#4146,#4147,#4148,#4149));
#899=EDGE_LOOP('',(#4150,#4151,#4152,#4153));
#900=EDGE_LOOP('',(#4154,#4155,#4156,#4157));
#901=EDGE_LOOP('',(#4158,#4159,#4160,#4161));
#902=EDGE_LOOP('',(#4162,#4163,#4164,#4165));
#903=EDGE_LOOP('',(#4166,#4167,#4168));
#904=EDGE_LOOP('',(#4169,#4170,#4171,#4172));
#905=EDGE_LOOP('',(#4173,#4174,#4175));
#906=EDGE_LOOP('',(#4176,#4177,#4178,#4179));
#907=EDGE_LOOP('',(#4180,#4181,#4182,#4183,#4184,#4185,#4186,#4187,#4188,
#4189,#4190,#4191,#4192,#4193,#4194,#4195,#4196,#4197));
#908=EDGE_LOOP('',(#4198,#4199,#4200,#4201));
#909=EDGE_LOOP('',(#4202,#4203,#4204,#4205,#4206,#4207));
#910=EDGE_LOOP('',(#4208,#4209,#4210,#4211,#4212,#4213,#4214));
#911=EDGE_LOOP('',(#4215,#4216,#4217,#4218,#4219,#4220,#4221));
#912=EDGE_LOOP('',(#4222,#4223,#4224,#4225));
#913=EDGE_LOOP('',(#4226,#4227,#4228,#4229,#4230,#4231));
#914=EDGE_LOOP('',(#4232,#4233,#4234,#4235,#4236,#4237,#4238,#4239,#4240,
#4241,#4242,#4243));
#915=EDGE_LOOP('',(#4244,#4245));
#916=EDGE_LOOP('',(#4246,#4247,#4248));
#917=EDGE_LOOP('',(#4249,#4250,#4251,#4252,#4253,#4254,#4255));
#918=EDGE_LOOP('',(#4256,#4257,#4258,#4259));
#919=EDGE_LOOP('',(#4260,#4261,#4262,#4263));
#920=EDGE_LOOP('',(#4264,#4265,#4266,#4267,#4268,#4269,#4270));
#921=EDGE_LOOP('',(#4271,#4272,#4273,#4274,#4275,#4276,#4277));
#922=EDGE_LOOP('',(#4278,#4279,#4280,#4281));
#923=EDGE_LOOP('',(#4282,#4283,#4284,#4285,#4286,#4287));
#924=EDGE_LOOP('',(#4288,#4289,#4290,#4291));
#925=EDGE_LOOP('',(#4292,#4293,#4294,#4295,#4296,#4297));
#926=EDGE_LOOP('',(#4298,#4299,#4300,#4301));
#927=EDGE_LOOP('',(#4302));
#928=EDGE_LOOP('',(#4303,#4304,#4305,#4306));
#929=EDGE_LOOP('',(#4307,#4308,#4309,#4310,#4311,#4312,#4313,#4314,#4315,
#4316,#4317,#4318));
#930=EDGE_LOOP('',(#4319,#4320,#4321,#4322,#4323,#4324,#4325));
#931=EDGE_LOOP('',(#4326,#4327,#4328,#4329));
#932=EDGE_LOOP('',(#4330,#4331,#4332,#4333,#4334,#4335,#4336,#4337,#4338,
#4339,#4340,#4341,#4342,#4343,#4344,#4345,#4346,#4347,#4348,#4349,#4350,
#4351));
#933=EDGE_LOOP('',(#4352,#4353,#4354,#4355));
#934=EDGE_LOOP('',(#4356,#4357,#4358,#4359));
#935=EDGE_LOOP('',(#4360,#4361,#4362,#4363));
#936=EDGE_LOOP('',(#4364,#4365,#4366,#4367));
#937=EDGE_LOOP('',(#4368,#4369,#4370));
#938=EDGE_LOOP('',(#4371,#4372,#4373,#4374));
#939=EDGE_LOOP('',(#4375,#4376,#4377));
#940=EDGE_LOOP('',(#4378,#4379,#4380,#4381));
#941=EDGE_LOOP('',(#4382,#4383,#4384,#4385));
#942=EDGE_LOOP('',(#4386,#4387,#4388,#4389));
#943=EDGE_LOOP('',(#4390,#4391,#4392,#4393));
#944=EDGE_LOOP('',(#4394,#4395,#4396));
#945=EDGE_LOOP('',(#4397,#4398,#4399,#4400));
#946=EDGE_LOOP('',(#4401,#4402,#4403));
#947=EDGE_LOOP('',(#4404,#4405,#4406,#4407,#4408));
#948=EDGE_LOOP('',(#4409,#4410,#4411,#4412,#4413));
#949=EDGE_LOOP('',(#4414));
#950=EDGE_LOOP('',(#4415,#4416,#4417,#4418));
#951=EDGE_LOOP('',(#4419,#4420,#4421));
#952=EDGE_LOOP('',(#4422,#4423,#4424,#4425));
#953=EDGE_LOOP('',(#4426,#4427,#4428,#4429));
#954=EDGE_LOOP('',(#4430,#4431,#4432,#4433));
#955=EDGE_LOOP('',(#4434,#4435,#4436));
#956=EDGE_LOOP('',(#4437,#4438,#4439,#4440));
#957=EDGE_LOOP('',(#4441,#4442,#4443,#4444));
#958=EDGE_LOOP('',(#4445,#4446,#4447,#4448));
#959=EDGE_LOOP('',(#4449,#4450,#4451,#4452));
#960=EDGE_LOOP('',(#4453,#4454,#4455,#4456));
#961=EDGE_LOOP('',(#4457,#4458,#4459));
#962=EDGE_LOOP('',(#4460,#4461,#4462,#4463));
#963=EDGE_LOOP('',(#4464,#4465,#4466));
#964=EDGE_LOOP('',(#4467,#4468,#4469,#4470));
#965=EDGE_LOOP('',(#4471,#4472,#4473,#4474,#4475,#4476,#4477));
#966=EDGE_LOOP('',(#4478,#4479,#4480));
#967=EDGE_LOOP('',(#4481,#4482,#4483,#4484));
#968=EDGE_LOOP('',(#4485,#4486,#4487));
#969=EDGE_LOOP('',(#4488,#4489,#4490,#4491));
#970=EDGE_LOOP('',(#4492,#4493,#4494));
#971=EDGE_LOOP('',(#4495,#4496,#4497,#4498));
#972=EDGE_LOOP('',(#4499,#4500,#4501));
#973=EDGE_LOOP('',(#4502,#4503,#4504,#4505));
#974=EDGE_LOOP('',(#4506,#4507,#4508,#4509));
#975=EDGE_LOOP('',(#4510));
#976=EDGE_LOOP('',(#4511,#4512,#4513,#4514));
#977=EDGE_LOOP('',(#4515,#4516,#4517,#4518));
#978=EDGE_LOOP('',(#4519,#4520,#4521,#4522));
#979=EDGE_LOOP('',(#4523,#4524,#4525,#4526));
#980=EDGE_LOOP('',(#4527));
#981=EDGE_LOOP('',(#4528,#4529,#4530,#4531,#4532,#4533,#4534,#4535));
#982=EDGE_LOOP('',(#4536,#4537,#4538,#4539,#4540,#4541,#4542,#4543));
#983=EDGE_LOOP('',(#4544,#4545,#4546,#4547));
#984=EDGE_LOOP('',(#4548,#4549,#4550,#4551));
#985=EDGE_LOOP('',(#4552,#4553,#4554,#4555));
#986=EDGE_LOOP('',(#4556,#4557,#4558,#4559));
#987=EDGE_LOOP('',(#4560,#4561,#4562));
#988=EDGE_LOOP('',(#4563,#4564,#4565,#4566));
#989=EDGE_LOOP('',(#4567,#4568,#4569,#4570));
#990=EDGE_LOOP('',(#4571,#4572,#4573,#4574));
#991=EDGE_LOOP('',(#4575));
#992=EDGE_LOOP('',(#4576));
#993=EDGE_LOOP('',(#4577,#4578,#4579,#4580));
#994=EDGE_LOOP('',(#4581));
#995=EDGE_LOOP('',(#4582));
#996=EDGE_LOOP('',(#4583,#4584,#4585,#4586));
#997=EDGE_LOOP('',(#4587,#4588));
#998=EDGE_LOOP('',(#4589,#4590,#4591,#4592,#4593,#4594));
#999=EDGE_LOOP('',(#4595));
#1000=EDGE_LOOP('',(#4596));
#1001=EDGE_LOOP('',(#4597,#4598,#4599,#4600,#4601,#4602));
#1002=EDGE_LOOP('',(#4603));
#1003=EDGE_LOOP('',(#4604));
#1004=EDGE_LOOP('',(#4605,#4606,#4607,#4608,#4609,#4610));
#1005=EDGE_LOOP('',(#4611,#4612,#4613,#4614,#4615));
#1006=EDGE_LOOP('',(#4616));
#1007=EDGE_LOOP('',(#4617));
#1008=EDGE_LOOP('',(#4618,#4619,#4620,#4621,#4622,#4623));
#1009=EDGE_LOOP('',(#4624,#4625,#4626,#4627));
#1010=EDGE_LOOP('',(#4628));
#1011=EDGE_LOOP('',(#4629));
#1012=EDGE_LOOP('',(#4630,#4631,#4632,#4633));
#1013=EDGE_LOOP('',(#4634));
#1014=EDGE_LOOP('',(#4635,#4636,#4637,#4638));
#1015=EDGE_LOOP('',(#4639,#4640,#4641,#4642,#4643,#4644,#4645,#4646,#4647,
#4648,#4649));
#1016=EDGE_LOOP('',(#4650,#4651,#4652,#4653));
#1017=EDGE_LOOP('',(#4654,#4655,#4656,#4657,#4658,#4659));
#1018=EDGE_LOOP('',(#4660,#4661,#4662,#4663));
#1019=EDGE_LOOP('',(#4664));
#1020=EDGE_LOOP('',(#4665,#4666,#4667,#4668));
#1021=EDGE_LOOP('',(#4669,#4670,#4671,#4672));
#1022=EDGE_LOOP('',(#4673,#4674,#4675,#4676,#4677,#4678,#4679));
#1023=EDGE_LOOP('',(#4680));
#1024=EDGE_LOOP('',(#4681,#4682,#4683,#4684,#4685,#4686));
#1025=EDGE_LOOP('',(#4687));
#1026=EDGE_LOOP('',(#4688));
#1027=EDGE_LOOP('',(#4689,#4690,#4691,#4692));
#1028=EDGE_LOOP('',(#4693));
#1029=EDGE_LOOP('',(#4694));
#1030=EDGE_LOOP('',(#4695));
#1031=EDGE_LOOP('',(#4696));
#1032=EDGE_LOOP('',(#4697,#4698,#4699,#4700,#4701,#4702,#4703,#4704,#4705,
#4706,#4707,#4708,#4709,#4710,#4711,#4712,#4713));
#1033=EDGE_LOOP('',(#4714));
#1034=EDGE_LOOP('',(#4715,#4716,#4717,#4718,#4719,#4720));
#1035=EDGE_LOOP('',(#4721,#4722,#4723,#4724));
#1036=EDGE_LOOP('',(#4725));
#1037=EDGE_LOOP('',(#4726));
#1038=EDGE_LOOP('',(#4727,#4728,#4729,#4730));
#1039=EDGE_LOOP('',(#4731,#4732,#4733,#4734));
#1040=EDGE_LOOP('',(#4735));
#1041=EDGE_LOOP('',(#4736,#4737,#4738,#4739));
#1042=EDGE_LOOP('',(#4740,#4741,#4742,#4743));
#1043=EDGE_LOOP('',(#4744,#4745,#4746,#4747));
#1044=EDGE_LOOP('',(#4748,#4749,#4750,#4751,#4752,#4753,#4754,#4755,#4756,
#4757,#4758,#4759));
#1045=EDGE_LOOP('',(#4760,#4761,#4762,#4763));
#1046=EDGE_LOOP('',(#4764,#4765,#4766,#4767));
#1047=EDGE_LOOP('',(#4768,#4769,#4770,#4771));
#1048=EDGE_LOOP('',(#4772));
#1049=EDGE_LOOP('',(#4773,#4774,#4775,#4776));
#1050=EDGE_LOOP('',(#4777));
#1051=EDGE_LOOP('',(#4778));
#1052=EDGE_LOOP('',(#4779,#4780,#4781,#4782));
#1053=B_SPLINE_CURVE_WITH_KNOTS('',3,(#7004,#7005,#7006,#7007,#7008,#7009,
#7010,#7011,#7012,#7013,#7014,#7015),.UNSPECIFIED.,.F.,.F.,(4,1,1,1,1,1,
1,1,1,4),(0.,0.146667431380723,0.220001147071085,0.256668004916266,0.293334862761447,
0.330001720606628,0.366668578451809,0.403335436296989,0.44000229414217,
0.586669725522894),.UNSPECIFIED.);
#1054=B_SPLINE_CURVE_WITH_KNOTS('',3,(#7019,#7020,#7021,#7022,#7023,#7024,
#7025,#7026,#7027,#7028),.UNSPECIFIED.,.F.,.F.,(4,1,1,1,1,1,1,4),(0.,0.113020278366399,
0.169530417549599,0.226040556732798,0.285519394240954,0.344998231749109,
0.404477069257265,0.46395590676542),.UNSPECIFIED.);
#1055=B_SPLINE_CURVE_WITH_KNOTS('',3,(#7065,#7066,#7067,#7068,#7069,#7070,
#7071,#7072,#7073,#7074,#7075,#7076),.UNSPECIFIED.,.F.,.F.,(4,1,1,1,1,1,
1,1,1,4),(-0.586669725522894,-0.44000229414217,-0.403335436296989,-0.366668578451809,
-0.330001720606628,-0.293334862761447,-0.256668004916266,-0.220001147071085,
-0.146667431380723,0.),.UNSPECIFIED.);
#1056=B_SPLINE_CURVE_WITH_KNOTS('',3,(#7103,#7104,#7105,#7106,#7107,#7108,
#7109,#7110,#7111,#7112),.UNSPECIFIED.,.F.,.F.,(4,1,1,1,1,1,1,4),(-0.46395590676542,
-0.404477069257265,-0.344998231749109,-0.285519394240954,-0.226040556732798,
-0.169530417549599,-0.113020278366399,0.),.UNSPECIFIED.);
#1057=B_SPLINE_CURVE_WITH_KNOTS('',3,(#7225,#7226,#7227,#7228,#7229),
 .UNSPECIFIED.,.F.,.F.,(4,1,4),(0.,0.0372312586876795,0.0744343330624742),
 .UNSPECIFIED.);
#1058=B_SPLINE_CURVE_WITH_KNOTS('',3,(#7233,#7234,#7235,#7236,#7237,#7238,
#7239,#7240,#7241,#7242,#7243,#7244),.UNSPECIFIED.,.F.,.F.,(4,1,1,1,1,1,
1,1,1,4),(0.,0.123797482491693,0.247594964983386,0.358475857637386,0.469356750291387,
0.547278365435855,0.625199980580322,0.779594588990516,0.93398919740071,
1.09597713162967),.UNSPECIFIED.);
#1059=B_SPLINE_CURVE_WITH_KNOTS('',3,(#7248,#7249,#7250,#7251,#7252,#7253,
#7254,#7255,#7256,#7257),.UNSPECIFIED.,.F.,.F.,(4,1,1,1,1,1,1,4),(0.,0.0552519904713234,
0.110503980942647,0.16575597141397,0.221007961885294,0.331511942827941,
0.386763933299264,0.442015923770588),.UNSPECIFIED.);
#1060=B_SPLINE_CURVE_WITH_KNOTS('',3,(#7258,#7259,#7260,#7261,#7262,#7263,
#7264,#7265,#7266),.UNSPECIFIED.,.F.,.F.,(4,1,1,1,1,1,4),(0.,0.133606689303529,
0.267213378607058,0.451275857601742,0.635338336596425,0.831053373702373,
1.02676841080832),.UNSPECIFIED.);
#1061=B_SPLINE_CURVE_WITH_KNOTS('',3,(#7268,#7269,#7270,#7271,#7272,#7273,
#7274,#7275,#7276,#7277,#7278,#7279),.UNSPECIFIED.,.T.,.F.,(4,1,1,1,1,1,
1,1,1,4),(0.,0.183609415378111,0.283000828544749,0.382392241711387,0.448313542716543,
0.5142348437217,0.580156144726856,0.646077445732013,0.750586596509918,0.855095747287823),
 .UNSPECIFIED.);
#1062=B_SPLINE_CURVE_WITH_KNOTS('',3,(#7292,#7293,#7294,#7295,#7296),
 .UNSPECIFIED.,.F.,.F.,(4,1,4),(-0.0744343330624742,-0.0372312586876795,
0.),.UNSPECIFIED.);
#1063=B_SPLINE_CURVE_WITH_KNOTS('',3,(#7328,#7329,#7330,#7331,#7332,#7333,
#7334,#7335,#7336,#7337,#7338,#7339),.UNSPECIFIED.,.F.,.F.,(4,1,1,1,1,1,
1,1,1,4),(-1.09597713162967,-0.93398919740071,-0.779594588990516,-0.625199980580322,
-0.547278365435855,-0.469356750291387,-0.358475857637386,-0.247594964983386,
-0.123797482491693,0.),.UNSPECIFIED.);
#1064=B_SPLINE_CURVE_WITH_KNOTS('',3,(#7366,#7367,#7368,#7369,#7370,#7371,
#7372,#7373,#7374,#7375),.UNSPECIFIED.,.F.,.F.,(4,1,1,1,1,1,1,4),(-0.442015923770588,
-0.386763933299264,-0.331511942827941,-0.221007961885294,-0.16575597141397,
-0.110503980942647,-0.0552519904713234,0.),.UNSPECIFIED.);
#1065=B_SPLINE_CURVE_WITH_KNOTS('',3,(#7395,#7396,#7397,#7398,#7399,#7400,
#7401,#7402,#7403),.UNSPECIFIED.,.F.,.F.,(4,1,1,1,1,1,4),(-1.02676841080832,
-0.831053373702373,-0.635338336596425,-0.451275857601742,-0.267213378607058,
-0.133606689303529,0.),.UNSPECIFIED.);
#1066=B_SPLINE_CURVE_WITH_KNOTS('',3,(#7429,#7430,#7431,#7432,#7433,#7434,
#7435,#7436,#7437,#7438,#7439,#7440),.UNSPECIFIED.,.T.,.F.,(4,1,1,1,1,1,
1,1,1,4),(-0.855095747287823,-0.750586596509918,-0.646077445732013,-0.580156144726856,
-0.5142348437217,-0.448313542716543,-0.382392241711387,-0.283000828544749,
-0.183609415378111,0.),.UNSPECIFIED.);
#1067=B_SPLINE_CURVE_WITH_KNOTS('',3,(#7446,#7447,#7448,#7449,#7450,#7451,
#7452,#7453,#7454,#7455,#7456),.UNSPECIFIED.,.F.,.F.,(4,1,1,1,1,1,1,1,4),
(0.,0.156255531217527,0.312511062435053,0.46876659365258,0.625022124870107,
0.72885430818246,0.832686491494813,0.936518674807166,1.04035085811952),
 .UNSPECIFIED.);
#1068=B_SPLINE_CURVE_WITH_KNOTS('',3,(#7460,#7461,#7462,#7463,#7464,#7465,
#7466,#7467,#7468,#7469,#7470,#7471,#7472),.UNSPECIFIED.,.F.,.F.,(4,1,1,
1,1,1,1,1,1,1,4),(0.,0.16128632932487,0.32257265864974,0.46644394583739,
0.610315233025041,0.764814826260123,0.919314419495205,1.07381401273029,
1.22831360596537,1.40417033096419,1.58002705596301),.UNSPECIFIED.);
#1069=B_SPLINE_CURVE_WITH_KNOTS('',3,(#7498,#7499,#7500,#7501,#7502,#7503,
#7504,#7505,#7506,#7507,#7508),.UNSPECIFIED.,.F.,.F.,(4,1,1,1,1,1,1,1,4),
(-1.04035085811952,-0.936518674807166,-0.832686491494813,-0.72885430818246,
-0.625022124870107,-0.46876659365258,-0.312511062435053,-0.156255531217527,
0.),.UNSPECIFIED.);
#1070=B_SPLINE_CURVE_WITH_KNOTS('',3,(#7542,#7543,#7544,#7545,#7546,#7547,
#7548,#7549,#7550,#7551,#7552,#7553,#7554),.UNSPECIFIED.,.F.,.F.,(4,1,1,
1,1,1,1,1,1,1,4),(-1.58002705596301,-1.40417033096419,-1.22831360596537,
-1.07381401273029,-0.919314419495205,-0.764814826260123,-0.610315233025041,
-0.46644394583739,-0.32257265864974,-0.16128632932487,0.),.UNSPECIFIED.);
#1071=B_SPLINE_CURVE_WITH_KNOTS('',3,(#7565,#7566,#7567,#7568),
 .UNSPECIFIED.,.F.,.F.,(4,4),(0.,0.311077834852004),.UNSPECIFIED.);
#1072=B_SPLINE_CURVE_WITH_KNOTS('',3,(#7572,#7573,#7574,#7575),
 .UNSPECIFIED.,.F.,.F.,(4,4),(0.,0.230533448926611),.UNSPECIFIED.);
#1073=B_SPLINE_CURVE_WITH_KNOTS('',3,(#7598,#7599,#7600,#7601),
 .UNSPECIFIED.,.F.,.F.,(4,4),(-0.311077834852004,0.),.UNSPECIFIED.);
#1074=B_SPLINE_CURVE_WITH_KNOTS('',3,(#7616,#7617,#7618,#7619),
 .UNSPECIFIED.,.F.,.F.,(4,4),(-0.230533448926611,0.),.UNSPECIFIED.);
#1075=B_SPLINE_CURVE_WITH_KNOTS('',3,(#7629,#7630,#7631,#7632,#7633,#7634,
#7635,#7636,#7637,#7638,#7639),.UNSPECIFIED.,.T.,.F.,(4,1,1,1,1,1,1,1,4),
(0.,0.228932547114701,0.457865094229402,0.686797641344103,0.915730188458804,
1.14466273557351,1.37359528268821,1.60252782980291,1.83146037691761),
 .UNSPECIFIED.);
#1076=B_SPLINE_CURVE_WITH_KNOTS('',3,(#7641,#7642,#7643,#7644,#7645,#7646,
#7647,#7648,#7649,#7650,#7651),.UNSPECIFIED.,.T.,.F.,(4,1,1,1,1,1,1,1,4),
(0.,0.156746048975357,0.313492097950714,0.47023814692607,0.626984195901427,
0.783730244876784,0.940476293852141,1.0972223428275,1.25396839180285),
 .UNSPECIFIED.);
#1077=B_SPLINE_CURVE_WITH_KNOTS('',3,(#7675,#7676,#7677,#7678,#7679,#7680,
#7681,#7682,#7683,#7684,#7685),.UNSPECIFIED.,.T.,.F.,(4,1,1,1,1,1,1,1,4),
(-1.83146037691761,-1.60252782980291,-1.37359528268821,-1.14466273557351,
-0.915730188458804,-0.686797641344103,-0.457865094229402,-0.228932547114701,
0.),.UNSPECIFIED.);
#1078=B_SPLINE_CURVE_WITH_KNOTS('',3,(#7710,#7711,#7712,#7713,#7714,#7715,
#7716,#7717,#7718,#7719,#7720),.UNSPECIFIED.,.T.,.F.,(4,1,1,1,1,1,1,1,4),
(-1.25396839180285,-1.0972223428275,-0.940476293852141,-0.783730244876784,
-0.626984195901427,-0.47023814692607,-0.313492097950714,-0.156746048975357,
0.),.UNSPECIFIED.);
#1079=B_SPLINE_CURVE_WITH_KNOTS('',3,(#7728,#7729,#7730,#7731),
 .UNSPECIFIED.,.F.,.F.,(4,4),(0.,0.761965811893059),.UNSPECIFIED.);
#1080=B_SPLINE_CURVE_WITH_KNOTS('',3,(#7735,#7736,#7737,#7738),
 .UNSPECIFIED.,.F.,.F.,(4,4),(0.,0.788790024185527),.UNSPECIFIED.);
#1081=B_SPLINE_CURVE_WITH_KNOTS('',3,(#7759,#7760,#7761,#7762),
 .UNSPECIFIED.,.F.,.F.,(4,4),(-0.761965811893059,0.),.UNSPECIFIED.);
#1082=B_SPLINE_CURVE_WITH_KNOTS('',3,(#7777,#7778,#7779,#7780),
 .UNSPECIFIED.,.F.,.F.,(4,4),(-0.788790024185527,0.),.UNSPECIFIED.);
#1083=B_SPLINE_CURVE_WITH_KNOTS('',3,(#7849,#7850,#7851,#7852,#7853,#7854,
#7855,#7856,#7857),.UNSPECIFIED.,.F.,.F.,(4,1,1,1,1,1,4),(0.,0.0954291642872929,
0.190858328574586,0.306453620249221,0.422048911923856,0.523442293076616,
0.624835674229376),.UNSPECIFIED.);
#1084=B_SPLINE_CURVE_WITH_KNOTS('',3,(#7864,#7865,#7866,#7867,#7868,#7869,
#7870,#7871,#7872,#7873,#7874,#7875,#7876,#7877,#7878),.UNSPECIFIED.,.T.,
 .F.,(4,1,1,1,1,1,1,1,1,1,1,1,4),(0.,0.0760562082046435,0.114084312306965,
0.152112416409287,0.190140520511609,0.22816862461393,0.304224832818574,
0.380281041023217,0.418309145125539,0.456337249227861,0.494365353330183,
0.532393457432504,0.608449665637148),.UNSPECIFIED.);
#1085=B_SPLINE_CURVE_WITH_KNOTS('',3,(#7908,#7909,#7910,#7911,#7912,#7913,
#7914,#7915,#7916),.UNSPECIFIED.,.F.,.F.,(4,1,1,1,1,1,4),(-0.624835674229376,
-0.523442293076616,-0.422048911923856,-0.306453620249221,-0.190858328574586,
-0.0954291642872929,0.),.UNSPECIFIED.);
#1086=B_SPLINE_CURVE_WITH_KNOTS('',3,(#7959,#7960,#7961,#7962,#7963,#7964,
#7965,#7966,#7967,#7968,#7969,#7970,#7971,#7972,#7973),.UNSPECIFIED.,.T.,
 .F.,(4,1,1,1,1,1,1,1,1,1,1,1,4),(-0.608449665637148,-0.532393457432504,
-0.494365353330183,-0.456337249227861,-0.418309145125539,-0.380281041023217,
-0.304224832818574,-0.22816862461393,-0.190140520511609,-0.152112416409287,
-0.114084312306965,-0.0760562082046435,0.),.UNSPECIFIED.);
#1087=B_SPLINE_CURVE_WITH_KNOTS('',3,(#7979,#7980,#7981,#7982,#7983,#7984,
#7985,#7986,#7987,#7988,#7989,#7990,#7991,#7992,#7993),.UNSPECIFIED.,.F.,
 .F.,(4,1,1,1,1,1,1,1,1,1,1,1,4),(0.,0.0353459255607931,0.0706918511215861,
0.141383702243172,0.425715589961061,0.567881533820006,0.71004747767895,
0.894886552778747,1.07972562787854,1.34992629492498,1.51332619647233,1.67672609801969,
1.8461533778139),.UNSPECIFIED.);
#1088=B_SPLINE_CURVE_WITH_KNOTS('',3,(#7997,#7998,#7999,#8000,#8001,#8002,
#8003,#8004,#8005,#8006,#8007,#8008,#8009,#8010,#8011,#8012,#8013,#8014),
 .UNSPECIFIED.,.F.,.F.,(4,1,1,1,1,1,1,1,1,1,1,1,1,1,1,4),(0.,0.278969621594031,
0.425903825614156,0.572838029634282,0.808307019961973,1.04377601028966,
1.22408464505224,1.31423896243353,1.40439327981481,1.42190363390134,1.43941398798787,
1.4569243420744,1.47443469616093,1.50945540433399,1.54447611250704,1.68455894519928),
 .UNSPECIFIED.);
#1089=B_SPLINE_CURVE_WITH_KNOTS('',3,(#8019,#8020,#8021,#8022,#8023,#8024,
#8025,#8026,#8027,#8028,#8029,#8030),.UNSPECIFIED.,.F.,.F.,(4,1,1,1,1,1,
1,1,1,4),(0.,0.0423098932645773,0.0846197865291546,0.169239573058309,0.290895947579811,
0.412552322101313,0.463969060020712,0.515385797940111,0.56680253585951,
0.618219273778909),.UNSPECIFIED.);
#1090=B_SPLINE_CURVE_WITH_KNOTS('',3,(#8032,#8033,#8034,#8035,#8036,#8037,
#8038,#8039,#8040,#8041,#8042,#8043,#8044,#8045),.UNSPECIFIED.,.T.,.F.,
(4,1,1,1,1,1,1,1,1,1,1,4),(0.,0.0734169061589657,0.146833812317931,0.183542265397414,
0.220250718476897,0.25695917155638,0.293667624635863,0.367084530794829,
0.440501436953794,0.477209890033277,0.51391834311276,0.587335249271726),
 .UNSPECIFIED.);
#1091=B_SPLINE_CURVE_WITH_KNOTS('',3,(#8078,#8079,#8080,#8081,#8082,#8083,
#8084,#8085,#8086,#8087,#8088,#8089,#8090,#8091,#8092),.UNSPECIFIED.,.F.,
 .F.,(4,1,1,1,1,1,1,1,1,1,1,1,4),(-1.8461533778139,-1.67672609801969,-1.51332619647233,
-1.34992629492498,-1.07972562787854,-0.894886552778747,-0.71004747767895,
-0.567881533820006,-0.425715589961061,-0.141383702243172,-0.0706918511215861,
-0.0353459255607931,0.),.UNSPECIFIED.);
#1092=B_SPLINE_CURVE_WITH_KNOTS('',3,(#8136,#8137,#8138,#8139,#8140,#8141,
#8142,#8143,#8144,#8145,#8146,#8147,#8148,#8149,#8150,#8151,#8152,#8153),
 .UNSPECIFIED.,.F.,.F.,(4,1,1,1,1,1,1,1,1,1,1,1,1,1,1,4),(-1.68455894519928,
-1.54447611250704,-1.50945540433399,-1.47443469616093,-1.4569243420744,
-1.43941398798787,-1.42190363390134,-1.40439327981481,-1.31423896243353,
-1.22408464505224,-1.04377601028966,-0.808307019961973,-0.572838029634282,
-0.425903825614156,-0.278969621594031,0.),.UNSPECIFIED.);
#1093=B_SPLINE_CURVE_WITH_KNOTS('',3,(#8187,#8188,#8189,#8190,#8191,#8192,
#8193,#8194,#8195,#8196,#8197,#8198),.UNSPECIFIED.,.F.,.F.,(4,1,1,1,1,1,
1,1,1,4),(-0.618219273778909,-0.56680253585951,-0.515385797940111,-0.463969060020712,
-0.412552322101313,-0.290895947579811,-0.169239573058309,-0.0846197865291546,
-0.0423098932645773,0.),.UNSPECIFIED.);
#1094=B_SPLINE_CURVE_WITH_KNOTS('',3,(#8228,#8229,#8230,#8231,#8232,#8233,
#8234,#8235,#8236,#8237,#8238,#8239,#8240,#8241),.UNSPECIFIED.,.T.,.F.,
(4,1,1,1,1,1,1,1,1,1,1,4),(-0.587335249271726,-0.51391834311276,-0.477209890033277,
-0.440501436953794,-0.367084530794829,-0.293667624635863,-0.25695917155638,
-0.220250718476897,-0.183542265397414,-0.146833812317931,-0.0734169061589657,
0.),.UNSPECIFIED.);
#1095=B_SPLINE_CURVE_WITH_KNOTS('',3,(#8382,#8383,#8384,#8385,#8386,#8387,
#8388,#8389,#8390,#8391,#8392,#8393,#8394),.UNSPECIFIED.,.F.,.F.,(4,1,1,
1,1,1,1,1,1,1,4),(0.,0.312680195295558,0.469020292943337,0.625360390591116,
0.868353457032873,0.989849990253751,1.11134652347463,1.29081959523093,1.47029266698722,
1.64976573874352,1.82923881049982),.UNSPECIFIED.);
#1096=B_SPLINE_CURVE_WITH_KNOTS('',3,(#8399,#8400,#8401,#8402,#8403,#8404,
#8405,#8406,#8407,#8408,#8409,#8410),.UNSPECIFIED.,.F.,.F.,(4,1,1,1,1,1,
1,1,1,4),(0.,0.135625633066804,0.271251266133607,0.40687689920041,0.542502532267214,
0.6998716872043,0.857240842141386,0.966862940922309,1.07648503970323,1.29572923726508),
 .UNSPECIFIED.);
#1097=B_SPLINE_CURVE_WITH_KNOTS('',3,(#8439,#8440,#8441,#8442,#8443,#8444,
#8445,#8446,#8447,#8448,#8449,#8450,#8451),.UNSPECIFIED.,.F.,.F.,(4,1,1,
1,1,1,1,1,1,1,4),(-1.82923881049982,-1.64976573874352,-1.47029266698722,
-1.29081959523093,-1.11134652347463,-0.989849990253751,-0.868353457032873,
-0.625360390591116,-0.469020292943337,-0.312680195295558,0.),
 .UNSPECIFIED.);
#1098=B_SPLINE_CURVE_WITH_KNOTS('',3,(#8486,#8487,#8488,#8489,#8490,#8491,
#8492,#8493,#8494,#8495,#8496,#8497),.UNSPECIFIED.,.F.,.F.,(4,1,1,1,1,1,
1,1,1,4),(-1.29572923726508,-1.07648503970323,-0.966862940922309,-0.857240842141386,
-0.6998716872043,-0.542502532267214,-0.40687689920041,-0.271251266133607,
-0.135625633066804,0.),.UNSPECIFIED.);
#1099=B_SPLINE_CURVE_WITH_KNOTS('',3,(#8502,#8503,#8504,#8505,#8506,#8507,
#8508),.UNSPECIFIED.,.F.,.F.,(4,1,1,1,4),(0.,0.125165667583019,0.250331335166037,
0.375497002749056,0.500662670332074),.UNSPECIFIED.);
#1100=B_SPLINE_CURVE_WITH_KNOTS('',3,(#8512,#8513,#8514,#8515,#8516,#8517,
#8518,#8519,#8520,#8521,#8522,#8523,#8524),.UNSPECIFIED.,.F.,.F.,(4,1,1,
1,1,1,1,1,1,1,4),(0.,0.237786827681671,0.475573655363341,0.620179227420601,
0.76478479947786,0.90939037153512,1.05399594359238,1.22350399998075,1.39301205636912,
1.56400371579962,1.73499537523011),.UNSPECIFIED.);
#1101=B_SPLINE_CURVE_WITH_KNOTS('',3,(#8528,#8529,#8530,#8531,#8532,#8533,
#8534),.UNSPECIFIED.,.F.,.F.,(4,1,1,1,4),(0.,0.12845543950358,0.25691087900716,
0.385366318510739,0.513821758014319),.UNSPECIFIED.);
#1102=B_SPLINE_CURVE_WITH_KNOTS('',3,(#8552,#8553,#8554,#8555,#8556,#8557,
#8558),.UNSPECIFIED.,.F.,.F.,(4,1,1,1,4),(-0.500662670332074,-0.375497002749056,
-0.250331335166037,-0.125165667583019,0.),.UNSPECIFIED.);
#1103=B_SPLINE_CURVE_WITH_KNOTS('',3,(#8592,#8593,#8594,#8595,#8596,#8597,
#8598,#8599,#8600,#8601,#8602,#8603,#8604),.UNSPECIFIED.,.F.,.F.,(4,1,1,
1,1,1,1,1,1,1,4),(-1.73499537523011,-1.56400371579962,-1.39301205636912,
-1.22350399998075,-1.05399594359238,-0.90939037153512,-0.76478479947786,
-0.620179227420601,-0.475573655363341,-0.237786827681671,0.),
 .UNSPECIFIED.);
#1104=B_SPLINE_CURVE_WITH_KNOTS('',3,(#8624,#8625,#8626,#8627,#8628,#8629,
#8630),.UNSPECIFIED.,.F.,.F.,(4,1,1,1,4),(-0.513821758014319,-0.385366318510739,
-0.25691087900716,-0.12845543950358,0.),.UNSPECIFIED.);
#1105=B_SPLINE_CURVE_WITH_KNOTS('',3,(#8645,#8646,#8647,#8648),
 .UNSPECIFIED.,.F.,.F.,(4,4),(0.,0.492491969291026),.UNSPECIFIED.);
#1106=B_SPLINE_CURVE_WITH_KNOTS('',3,(#8650,#8651,#8652,#8653),
 .UNSPECIFIED.,.F.,.F.,(4,4),(0.,0.491249283150536),.UNSPECIFIED.);
#1107=B_SPLINE_CURVE_WITH_KNOTS('',3,(#8680,#8681,#8682,#8683),
 .UNSPECIFIED.,.F.,.F.,(4,4),(-0.492491969291026,0.),.UNSPECIFIED.);
#1108=B_SPLINE_CURVE_WITH_KNOTS('',3,(#8694,#8695,#8696,#8697),
 .UNSPECIFIED.,.F.,.F.,(4,4),(-0.491249283150536,0.),.UNSPECIFIED.);
#1109=B_SPLINE_CURVE_WITH_KNOTS('',3,(#8710,#8711,#8712,#8713,#8714,#8715,
#8716,#8717,#8718,#8719,#8720),.UNSPECIFIED.,.F.,.F.,(4,1,1,1,1,1,1,1,4),
(0.,0.297579378696602,0.446369068044903,0.595158757393205,0.667431369299354,
0.739703981205503,0.811976593111652,0.884249205017801,1.1733396526424),
 .UNSPECIFIED.);
#1110=B_SPLINE_CURVE_WITH_KNOTS('',3,(#8724,#8725,#8726,#8727,#8728,#8729,
#8730,#8731,#8732),.UNSPECIFIED.,.F.,.F.,(4,1,1,1,1,1,4),(0.,0.265631662596519,
0.398447493894778,0.531263325193037,0.729587931632045,0.828750234851549,
0.927912538071053),.UNSPECIFIED.);
#1111=B_SPLINE_CURVE_WITH_KNOTS('',3,(#8767,#8768,#8769,#8770,#8771,#8772,
#8773,#8774,#8775,#8776,#8777),.UNSPECIFIED.,.F.,.F.,(4,1,1,1,1,1,1,1,4),
(-1.1733396526424,-0.884249205017801,-0.811976593111652,-0.739703981205503,
-0.667431369299354,-0.595158757393205,-0.446369068044903,-0.297579378696602,
0.),.UNSPECIFIED.);
#1112=B_SPLINE_CURVE_WITH_KNOTS('',3,(#8802,#8803,#8804,#8805,#8806,#8807,
#8808,#8809,#8810),.UNSPECIFIED.,.F.,.F.,(4,1,1,1,1,1,4),(-0.927912538071053,
-0.828750234851549,-0.729587931632045,-0.531263325193037,-0.398447493894778,
-0.265631662596519,0.),.UNSPECIFIED.);
#1113=B_SPLINE_CURVE_WITH_KNOTS('',3,(#8825,#8826,#8827,#8828,#8829,#8830,
#8831,#8832),.UNSPECIFIED.,.F.,.F.,(4,1,1,1,1,4),(0.,0.2658067296602,0.5316134593204,
0.765271162722561,0.882100014423641,0.998928866124721),.UNSPECIFIED.);
#1114=B_SPLINE_CURVE_WITH_KNOTS('',3,(#8834,#8835,#8836,#8837,#8838,#8839,
#8840,#8841),.UNSPECIFIED.,.F.,.F.,(4,1,1,1,1,4),(0.,0.111396098180411,
0.222792196360821,0.445584392721642,0.668376589082464,0.891168785443285),
 .UNSPECIFIED.);
#1115=B_SPLINE_CURVE_WITH_KNOTS('',3,(#8846,#8847,#8848,#8849,#8850,#8851,
#8852,#8853,#8854,#8855,#8856,#8857),.UNSPECIFIED.,.F.,.F.,(4,1,1,1,1,1,
1,1,1,4),(0.,0.141181573679106,0.211772360518659,0.282363147358212,0.367696253435296,
0.453029359512381,0.538362465589465,0.62369557166655,0.735608519781511,
0.847521467896472),.UNSPECIFIED.);
#1116=B_SPLINE_CURVE_WITH_KNOTS('',3,(#8861,#8862,#8863,#8864,#8865,#8866,
#8867,#8868,#8869,#8870,#8871),.UNSPECIFIED.,.F.,.F.,(4,1,1,1,1,1,1,1,4),
(0.,0.151566715653891,0.303133431307783,0.401508912403876,0.49988439349997,
0.598250460278303,0.696616527056636,0.814260010468857,0.931903493881079),
 .UNSPECIFIED.);
#1117=B_SPLINE_CURVE_WITH_KNOTS('',3,(#8890,#8891,#8892,#8893,#8894,#8895,
#8896,#8897),.UNSPECIFIED.,.F.,.F.,(4,1,1,1,1,4),(-0.998928866124721,-0.882100014423641,
-0.765271162722561,-0.5316134593204,-0.2658067296602,0.),.UNSPECIFIED.);
#1118=B_SPLINE_CURVE_WITH_KNOTS('',3,(#8917,#8918,#8919,#8920,#8921,#8922,
#8923,#8924),.UNSPECIFIED.,.F.,.F.,(4,1,1,1,1,4),(-0.891168785443285,-0.668376589082464,
-0.445584392721642,-0.222792196360821,-0.111396098180411,0.),
 .UNSPECIFIED.);
#1119=B_SPLINE_CURVE_WITH_KNOTS('',3,(#8958,#8959,#8960,#8961,#8962,#8963,
#8964,#8965,#8966,#8967,#8968,#8969),.UNSPECIFIED.,.F.,.F.,(4,1,1,1,1,1,
1,1,1,4),(-0.847521467896472,-0.735608519781511,-0.62369557166655,-0.538362465589465,
-0.453029359512381,-0.367696253435296,-0.282363147358212,-0.211772360518659,
-0.141181573679106,0.),.UNSPECIFIED.);
#1120=B_SPLINE_CURVE_WITH_KNOTS('',3,(#8998,#8999,#9000,#9001,#9002,#9003,
#9004,#9005,#9006,#9007,#9008),.UNSPECIFIED.,.F.,.F.,(4,1,1,1,1,1,1,1,4),
(-0.931903493881079,-0.814260010468857,-0.696616527056636,-0.598250460278303,
-0.49988439349997,-0.401508912403876,-0.303133431307783,-0.151566715653891,
0.),.UNSPECIFIED.);
#1121=B_SPLINE_CURVE_WITH_KNOTS('',3,(#9018,#9019,#9020,#9021),
 .UNSPECIFIED.,.F.,.F.,(4,4),(0.,0.155538831838005),.UNSPECIFIED.);
#1122=B_SPLINE_CURVE_WITH_KNOTS('',3,(#9025,#9026,#9027,#9028),
 .UNSPECIFIED.,.F.,.F.,(4,4),(0.,0.115266934172026),.UNSPECIFIED.);
#1123=B_SPLINE_CURVE_WITH_KNOTS('',3,(#9051,#9052,#9053,#9054),
 .UNSPECIFIED.,.F.,.F.,(4,4),(-0.155538831838005,0.),.UNSPECIFIED.);
#1124=B_SPLINE_CURVE_WITH_KNOTS('',3,(#9069,#9070,#9071,#9072),
 .UNSPECIFIED.,.F.,.F.,(4,4),(-0.115266934172026,0.),.UNSPECIFIED.);
#1125=B_SPLINE_CURVE_WITH_KNOTS('',3,(#9083,#9084,#9085,#9086,#9087,#9088,
#9089,#9090,#9091,#9092,#9093,#9094,#9095,#9096,#9097,#9098,#9099,#9100),
 .UNSPECIFIED.,.F.,.F.,(4,1,1,1,1,1,1,1,1,1,1,1,1,1,1,4),(0.,0.0855129608201679,
0.171025921640336,0.286225519080845,0.343825317801099,0.401425116521353,
0.461284724994056,0.521144333466758,0.557435743006405,0.575581447776229,
0.593727152546052,0.6300185620857,0.666309971625347,0.709931608289248,0.731742426621198,
0.753553244953148),.UNSPECIFIED.);
#1126=B_SPLINE_CURVE_WITH_KNOTS('',3,(#9104,#9105,#9106,#9107,#9108,#9109,
#9110,#9111,#9112,#9113,#9114,#9115,#9116,#9117,#9118,#9119,#9120,#9121,
#9122,#9123),.UNSPECIFIED.,.F.,.F.,(4,1,1,1,1,1,1,1,1,1,1,1,1,1,1,1,1,4),
(0.,0.0358585525696039,0.0717171051392078,0.15265627839886,0.233595451658512,
0.282717486823277,0.331839521988041,0.380961557152805,0.430083592317569,
0.476234616180115,0.52238564004266,0.539431339790612,0.556477039538564,
0.590568439034467,0.630398944640405,0.670229450246344,0.710059955852283,
0.749890461458222),.UNSPECIFIED.);
#1127=B_SPLINE_CURVE_WITH_KNOTS('',3,(#9163,#9164,#9165,#9166,#9167,#9168,
#9169,#9170,#9171,#9172,#9173,#9174,#9175,#9176,#9177,#9178,#9179,#9180),
 .UNSPECIFIED.,.F.,.F.,(4,1,1,1,1,1,1,1,1,1,1,1,1,1,1,4),(-0.753553244953148,
-0.731742426621198,-0.709931608289248,-0.666309971625347,-0.6300185620857,
-0.593727152546052,-0.575581447776229,-0.557435743006405,-0.521144333466758,
-0.461284724994056,-0.401425116521353,-0.343825317801099,-0.286225519080845,
-0.171025921640336,-0.0855129608201679,0.),.UNSPECIFIED.);
#1128=B_SPLINE_CURVE_WITH_KNOTS('',3,(#9228,#9229,#9230,#9231,#9232,#9233,
#9234,#9235,#9236,#9237,#9238,#9239,#9240,#9241,#9242,#9243,#9244,#9245,
#9246,#9247),.UNSPECIFIED.,.F.,.F.,(4,1,1,1,1,1,1,1,1,1,1,1,1,1,1,1,1,4),
(-0.749890461458222,-0.710059955852283,-0.670229450246344,-0.630398944640405,
-0.590568439034467,-0.556477039538564,-0.539431339790612,-0.52238564004266,
-0.476234616180115,-0.430083592317569,-0.380961557152805,-0.331839521988041,
-0.282717486823277,-0.233595451658512,-0.15265627839886,-0.0717171051392078,
-0.0358585525696039,0.),.UNSPECIFIED.);
#1129=B_SPLINE_CURVE_WITH_KNOTS('',3,(#9296,#9297,#9298,#9299),
 .UNSPECIFIED.,.F.,.F.,(4,4),(-0.774999999999992,-1.3086753902769E-14),
 .UNSPECIFIED.);
#1130=B_SPLINE_CURVE_WITH_KNOTS('',3,(#9302,#9303,#9304,#9305),
 .UNSPECIFIED.,.F.,.F.,(4,4),(-0.774999999999992,-1.3086753902769E-14),
 .UNSPECIFIED.);
#1131=B_SPLINE_CURVE_WITH_KNOTS('',3,(#9335,#9336,#9337,#9338,#9339,#9340,
#9341),.UNSPECIFIED.,.F.,.F.,(4,1,1,1,4),(-3.14159265359003,-2.2439947525643,
-1.79519580205144,-0.897597901025718,5.50776106875356E-15),
 .UNSPECIFIED.);
#1132=B_SPLINE_CURVE_WITH_KNOTS('',3,(#9344,#9345,#9346,#9347,#9348,#9349,
#9350),.UNSPECIFIED.,.F.,.F.,(4,1,1,1,4),(-3.14159265359003,-2.2439947525643,
-1.79519580205144,-0.897597901025718,5.50776106875356E-15),
 .UNSPECIFIED.);
#1133=B_SPLINE_CURVE_WITH_KNOTS('',3,(#9382,#9383,#9384,#9385,#9386,#9387,
#9388),.UNSPECIFIED.,.F.,.F.,(4,1,1,1,4),(-3.1415926535898,-2.24399475256414,
-1.34639685153849,-0.448798950512829,0.),.UNSPECIFIED.);
#1134=B_SPLINE_CURVE_WITH_KNOTS('',3,(#9389,#9390,#9391,#9392,#9393,#9394,
#9395),.UNSPECIFIED.,.F.,.F.,(4,1,1,1,4),(-3.1415926535898,-2.24399475256414,
-1.34639685153849,-0.448798950512829,0.),.UNSPECIFIED.);
#1135=B_SPLINE_CURVE_WITH_KNOTS('',3,(#9412,#9413,#9414,#9415),
 .UNSPECIFIED.,.F.,.F.,(4,4),(-0.775000000000009,1.55848337991254E-14),
 .UNSPECIFIED.);
#1136=B_SPLINE_CURVE_WITH_KNOTS('',3,(#9416,#9417,#9418,#9419),
 .UNSPECIFIED.,.F.,.F.,(4,4),(-0.775000000000009,1.55848337991254E-14),
 .UNSPECIFIED.);
#1137=B_SPLINE_CURVE_WITH_KNOTS('',3,(#9441,#9442,#9443,#9444),
 .UNSPECIFIED.,.F.,.F.,(4,4),(-0.77499999999999,-1.29063426612674E-14),
 .UNSPECIFIED.);
#1138=B_SPLINE_CURVE_WITH_KNOTS('',3,(#9447,#9448,#9449,#9450),
 .UNSPECIFIED.,.F.,.F.,(4,4),(-0.77499999999999,-1.29063426612674E-14),
 .UNSPECIFIED.);
#1139=B_SPLINE_CURVE_WITH_KNOTS('',3,(#9480,#9481,#9482,#9483,#9484,#9485,
#9486),.UNSPECIFIED.,.F.,.F.,(4,1,1,1,4),(-3.14159265359003,-2.24399475256431,
-1.34639685153858,-0.448798950512858,4.90542411616042E-15),
 .UNSPECIFIED.);
#1140=B_SPLINE_CURVE_WITH_KNOTS('',3,(#9489,#9490,#9491,#9492,#9493,#9494,
#9495),.UNSPECIFIED.,.F.,.F.,(4,1,1,1,4),(-3.14159265359003,-2.24399475256431,
-1.34639685153858,-0.448798950512858,4.90542411616042E-15),
 .UNSPECIFIED.);
#1141=B_SPLINE_CURVE_WITH_KNOTS('',3,(#9527,#9528,#9529,#9530,#9531,#9532,
#9533),.UNSPECIFIED.,.F.,.F.,(4,1,1,1,4),(-3.1415926535898,-2.24399475256414,
-1.34639685153848,-0.89759790102565,8.28129093128937E-15),.UNSPECIFIED.);
#1142=B_SPLINE_CURVE_WITH_KNOTS('',3,(#9534,#9535,#9536,#9537,#9538,#9539,
#9540),.UNSPECIFIED.,.F.,.F.,(4,1,1,1,4),(-3.1415926535898,-2.24399475256414,
-1.34639685153848,-0.89759790102565,8.28129093128937E-15),.UNSPECIFIED.);
#1143=B_SPLINE_CURVE_WITH_KNOTS('',3,(#9557,#9558,#9559,#9560),
 .UNSPECIFIED.,.F.,.F.,(4,4),(-0.775000000000008,1.49473810490045E-14),
 .UNSPECIFIED.);
#1144=B_SPLINE_CURVE_WITH_KNOTS('',3,(#9561,#9562,#9563,#9564),
 .UNSPECIFIED.,.F.,.F.,(4,4),(-0.775000000000008,1.49473810490045E-14),
 .UNSPECIFIED.);
#1145=B_SPLINE_CURVE_WITH_KNOTS('',3,(#9586,#9587,#9588,#9589),
 .UNSPECIFIED.,.F.,.F.,(4,4),(-0.77499999999999,-1.2115308756222E-14),
 .UNSPECIFIED.);
#1146=B_SPLINE_CURVE_WITH_KNOTS('',3,(#9593,#9594,#9595,#9596),
 .UNSPECIFIED.,.F.,.F.,(4,4),(-0.376822792326503,-1.2115308756222E-14),
 .UNSPECIFIED.);
#1147=B_SPLINE_CURVE_WITH_KNOTS('',3,(#9597,#9598,#9599,#9600),
 .UNSPECIFIED.,.F.,.F.,(4,4),(-0.77499999999999,-0.376822792326503),
 .UNSPECIFIED.);
#1148=B_SPLINE_CURVE_WITH_KNOTS('',3,(#9630,#9631,#9632,#9633,#9634,#9635,
#9636),.UNSPECIFIED.,.F.,.F.,(4,1,1,1,4),(-3.14159265358979,-2.24399475256414,
-1.34639685153848,-0.897597901025655,4.41386700729535E-16),
 .UNSPECIFIED.);
#1149=B_SPLINE_CURVE_WITH_KNOTS('',3,(#9639,#9640,#9641,#9642,#9643,#9644,
#9645),.UNSPECIFIED.,.F.,.F.,(4,1,1,1,4),(-3.14159265358979,-2.24399475256414,
-1.34639685153848,-0.897597901025655,4.41386700729535E-16),
 .UNSPECIFIED.);
#1150=B_SPLINE_CURVE_WITH_KNOTS('',3,(#9677,#9678,#9679,#9680,#9681,#9682,
#9683),.UNSPECIFIED.,.F.,.F.,(4,1,1,1,4),(-3.14159265358979,-2.24399475256414,
-1.34639685153848,-0.448798950512827,7.83650386689427E-16),
 .UNSPECIFIED.);
#1151=B_SPLINE_CURVE_WITH_KNOTS('',3,(#9684,#9685,#9686,#9687,#9688,#9689,
#9690),.UNSPECIFIED.,.F.,.F.,(4,1,1,1,4),(-3.14159265358979,-2.24399475256414,
-1.34639685153848,-0.448798950512827,7.83650386689427E-16),
 .UNSPECIFIED.);
#1152=B_SPLINE_CURVE_WITH_KNOTS('',3,(#9707,#9708,#9709,#9710),
 .UNSPECIFIED.,.F.,.F.,(4,4),(-0.775000000000009,1.12185650776712E-14),
 .UNSPECIFIED.);
#1153=B_SPLINE_CURVE_WITH_KNOTS('',3,(#9712,#9713,#9714,#9715),
 .UNSPECIFIED.,.F.,.F.,(4,4),(-0.37682279232649,1.12185650776712E-14),
 .UNSPECIFIED.);
#1154=B_SPLINE_CURVE_WITH_KNOTS('',3,(#9716,#9717,#9718,#9719),
 .UNSPECIFIED.,.F.,.F.,(4,4),(-0.775000000000009,-0.37682279232649),
 .UNSPECIFIED.);
#1155=B_SPLINE_CURVE_WITH_KNOTS('',3,(#9729,#9730,#9731,#9732),
 .UNSPECIFIED.,.F.,.F.,(4,4),(-0.236253450670282,0.),.UNSPECIFIED.);
#1156=B_SPLINE_CURVE_WITH_KNOTS('',3,(#9737,#9738,#9739,#9740),
 .UNSPECIFIED.,.F.,.F.,(4,4),(-0.236253450667432,0.),.UNSPECIFIED.);
#1157=B_SPLINE_CURVE_WITH_KNOTS('',3,(#9777,#9778,#9779,#9780,#9781,#9782,
#9783,#9784,#9785,#9786),.UNSPECIFIED.,.F.,.F.,(4,2,2,2,4),(0.658488792808009,
0.719289317134377,0.801944119469377,0.923883193055012,0.924474873856901),
 .UNSPECIFIED.);
#1158=B_SPLINE_CURVE_WITH_KNOTS('',3,(#9797,#9798,#9799,#9800,#9801,#9802,
#9803,#9804,#9805,#9806),.UNSPECIFIED.,.F.,.F.,(4,2,2,2,4),(-0.00064375049949365,
0.,0.132670066143611,0.22259875531162,0.288749920143364),.UNSPECIFIED.);
#1159=B_SPLINE_CURVE_WITH_KNOTS('',3,(#9824,#9825,#9826,#9827,#9828,#9829),
 .UNSPECIFIED.,.F.,.F.,(4,2,4),(1.86001065032249,2.06379341727237,2.09499100107544),
 .UNSPECIFIED.);
#1160=B_SPLINE_CURVE_WITH_KNOTS('',3,(#9835,#9836,#9837,#9838,#9839,#9840,
#9841,#9842),.UNSPECIFIED.,.F.,.F.,(4,2,2,4),(0.647884848104491,0.702674367551412,
0.839888521846132,0.840539860989761),.UNSPECIFIED.);
#1161=B_SPLINE_CURVE_WITH_KNOTS('',3,(#9846,#9847,#9848,#9849,#9850,#9851),
 .UNSPECIFIED.,.F.,.F.,(4,2,4),(2.83391050759052,2.91251773705728,3.17130190797389),
 .UNSPECIFIED.);
#1162=B_SPLINE_CURVE_WITH_KNOTS('',3,(#9857,#9858,#9859,#9860,#9861,#9862,
#9863,#9864),.UNSPECIFIED.,.F.,.F.,(4,2,2,4),(-0.000651339509673419,0.,
0.137230237089565,0.192027949424622),.UNSPECIFIED.);
#1163=B_SPLINE_CURVE_WITH_KNOTS('',3,(#10114,#10115,#10116,#10117,#10118,
#10119,#10120,#10121,#10122,#10123,#10124,#10125),.UNSPECIFIED.,.F.,.F.,
(4,2,2,2,2,4),(2.37364139437244,2.61906057292728,2.86447975148212,3.09268322043521,
3.32088668938831,3.38198609019857),.UNSPECIFIED.);
#1164=B_SPLINE_CURVE_WITH_KNOTS('',3,(#10205,#10206,#10207,#10208,#10209,
#10210,#10211,#10212,#10213,#10214,#10215,#10216),.UNSPECIFIED.,.F.,.F.,
(4,2,2,2,2,4),(0.392695666385097,0.453795067195365,0.681998536148457,0.910202005101548,
1.15562118365639,1.40104036221123),.UNSPECIFIED.);
#1165=B_SPLINE_CURVE_WITH_KNOTS('',3,(#10217,#10218,#10219,#10220,#10221,
#10222,#10223,#10224,#10225,#10226,#10227,#10228,#10229,#10230,#10231,#10232,
#10233,#10234,#10235,#10236,#10237,#10238,#10239,#10240,#10241,#10242),
 .UNSPECIFIED.,.F.,.F.,(4,2,2,2,2,2,2,2,2,2,2,2,4),(1.11206792291938,1.39986115456623,
1.86648153942163,2.16947718532548,2.47247283122932,2.74026103759549,3.00804924396167,
3.27583745032785,3.54362565669402,3.84662130259786,4.14961694850171,4.61623733335712,
4.90403056500396),.UNSPECIFIED.);
#1166=B_SPLINE_CURVE_WITH_KNOTS('',3,(#10249,#10250,#10251,#10252,#10253,
#10254,#10255,#10256,#10257,#10258,#10259,#10260,#10261,#10262),
 .UNSPECIFIED.,.F.,.F.,(4,2,2,2,2,2,4),(1.11206792291938,1.39986115456623,
1.86648153942164,2.16947718532548,2.47247283122932,2.7402610375955,3.00804924396167),
 .UNSPECIFIED.);
#1167=B_SPLINE_CURVE_WITH_KNOTS('',3,(#10264,#10265,#10266,#10267,#10268,
#10269,#10270,#10271,#10272,#10273,#10274,#10275),.UNSPECIFIED.,.F.,.F.,
(4,2,2,2,2,4),(0.486085956857625,0.724823656531971,0.976992630251547,1.20330478288789,
1.42961693552423,1.49436128070276),.UNSPECIFIED.);
#1168=B_SPLINE_CURVE_WITH_KNOTS('',3,(#10279,#10280,#10281,#10282,#10283,
#10284,#10285,#10286,#10287,#10288,#10289,#10290),.UNSPECIFIED.,.F.,.F.,
(4,2,2,2,2,4),(2.28000373416661,2.34474807934514,2.57106023198148,2.79737238461782,
3.0495413583374,3.28827905801174),.UNSPECIFIED.);
#1169=B_SPLINE_CURVE_WITH_KNOTS('',3,(#10291,#10292,#10293,#10294,#10295,
#10296,#10297,#10298,#10299,#10300,#10301,#10302,#10303,#10304),
 .UNSPECIFIED.,.F.,.F.,(4,2,2,2,2,2,4),(3.00804924396167,3.27583745032785,
3.54362565669402,3.84662130259787,4.14961694850171,4.61623733335712,4.90403056500396),
 .UNSPECIFIED.);
#1170=B_SPLINE_CURVE_WITH_KNOTS('',3,(#10308,#10309,#10310,#10311,#10312,
#10313,#10314,#10315,#10316,#10317,#10318,#10319,#10320,#10321,#10322,#10323,
#10324,#10325,#10326,#10327,#10328,#10329,#10330,#10331,#10332,#10333,#10334,
#10335,#10336,#10337,#10338,#10339,#10340,#10341),.UNSPECIFIED.,.T.,.F.,
(4,2,2,2,2,2,2,2,2,2,2,2,2,2,2,2,4),(0.,0.131935237710604,0.263870475421209,
0.395805264056246,0.527740052691283,0.65967484132632,0.791609629961357,
0.923544867671961,1.05548010538257,1.18741534309317,1.31935058080377,1.45128536943881,
1.58322015807385,1.71515494670889,1.84708973534392,1.97902497305453,2.11096021076513),
 .UNSPECIFIED.);
#1171=LINE('',#7002,#1631);
#1172=LINE('',#7017,#1632);
#1173=LINE('',#7030,#1633);
#1174=LINE('',#7032,#1634);
#1175=LINE('',#7033,#1635);
#1176=LINE('',#7037,#1636);
#1177=LINE('',#7038,#1637);
#1178=LINE('',#7039,#1638);
#1179=LINE('',#7077,#1639);
#1180=LINE('',#7080,#1640);
#1181=LINE('',#7081,#1641);
#1182=LINE('',#7113,#1642);
#1183=LINE('',#7116,#1643);
#1184=LINE('',#7117,#1644);
#1185=LINE('',#7120,#1645);
#1186=LINE('',#7121,#1646);
#1187=LINE('',#7123,#1647);
#1188=LINE('',#7127,#1648);
#1189=LINE('',#7129,#1649);
#1190=LINE('',#7131,#1650);
#1191=LINE('',#7132,#1651);
#1192=LINE('',#7136,#1652);
#1193=LINE('',#7137,#1653);
#1194=LINE('',#7138,#1654);
#1195=LINE('',#7141,#1655);
#1196=LINE('',#7142,#1656);
#1197=LINE('',#7145,#1657);
#1198=LINE('',#7146,#1658);
#1199=LINE('',#7148,#1659);
#1200=LINE('',#7152,#1660);
#1201=LINE('',#7154,#1661);
#1202=LINE('',#7156,#1662);
#1203=LINE('',#7158,#1663);
#1204=LINE('',#7160,#1664);
#1205=LINE('',#7162,#1665);
#1206=LINE('',#7164,#1666);
#1207=LINE('',#7166,#1667);
#1208=LINE('',#7168,#1668);
#1209=LINE('',#7170,#1669);
#1210=LINE('',#7172,#1670);
#1211=LINE('',#7173,#1671);
#1212=LINE('',#7177,#1672);
#1213=LINE('',#7178,#1673);
#1214=LINE('',#7179,#1674);
#1215=LINE('',#7182,#1675);
#1216=LINE('',#7183,#1676);
#1217=LINE('',#7186,#1677);
#1218=LINE('',#7187,#1678);
#1219=LINE('',#7190,#1679);
#1220=LINE('',#7191,#1680);
#1221=LINE('',#7194,#1681);
#1222=LINE('',#7195,#1682);
#1223=LINE('',#7198,#1683);
#1224=LINE('',#7199,#1684);
#1225=LINE('',#7202,#1685);
#1226=LINE('',#7203,#1686);
#1227=LINE('',#7206,#1687);
#1228=LINE('',#7207,#1688);
#1229=LINE('',#7210,#1689);
#1230=LINE('',#7211,#1690);
#1231=LINE('',#7214,#1691);
#1232=LINE('',#7215,#1692);
#1233=LINE('',#7218,#1693);
#1234=LINE('',#7219,#1694);
#1235=LINE('',#7221,#1695);
#1236=LINE('',#7231,#1696);
#1237=LINE('',#7246,#1697);
#1238=LINE('',#7297,#1698);
#1239=LINE('',#7298,#1699);
#1240=LINE('',#7301,#1700);
#1241=LINE('',#7302,#1701);
#1242=LINE('',#7340,#1702);
#1243=LINE('',#7343,#1703);
#1244=LINE('',#7344,#1704);
#1245=LINE('',#7376,#1705);
#1246=LINE('',#7441,#1706);
#1247=LINE('',#7458,#1707);
#1248=LINE('',#7473,#1708);
#1249=LINE('',#7509,#1709);
#1250=LINE('',#7510,#1710);
#1251=LINE('',#7513,#1711);
#1252=LINE('',#7514,#1712);
#1253=LINE('',#7555,#1713);
#1254=LINE('',#7557,#1714);
#1255=LINE('',#7561,#1715);
#1256=LINE('',#7563,#1716);
#1257=LINE('',#7570,#1717);
#1258=LINE('',#7577,#1718);
#1259=LINE('',#7578,#1719);
#1260=LINE('',#7582,#1720);
#1261=LINE('',#7583,#1721);
#1262=LINE('',#7584,#1722);
#1263=LINE('',#7587,#1723);
#1264=LINE('',#7588,#1724);
#1265=LINE('',#7602,#1725);
#1266=LINE('',#7605,#1726);
#1267=LINE('',#7606,#1727);
#1268=LINE('',#7620,#1728);
#1269=LINE('',#7623,#1729);
#1270=LINE('',#7624,#1730);
#1271=LINE('',#7626,#1731);
#1272=LINE('',#7686,#1732);
#1273=LINE('',#7721,#1733);
#1274=LINE('',#7726,#1734);
#1275=LINE('',#7733,#1735);
#1276=LINE('',#7740,#1736);
#1277=LINE('',#7742,#1737);
#1278=LINE('',#7743,#1738);
#1279=LINE('',#7747,#1739);
#1280=LINE('',#7748,#1740);
#1281=LINE('',#7749,#1741);
#1282=LINE('',#7763,#1742);
#1283=LINE('',#7766,#1743);
#1284=LINE('',#7767,#1744);
#1285=LINE('',#7781,#1745);
#1286=LINE('',#7784,#1746);
#1287=LINE('',#7785,#1747);
#1288=LINE('',#7788,#1748);
#1289=LINE('',#7789,#1749);
#1290=LINE('',#7791,#1750);
#1291=LINE('',#7795,#1751);
#1292=LINE('',#7797,#1752);
#1293=LINE('',#7799,#1753);
#1294=LINE('',#7800,#1754);
#1295=LINE('',#7804,#1755);
#1296=LINE('',#7805,#1756);
#1297=LINE('',#7806,#1757);
#1298=LINE('',#7809,#1758);
#1299=LINE('',#7810,#1759);
#1300=LINE('',#7813,#1760);
#1301=LINE('',#7814,#1761);
#1302=LINE('',#7816,#1762);
#1303=LINE('',#7820,#1763);
#1304=LINE('',#7822,#1764);
#1305=LINE('',#7824,#1765);
#1306=LINE('',#7825,#1766);
#1307=LINE('',#7829,#1767);
#1308=LINE('',#7830,#1768);
#1309=LINE('',#7831,#1769);
#1310=LINE('',#7834,#1770);
#1311=LINE('',#7835,#1771);
#1312=LINE('',#7838,#1772);
#1313=LINE('',#7839,#1773);
#1314=LINE('',#7841,#1774);
#1315=LINE('',#7845,#1775);
#1316=LINE('',#7847,#1776);
#1317=LINE('',#7859,#1777);
#1318=LINE('',#7861,#1778);
#1319=LINE('',#7862,#1779);
#1320=LINE('',#7882,#1780);
#1321=LINE('',#7883,#1781);
#1322=LINE('',#7884,#1782);
#1323=LINE('',#7887,#1783);
#1324=LINE('',#7888,#1784);
#1325=LINE('',#7917,#1785);
#1326=LINE('',#7920,#1786);
#1327=LINE('',#7921,#1787);
#1328=LINE('',#7924,#1788);
#1329=LINE('',#7925,#1789);
#1330=LINE('',#7927,#1790);
#1331=LINE('',#7974,#1791);
#1332=LINE('',#7995,#1792);
#1333=LINE('',#8016,#1793);
#1334=LINE('',#8018,#1794);
#1335=LINE('',#8093,#1795);
#1336=LINE('',#8094,#1796);
#1337=LINE('',#8097,#1797);
#1338=LINE('',#8098,#1798);
#1339=LINE('',#8154,#1799);
#1340=LINE('',#8157,#1800);
#1341=LINE('',#8158,#1801);
#1342=LINE('',#8161,#1802);
#1343=LINE('',#8162,#1803);
#1344=LINE('',#8242,#1804);
#1345=LINE('',#8247,#1805);
#1346=LINE('',#8249,#1806);
#1347=LINE('',#8251,#1807);
#1348=LINE('',#8252,#1808);
#1349=LINE('',#8256,#1809);
#1350=LINE('',#8257,#1810);
#1351=LINE('',#8258,#1811);
#1352=LINE('',#8261,#1812);
#1353=LINE('',#8262,#1813);
#1354=LINE('',#8265,#1814);
#1355=LINE('',#8266,#1815);
#1356=LINE('',#8268,#1816);
#1357=LINE('',#8272,#1817);
#1358=LINE('',#8274,#1818);
#1359=LINE('',#8276,#1819);
#1360=LINE('',#8278,#1820);
#1361=LINE('',#8280,#1821);
#1362=LINE('',#8282,#1822);
#1363=LINE('',#8284,#1823);
#1364=LINE('',#8286,#1824);
#1365=LINE('',#8288,#1825);
#1366=LINE('',#8290,#1826);
#1367=LINE('',#8292,#1827);
#1368=LINE('',#8293,#1828);
#1369=LINE('',#8297,#1829);
#1370=LINE('',#8298,#1830);
#1371=LINE('',#8299,#1831);
#1372=LINE('',#8302,#1832);
#1373=LINE('',#8303,#1833);
#1374=LINE('',#8306,#1834);
#1375=LINE('',#8307,#1835);
#1376=LINE('',#8310,#1836);
#1377=LINE('',#8311,#1837);
#1378=LINE('',#8314,#1838);
#1379=LINE('',#8315,#1839);
#1380=LINE('',#8318,#1840);
#1381=LINE('',#8319,#1841);
#1382=LINE('',#8322,#1842);
#1383=LINE('',#8323,#1843);
#1384=LINE('',#8326,#1844);
#1385=LINE('',#8327,#1845);
#1386=LINE('',#8330,#1846);
#1387=LINE('',#8331,#1847);
#1388=LINE('',#8334,#1848);
#1389=LINE('',#8335,#1849);
#1390=LINE('',#8338,#1850);
#1391=LINE('',#8339,#1851);
#1392=LINE('',#8341,#1852);
#1393=LINE('',#8345,#1853);
#1394=LINE('',#8347,#1854);
#1395=LINE('',#8349,#1855);
#1396=LINE('',#8351,#1856);
#1397=LINE('',#8353,#1857);
#1398=LINE('',#8354,#1858);
#1399=LINE('',#8358,#1859);
#1400=LINE('',#8359,#1860);
#1401=LINE('',#8360,#1861);
#1402=LINE('',#8363,#1862);
#1403=LINE('',#8364,#1863);
#1404=LINE('',#8367,#1864);
#1405=LINE('',#8368,#1865);
#1406=LINE('',#8371,#1866);
#1407=LINE('',#8372,#1867);
#1408=LINE('',#8375,#1868);
#1409=LINE('',#8376,#1869);
#1410=LINE('',#8378,#1870);
#1411=LINE('',#8395,#1871);
#1412=LINE('',#8398,#1872);
#1413=LINE('',#8452,#1873);
#1414=LINE('',#8453,#1874);
#1415=LINE('',#8455,#1875);
#1416=LINE('',#8459,#1876);
#1417=LINE('',#8460,#1877);
#1418=LINE('',#8461,#1878);
#1419=LINE('',#8510,#1879);
#1420=LINE('',#8525,#1880);
#1421=LINE('',#8535,#1881);
#1422=LINE('',#8559,#1882);
#1423=LINE('',#8560,#1883);
#1424=LINE('',#8563,#1884);
#1425=LINE('',#8564,#1885);
#1426=LINE('',#8605,#1886);
#1427=LINE('',#8607,#1887);
#1428=LINE('',#8631,#1888);
#1429=LINE('',#8632,#1889);
#1430=LINE('',#8634,#1890);
#1431=LINE('',#8639,#1891);
#1432=LINE('',#8641,#1892);
#1433=LINE('',#8643,#1893);
#1434=LINE('',#8655,#1894);
#1435=LINE('',#8656,#1895);
#1436=LINE('',#8660,#1896);
#1437=LINE('',#8661,#1897);
#1438=LINE('',#8662,#1898);
#1439=LINE('',#8665,#1899);
#1440=LINE('',#8666,#1900);
#1441=LINE('',#8669,#1901);
#1442=LINE('',#8670,#1902);
#1443=LINE('',#8684,#1903);
#1444=LINE('',#8698,#1904);
#1445=LINE('',#8701,#1905);
#1446=LINE('',#8702,#1906);
#1447=LINE('',#8704,#1907);
#1448=LINE('',#8708,#1908);
#1449=LINE('',#8722,#1909);
#1450=LINE('',#8734,#1910);
#1451=LINE('',#8736,#1911);
#1452=LINE('',#8737,#1912);
#1453=LINE('',#8741,#1913);
#1454=LINE('',#8742,#1914);
#1455=LINE('',#8743,#1915);
#1456=LINE('',#8778,#1916);
#1457=LINE('',#8781,#1917);
#1458=LINE('',#8782,#1918);
#1459=LINE('',#8811,#1919);
#1460=LINE('',#8814,#1920);
#1461=LINE('',#8815,#1921);
#1462=LINE('',#8818,#1922);
#1463=LINE('',#8819,#1923);
#1464=LINE('',#8821,#1924);
#1465=LINE('',#8842,#1925);
#1466=LINE('',#8845,#1926);
#1467=LINE('',#8860,#1927);
#1468=LINE('',#8898,#1928);
#1469=LINE('',#8899,#1929);
#1470=LINE('',#8925,#1930);
#1471=LINE('',#8927,#1931);
#1472=LINE('',#8931,#1932);
#1473=LINE('',#8932,#1933);
#1474=LINE('',#8933,#1934);
#1475=LINE('',#8973,#1935);
#1476=LINE('',#8974,#1936);
#1477=LINE('',#8975,#1937);
#1478=LINE('',#9014,#1938);
#1479=LINE('',#9016,#1939);
#1480=LINE('',#9023,#1940);
#1481=LINE('',#9030,#1941);
#1482=LINE('',#9031,#1942);
#1483=LINE('',#9035,#1943);
#1484=LINE('',#9036,#1944);
#1485=LINE('',#9037,#1945);
#1486=LINE('',#9040,#1946);
#1487=LINE('',#9041,#1947);
#1488=LINE('',#9055,#1948);
#1489=LINE('',#9058,#1949);
#1490=LINE('',#9059,#1950);
#1491=LINE('',#9073,#1951);
#1492=LINE('',#9076,#1952);
#1493=LINE('',#9077,#1953);
#1494=LINE('',#9079,#1954);
#1495=LINE('',#9102,#1955);
#1496=LINE('',#9124,#1956);
#1497=LINE('',#9181,#1957);
#1498=LINE('',#9182,#1958);
#1499=LINE('',#9185,#1959);
#1500=LINE('',#9186,#1960);
#1501=LINE('',#9248,#1961);
#1502=LINE('',#9250,#1962);
#1503=LINE('',#9254,#1963);
#1504=LINE('',#9256,#1964);
#1505=LINE('',#9258,#1965);
#1506=LINE('',#9259,#1966);
#1507=LINE('',#9263,#1967);
#1508=LINE('',#9264,#1968);
#1509=LINE('',#9265,#1969);
#1510=LINE('',#9268,#1970);
#1511=LINE('',#9269,#1971);
#1512=LINE('',#9272,#1972);
#1513=LINE('',#9273,#1973);
#1514=LINE('',#9275,#1974);
#1515=LINE('',#9294,#1975);
#1516=LINE('',#9301,#1976);
#1517=LINE('',#9343,#1977);
#1518=LINE('',#9381,#1978);
#1519=LINE('',#9439,#1979);
#1520=LINE('',#9446,#1980);
#1521=LINE('',#9488,#1981);
#1522=LINE('',#9526,#1982);
#1523=LINE('',#9584,#1983);
#1524=LINE('',#9591,#1984);
#1525=LINE('',#9638,#1985);
#1526=LINE('',#9676,#1986);
#1527=LINE('',#9724,#1987);
#1528=LINE('',#9726,#1988);
#1529=LINE('',#9728,#1989);
#1530=LINE('',#9744,#1990);
#1531=LINE('',#9746,#1991);
#1532=LINE('',#9747,#1992);
#1533=LINE('',#9750,#1993);
#1534=LINE('',#9756,#1994);
#1535=LINE('',#9757,#1995);
#1536=LINE('',#9760,#1996);
#1537=LINE('',#9764,#1997);
#1538=LINE('',#9766,#1998);
#1539=LINE('',#9868,#1999);
#1540=LINE('',#9871,#2000);
#1541=LINE('',#9874,#2001);
#1542=LINE('',#9881,#2002);
#1543=LINE('',#9884,#2003);
#1544=LINE('',#9889,#2004);
#1545=LINE('',#9892,#2005);
#1546=LINE('',#9903,#2006);
#1547=LINE('',#9904,#2007);
#1548=LINE('',#9911,#2008);
#1549=LINE('',#9914,#2009);
#1550=LINE('',#9931,#2010);
#1551=LINE('',#9935,#2011);
#1552=LINE('',#9939,#2012);
#1553=LINE('',#9950,#2013);
#1554=LINE('',#9958,#2014);
#1555=LINE('',#9962,#2015);
#1556=LINE('',#9967,#2016);
#1557=LINE('',#9971,#2017);
#1558=LINE('',#9975,#2018);
#1559=LINE('',#9978,#2019);
#1560=LINE('',#9979,#2020);
#1561=LINE('',#9985,#2021);
#1562=LINE('',#9989,#2022);
#1563=LINE('',#9998,#2023);
#1564=LINE('',#10004,#2024);
#1565=LINE('',#10014,#2025);
#1566=LINE('',#10024,#2026);
#1567=LINE('',#10061,#2027);
#1568=LINE('',#10068,#2028);
#1569=LINE('',#10085,#2029);
#1570=LINE('',#10093,#2030);
#1571=LINE('',#10102,#2031);
#1572=LINE('',#10107,#2032);
#1573=LINE('',#10112,#2033);
#1574=LINE('',#10126,#2034);
#1575=LINE('',#10129,#2035);
#1576=LINE('',#10131,#2036);
#1577=LINE('',#10139,#2037);
#1578=LINE('',#10143,#2038);
#1579=LINE('',#10148,#2039);
#1580=LINE('',#10152,#2040);
#1581=LINE('',#10157,#2041);
#1582=LINE('',#10161,#2042);
#1583=LINE('',#10166,#2043);
#1584=LINE('',#10170,#2044);
#1585=LINE('',#10174,#2045);
#1586=LINE('',#10176,#2046);
#1587=LINE('',#10178,#2047);
#1588=LINE('',#10179,#2048);
#1589=LINE('',#10186,#2049);
#1590=LINE('',#10190,#2050);
#1591=LINE('',#10192,#2051);
#1592=LINE('',#10193,#2052);
#1593=LINE('',#10203,#2053);
#1594=LINE('',#10247,#2054);
#1595=LINE('',#10307,#2055);
#1596=LINE('',#10345,#2056);
#1597=LINE('',#10347,#2057);
#1598=LINE('',#10348,#2058);
#1599=LINE('',#10351,#2059);
#1600=LINE('',#10354,#2060);
#1601=LINE('',#10359,#2061);
#1602=LINE('',#10363,#2062);
#1603=LINE('',#10367,#2063);
#1604=LINE('',#10372,#2064);
#1605=LINE('',#10379,#2065);
#1606=LINE('',#10389,#2066);
#1607=LINE('',#10399,#2067);
#1608=LINE('',#10409,#2068);
#1609=LINE('',#10416,#2069);
#1610=LINE('',#10417,#2070);
#1611=LINE('',#10425,#2071);
#1612=LINE('',#10432,#2072);
#1613=LINE('',#10433,#2073);
#1614=LINE('',#10439,#2074);
#1615=LINE('',#10444,#2075);
#1616=LINE('',#10447,#2076);
#1617=LINE('',#10451,#2077);
#1618=LINE('',#10454,#2078);
#1619=LINE('',#10455,#2079);
#1620=LINE('',#10458,#2080);
#1621=LINE('',#10462,#2081);
#1622=LINE('',#10464,#2082);
#1623=LINE('',#10468,#2083);
#1624=LINE('',#10469,#2084);
#1625=LINE('',#10480,#2085);
#1626=LINE('',#10485,#2086);
#1627=LINE('',#10489,#2087);
#1628=LINE('',#10493,#2088);
#1629=LINE('',#10494,#2089);
#1630=LINE('',#10502,#2090);
#1631=VECTOR('',#5700,10.);
#1632=VECTOR('',#5701,10.);
#1633=VECTOR('',#5702,10.);
#1634=VECTOR('',#5703,10.);
#1635=VECTOR('',#5704,10.);
#1636=VECTOR('',#5707,10.);
#1637=VECTOR('',#5708,10.);
#1638=VECTOR('',#5709,10.);
#1639=VECTOR('',#5710,10.);
#1640=VECTOR('',#5713,10.);
#1641=VECTOR('',#5714,10.);
#1642=VECTOR('',#5715,10.);
#1643=VECTOR('',#5718,10.);
#1644=VECTOR('',#5719,10.);
#1645=VECTOR('',#5722,10.);
#1646=VECTOR('',#5723,10.);
#1647=VECTOR('',#5726,10.);
#1648=VECTOR('',#5729,10.);
#1649=VECTOR('',#5730,10.);
#1650=VECTOR('',#5731,10.);
#1651=VECTOR('',#5732,10.);
#1652=VECTOR('',#5735,10.);
#1653=VECTOR('',#5736,10.);
#1654=VECTOR('',#5737,10.);
#1655=VECTOR('',#5740,10.);
#1656=VECTOR('',#5741,10.);
#1657=VECTOR('',#5744,10.);
#1658=VECTOR('',#5745,10.);
#1659=VECTOR('',#5748,10.);
#1660=VECTOR('',#5751,10.);
#1661=VECTOR('',#5752,10.);
#1662=VECTOR('',#5753,10.);
#1663=VECTOR('',#5754,10.);
#1664=VECTOR('',#5755,10.);
#1665=VECTOR('',#5756,10.);
#1666=VECTOR('',#5757,10.);
#1667=VECTOR('',#5758,10.);
#1668=VECTOR('',#5759,10.);
#1669=VECTOR('',#5760,10.);
#1670=VECTOR('',#5761,10.);
#1671=VECTOR('',#5762,10.);
#1672=VECTOR('',#5765,10.);
#1673=VECTOR('',#5766,10.);
#1674=VECTOR('',#5767,10.);
#1675=VECTOR('',#5770,10.);
#1676=VECTOR('',#5771,10.);
#1677=VECTOR('',#5774,10.);
#1678=VECTOR('',#5775,10.);
#1679=VECTOR('',#5778,10.);
#1680=VECTOR('',#5779,10.);
#1681=VECTOR('',#5782,10.);
#1682=VECTOR('',#5783,10.);
#1683=VECTOR('',#5786,10.);
#1684=VECTOR('',#5787,10.);
#1685=VECTOR('',#5790,10.);
#1686=VECTOR('',#5791,10.);
#1687=VECTOR('',#5794,10.);
#1688=VECTOR('',#5795,10.);
#1689=VECTOR('',#5798,10.);
#1690=VECTOR('',#5799,10.);
#1691=VECTOR('',#5802,10.);
#1692=VECTOR('',#5803,10.);
#1693=VECTOR('',#5806,10.);
#1694=VECTOR('',#5807,10.);
#1695=VECTOR('',#5810,10.);
#1696=VECTOR('',#5813,10.);
#1697=VECTOR('',#5814,10.);
#1698=VECTOR('',#5815,10.);
#1699=VECTOR('',#5816,10.);
#1700=VECTOR('',#5819,10.);
#1701=VECTOR('',#5820,10.);
#1702=VECTOR('',#5821,10.);
#1703=VECTOR('',#5824,10.);
#1704=VECTOR('',#5825,10.);
#1705=VECTOR('',#5826,10.);
#1706=VECTOR('',#5827,10.);
#1707=VECTOR('',#5832,10.);
#1708=VECTOR('',#5833,10.);
#1709=VECTOR('',#5834,10.);
#1710=VECTOR('',#5835,10.);
#1711=VECTOR('',#5838,10.);
#1712=VECTOR('',#5839,10.);
#1713=VECTOR('',#5840,10.);
#1714=VECTOR('',#5843,10.);
#1715=VECTOR('',#5846,10.);
#1716=VECTOR('',#5847,10.);
#1717=VECTOR('',#5848,10.);
#1718=VECTOR('',#5849,10.);
#1719=VECTOR('',#5850,10.);
#1720=VECTOR('',#5853,10.);
#1721=VECTOR('',#5854,10.);
#1722=VECTOR('',#5855,10.);
#1723=VECTOR('',#5858,10.);
#1724=VECTOR('',#5859,10.);
#1725=VECTOR('',#5860,10.);
#1726=VECTOR('',#5863,10.);
#1727=VECTOR('',#5864,10.);
#1728=VECTOR('',#5865,10.);
#1729=VECTOR('',#5868,10.);
#1730=VECTOR('',#5869,10.);
#1731=VECTOR('',#5872,10.);
#1732=VECTOR('',#5875,10.);
#1733=VECTOR('',#5876,10.);
#1734=VECTOR('',#5881,10.);
#1735=VECTOR('',#5882,10.);
#1736=VECTOR('',#5883,10.);
#1737=VECTOR('',#5884,10.);
#1738=VECTOR('',#5885,10.);
#1739=VECTOR('',#5888,10.);
#1740=VECTOR('',#5889,10.);
#1741=VECTOR('',#5890,10.);
#1742=VECTOR('',#5891,10.);
#1743=VECTOR('',#5894,10.);
#1744=VECTOR('',#5895,10.);
#1745=VECTOR('',#5896,10.);
#1746=VECTOR('',#5899,10.);
#1747=VECTOR('',#5900,10.);
#1748=VECTOR('',#5903,10.);
#1749=VECTOR('',#5904,10.);
#1750=VECTOR('',#5907,10.);
#1751=VECTOR('',#5910,10.);
#1752=VECTOR('',#5911,10.);
#1753=VECTOR('',#5912,10.);
#1754=VECTOR('',#5913,10.);
#1755=VECTOR('',#5916,10.);
#1756=VECTOR('',#5917,10.);
#1757=VECTOR('',#5918,10.);
#1758=VECTOR('',#5921,10.);
#1759=VECTOR('',#5922,10.);
#1760=VECTOR('',#5925,10.);
#1761=VECTOR('',#5926,10.);
#1762=VECTOR('',#5929,10.);
#1763=VECTOR('',#5932,10.);
#1764=VECTOR('',#5933,10.);
#1765=VECTOR('',#5934,10.);
#1766=VECTOR('',#5935,10.);
#1767=VECTOR('',#5938,10.);
#1768=VECTOR('',#5939,10.);
#1769=VECTOR('',#5940,10.);
#1770=VECTOR('',#5943,10.);
#1771=VECTOR('',#5944,10.);
#1772=VECTOR('',#5947,10.);
#1773=VECTOR('',#5948,10.);
#1774=VECTOR('',#5951,10.);
#1775=VECTOR('',#5954,10.);
#1776=VECTOR('',#5955,10.);
#1777=VECTOR('',#5956,10.);
#1778=VECTOR('',#5957,10.);
#1779=VECTOR('',#5958,10.);
#1780=VECTOR('',#5961,10.);
#1781=VECTOR('',#5962,10.);
#1782=VECTOR('',#5963,10.);
#1783=VECTOR('',#5966,10.);
#1784=VECTOR('',#5967,10.);
#1785=VECTOR('',#5968,10.);
#1786=VECTOR('',#5971,10.);
#1787=VECTOR('',#5972,10.);
#1788=VECTOR('',#5975,10.);
#1789=VECTOR('',#5976,10.);
#1790=VECTOR('',#5979,10.);
#1791=VECTOR('',#5980,10.);
#1792=VECTOR('',#5985,10.);
#1793=VECTOR('',#5986,10.);
#1794=VECTOR('',#5987,10.);
#1795=VECTOR('',#5988,10.);
#1796=VECTOR('',#5989,10.);
#1797=VECTOR('',#5992,10.);
#1798=VECTOR('',#5993,10.);
#1799=VECTOR('',#5994,10.);
#1800=VECTOR('',#5997,10.);
#1801=VECTOR('',#5998,10.);
#1802=VECTOR('',#6001,10.);
#1803=VECTOR('',#6002,10.);
#1804=VECTOR('',#6003,10.);
#1805=VECTOR('',#6008,10.);
#1806=VECTOR('',#6009,10.);
#1807=VECTOR('',#6010,10.);
#1808=VECTOR('',#6011,10.);
#1809=VECTOR('',#6014,10.);
#1810=VECTOR('',#6015,10.);
#1811=VECTOR('',#6016,10.);
#1812=VECTOR('',#6019,10.);
#1813=VECTOR('',#6020,10.);
#1814=VECTOR('',#6023,10.);
#1815=VECTOR('',#6024,10.);
#1816=VECTOR('',#6027,10.);
#1817=VECTOR('',#6030,10.);
#1818=VECTOR('',#6031,10.);
#1819=VECTOR('',#6032,10.);
#1820=VECTOR('',#6033,10.);
#1821=VECTOR('',#6034,10.);
#1822=VECTOR('',#6035,10.);
#1823=VECTOR('',#6036,10.);
#1824=VECTOR('',#6037,10.);
#1825=VECTOR('',#6038,10.);
#1826=VECTOR('',#6039,10.);
#1827=VECTOR('',#6040,10.);
#1828=VECTOR('',#6041,10.);
#1829=VECTOR('',#6044,10.);
#1830=VECTOR('',#6045,10.);
#1831=VECTOR('',#6046,10.);
#1832=VECTOR('',#6049,10.);
#1833=VECTOR('',#6050,10.);
#1834=VECTOR('',#6053,10.);
#1835=VECTOR('',#6054,10.);
#1836=VECTOR('',#6057,10.);
#1837=VECTOR('',#6058,10.);
#1838=VECTOR('',#6061,10.);
#1839=VECTOR('',#6062,10.);
#1840=VECTOR('',#6065,10.);
#1841=VECTOR('',#6066,10.);
#1842=VECTOR('',#6069,10.);
#1843=VECTOR('',#6070,10.);
#1844=VECTOR('',#6073,10.);
#1845=VECTOR('',#6074,10.);
#1846=VECTOR('',#6077,10.);
#1847=VECTOR('',#6078,10.);
#1848=VECTOR('',#6081,10.);
#1849=VECTOR('',#6082,10.);
#1850=VECTOR('',#6085,10.);
#1851=VECTOR('',#6086,10.);
#1852=VECTOR('',#6089,10.);
#1853=VECTOR('',#6092,10.);
#1854=VECTOR('',#6093,10.);
#1855=VECTOR('',#6094,10.);
#1856=VECTOR('',#6095,10.);
#1857=VECTOR('',#6096,10.);
#1858=VECTOR('',#6097,10.);
#1859=VECTOR('',#6100,10.);
#1860=VECTOR('',#6101,10.);
#1861=VECTOR('',#6102,10.);
#1862=VECTOR('',#6105,10.);
#1863=VECTOR('',#6106,10.);
#1864=VECTOR('',#6109,10.);
#1865=VECTOR('',#6110,10.);
#1866=VECTOR('',#6113,10.);
#1867=VECTOR('',#6114,10.);
#1868=VECTOR('',#6117,10.);
#1869=VECTOR('',#6118,10.);
#1870=VECTOR('',#6121,10.);
#1871=VECTOR('',#6124,10.);
#1872=VECTOR('',#6125,10.);
#1873=VECTOR('',#6126,10.);
#1874=VECTOR('',#6127,10.);
#1875=VECTOR('',#6130,10.);
#1876=VECTOR('',#6133,10.);
#1877=VECTOR('',#6134,10.);
#1878=VECTOR('',#6135,10.);
#1879=VECTOR('',#6140,10.);
#1880=VECTOR('',#6141,10.);
#1881=VECTOR('',#6142,10.);
#1882=VECTOR('',#6143,10.);
#1883=VECTOR('',#6144,10.);
#1884=VECTOR('',#6147,10.);
#1885=VECTOR('',#6148,10.);
#1886=VECTOR('',#6149,10.);
#1887=VECTOR('',#6152,10.);
#1888=VECTOR('',#6153,10.);
#1889=VECTOR('',#6154,10.);
#1890=VECTOR('',#6157,10.);
#1891=VECTOR('',#6162,10.);
#1892=VECTOR('',#6163,10.);
#1893=VECTOR('',#6164,10.);
#1894=VECTOR('',#6165,10.);
#1895=VECTOR('',#6166,10.);
#1896=VECTOR('',#6169,10.);
#1897=VECTOR('',#6170,10.);
#1898=VECTOR('',#6171,10.);
#1899=VECTOR('',#6174,10.);
#1900=VECTOR('',#6175,10.);
#1901=VECTOR('',#6178,10.);
#1902=VECTOR('',#6179,10.);
#1903=VECTOR('',#6180,10.);
#1904=VECTOR('',#6181,10.);
#1905=VECTOR('',#6184,10.);
#1906=VECTOR('',#6185,10.);
#1907=VECTOR('',#6188,10.);
#1908=VECTOR('',#6191,10.);
#1909=VECTOR('',#6192,10.);
#1910=VECTOR('',#6193,10.);
#1911=VECTOR('',#6194,10.);
#1912=VECTOR('',#6195,10.);
#1913=VECTOR('',#6198,10.);
#1914=VECTOR('',#6199,10.);
#1915=VECTOR('',#6200,10.);
#1916=VECTOR('',#6201,10.);
#1917=VECTOR('',#6204,10.);
#1918=VECTOR('',#6205,10.);
#1919=VECTOR('',#6206,10.);
#1920=VECTOR('',#6209,10.);
#1921=VECTOR('',#6210,10.);
#1922=VECTOR('',#6213,10.);
#1923=VECTOR('',#6214,10.);
#1924=VECTOR('',#6217,10.);
#1925=VECTOR('',#6220,10.);
#1926=VECTOR('',#6221,10.);
#1927=VECTOR('',#6222,10.);
#1928=VECTOR('',#6223,10.);
#1929=VECTOR('',#6224,10.);
#1930=VECTOR('',#6225,10.);
#1931=VECTOR('',#6228,10.);
#1932=VECTOR('',#6231,10.);
#1933=VECTOR('',#6232,10.);
#1934=VECTOR('',#6233,10.);
#1935=VECTOR('',#6236,10.);
#1936=VECTOR('',#6237,10.);
#1937=VECTOR('',#6238,10.);
#1938=VECTOR('',#6245,10.);
#1939=VECTOR('',#6246,10.);
#1940=VECTOR('',#6247,10.);
#1941=VECTOR('',#6248,10.);
#1942=VECTOR('',#6249,10.);
#1943=VECTOR('',#6252,10.);
#1944=VECTOR('',#6253,10.);
#1945=VECTOR('',#6254,10.);
#1946=VECTOR('',#6257,10.);
#1947=VECTOR('',#6258,10.);
#1948=VECTOR('',#6259,10.);
#1949=VECTOR('',#6262,10.);
#1950=VECTOR('',#6263,10.);
#1951=VECTOR('',#6264,10.);
#1952=VECTOR('',#6267,10.);
#1953=VECTOR('',#6268,10.);
#1954=VECTOR('',#6271,10.);
#1955=VECTOR('',#6274,10.);
#1956=VECTOR('',#6275,10.);
#1957=VECTOR('',#6276,10.);
#1958=VECTOR('',#6277,10.);
#1959=VECTOR('',#6280,10.);
#1960=VECTOR('',#6281,10.);
#1961=VECTOR('',#6282,10.);
#1962=VECTOR('',#6285,10.);
#1963=VECTOR('',#6288,10.);
#1964=VECTOR('',#6289,10.);
#1965=VECTOR('',#6290,10.);
#1966=VECTOR('',#6291,10.);
#1967=VECTOR('',#6294,10.);
#1968=VECTOR('',#6295,10.);
#1969=VECTOR('',#6296,10.);
#1970=VECTOR('',#6299,10.);
#1971=VECTOR('',#6300,10.);
#1972=VECTOR('',#6303,10.);
#1973=VECTOR('',#6304,10.);
#1974=VECTOR('',#6307,10.);
#1975=VECTOR('',#6308,10.);
#1976=VECTOR('',#6309,10.);
#1977=VECTOR('',#6310,10.);
#1978=VECTOR('',#6311,10.);
#1979=VECTOR('',#6314,10.);
#1980=VECTOR('',#6315,10.);
#1981=VECTOR('',#6316,10.);
#1982=VECTOR('',#6317,10.);
#1983=VECTOR('',#6320,10.);
#1984=VECTOR('',#6321,10.);
#1985=VECTOR('',#6322,10.);
#1986=VECTOR('',#6323,10.);
#1987=VECTOR('',#6328,10.);
#1988=VECTOR('',#6329,10.);
#1989=VECTOR('',#6330,10.);
#1990=VECTOR('',#6339,10.);
#1991=VECTOR('',#6340,10.);
#1992=VECTOR('',#6341,10.);
#1993=VECTOR('',#6344,10.);
#1994=VECTOR('',#6345,10.);
#1995=VECTOR('',#6346,10.);
#1996=VECTOR('',#6349,10.);
#1997=VECTOR('',#6354,10.);
#1998=VECTOR('',#6355,10.);
#1999=VECTOR('',#6416,10.);
#2000=VECTOR('',#6419,10.);
#2001=VECTOR('',#6422,10.);
#2002=VECTOR('',#6429,10.);
#2003=VECTOR('',#6432,10.);
#2004=VECTOR('',#6437,10.);
#2005=VECTOR('',#6440,10.);
#2006=VECTOR('',#6453,10.);
#2007=VECTOR('',#6454,10.);
#2008=VECTOR('',#6463,10.);
#2009=VECTOR('',#6466,10.);
#2010=VECTOR('',#6487,10.);
#2011=VECTOR('',#6490,10.);
#2012=VECTOR('',#6493,10.);
#2013=VECTOR('',#6504,10.);
#2014=VECTOR('',#6515,10.);
#2015=VECTOR('',#6518,57.5);
#2016=VECTOR('',#6523,10.);
#2017=VECTOR('',#6526,10.);
#2018=VECTOR('',#6529,10.);
#2019=VECTOR('',#6532,10.);
#2020=VECTOR('',#6533,10.);
#2021=VECTOR('',#6540,10.);
#2022=VECTOR('',#6545,10.);
#2023=VECTOR('',#6558,10.);
#2024=VECTOR('',#6567,10.);
#2025=VECTOR('',#6584,10.);
#2026=VECTOR('',#6601,10.);
#2027=VECTOR('',#6614,4.);
#2028=VECTOR('',#6623,10.);
#2029=VECTOR('',#6648,10.);
#2030=VECTOR('',#6661,10.);
#2031=VECTOR('',#6676,10.);
#2032=VECTOR('',#6683,10.);
#2033=VECTOR('',#6690,10.);
#2034=VECTOR('',#6691,10.);
#2035=VECTOR('',#6694,10.);
#2036=VECTOR('',#6695,10.);
#2037=VECTOR('',#6704,0.55);
#2038=VECTOR('',#6709,1.1);
#2039=VECTOR('',#6714,0.55);
#2040=VECTOR('',#6719,1.1);
#2041=VECTOR('',#6724,0.55);
#2042=VECTOR('',#6729,1.1);
#2043=VECTOR('',#6734,0.55);
#2044=VECTOR('',#6739,1.1);
#2045=VECTOR('',#6742,10.);
#2046=VECTOR('',#6743,10.);
#2047=VECTOR('',#6744,10.);
#2048=VECTOR('',#6745,10.);
#2049=VECTOR('',#6752,10.);
#2050=VECTOR('',#6757,10.);
#2051=VECTOR('',#6758,10.);
#2052=VECTOR('',#6759,10.);
#2053=VECTOR('',#6774,12.);
#2054=VECTOR('',#6779,12.);
#2055=VECTOR('',#6784,3.5);
#2056=VECTOR('',#6789,10.);
#2057=VECTOR('',#6792,10.);
#2058=VECTOR('',#6793,10.);
#2059=VECTOR('',#6796,10.);
#2060=VECTOR('',#6799,10.);
#2061=VECTOR('',#6804,0.75);
#2062=VECTOR('',#6809,1.5);
#2063=VECTOR('',#6814,1.5);
#2064=VECTOR('',#6819,10.5);
#2065=VECTOR('',#6828,10.5);
#2066=VECTOR('',#6843,5.);
#2067=VECTOR('',#6856,5.);
#2068=VECTOR('',#6869,5.);
#2069=VECTOR('',#6878,10.);
#2070=VECTOR('',#6879,10.);
#2071=VECTOR('',#6888,5.);
#2072=VECTOR('',#6897,10.);
#2073=VECTOR('',#6898,10.);
#2074=VECTOR('',#6905,1.5);
#2075=VECTOR('',#6912,1.5);
#2076=VECTOR('',#6917,10.);
#2077=VECTOR('',#6922,1.5);
#2078=VECTOR('',#6927,10.);
#2079=VECTOR('',#6928,10.);
#2080=VECTOR('',#6931,1.5);
#2081=VECTOR('',#6938,10.);
#2082=VECTOR('',#6941,10.);
#2083=VECTOR('',#6948,10.);
#2084=VECTOR('',#6949,10.);
#2085=VECTOR('',#6966,59.4902346606931);
#2086=VECTOR('',#6973,58.7877609880529);
#2087=VECTOR('',#6978,59.5839846606931);
#2088=VECTOR('',#6983,60.546875);
#2089=VECTOR('',#6984,60.546875);
#2090=VECTOR('',#6997,60.1145833333333);
#2091=VERTEX_POINT('',#7000);
#2092=VERTEX_POINT('',#7001);
#2093=VERTEX_POINT('',#7003);
#2094=VERTEX_POINT('',#7016);
#2095=VERTEX_POINT('',#7018);
#2096=VERTEX_POINT('',#7029);
#2097=VERTEX_POINT('',#7031);
#2098=VERTEX_POINT('',#7035);
#2099=VERTEX_POINT('',#7036);
#2100=VERTEX_POINT('',#7064);
#2101=VERTEX_POINT('',#7079);
#2102=VERTEX_POINT('',#7102);
#2103=VERTEX_POINT('',#7115);
#2104=VERTEX_POINT('',#7119);
#2105=VERTEX_POINT('',#7125);
#2106=VERTEX_POINT('',#7126);
#2107=VERTEX_POINT('',#7128);
#2108=VERTEX_POINT('',#7130);
#2109=VERTEX_POINT('',#7134);
#2110=VERTEX_POINT('',#7135);
#2111=VERTEX_POINT('',#7140);
#2112=VERTEX_POINT('',#7144);
#2113=VERTEX_POINT('',#7150);
#2114=VERTEX_POINT('',#7151);
#2115=VERTEX_POINT('',#7153);
#2116=VERTEX_POINT('',#7155);
#2117=VERTEX_POINT('',#7157);
#2118=VERTEX_POINT('',#7159);
#2119=VERTEX_POINT('',#7161);
#2120=VERTEX_POINT('',#7163);
#2121=VERTEX_POINT('',#7165);
#2122=VERTEX_POINT('',#7167);
#2123=VERTEX_POINT('',#7169);
#2124=VERTEX_POINT('',#7171);
#2125=VERTEX_POINT('',#7175);
#2126=VERTEX_POINT('',#7176);
#2127=VERTEX_POINT('',#7181);
#2128=VERTEX_POINT('',#7185);
#2129=VERTEX_POINT('',#7189);
#2130=VERTEX_POINT('',#7193);
#2131=VERTEX_POINT('',#7197);
#2132=VERTEX_POINT('',#7201);
#2133=VERTEX_POINT('',#7205);
#2134=VERTEX_POINT('',#7209);
#2135=VERTEX_POINT('',#7213);
#2136=VERTEX_POINT('',#7217);
#2137=VERTEX_POINT('',#7223);
#2138=VERTEX_POINT('',#7224);
#2139=VERTEX_POINT('',#7230);
#2140=VERTEX_POINT('',#7232);
#2141=VERTEX_POINT('',#7245);
#2142=VERTEX_POINT('',#7247);
#2143=VERTEX_POINT('',#7267);
#2144=VERTEX_POINT('',#7290);
#2145=VERTEX_POINT('',#7291);
#2146=VERTEX_POINT('',#7300);
#2147=VERTEX_POINT('',#7327);
#2148=VERTEX_POINT('',#7342);
#2149=VERTEX_POINT('',#7365);
#2150=VERTEX_POINT('',#7428);
#2151=VERTEX_POINT('',#7444);
#2152=VERTEX_POINT('',#7445);
#2153=VERTEX_POINT('',#7457);
#2154=VERTEX_POINT('',#7459);
#2155=VERTEX_POINT('',#7496);
#2156=VERTEX_POINT('',#7497);
#2157=VERTEX_POINT('',#7512);
#2158=VERTEX_POINT('',#7541);
#2159=VERTEX_POINT('',#7559);
#2160=VERTEX_POINT('',#7560);
#2161=VERTEX_POINT('',#7562);
#2162=VERTEX_POINT('',#7564);
#2163=VERTEX_POINT('',#7569);
#2164=VERTEX_POINT('',#7571);
#2165=VERTEX_POINT('',#7576);
#2166=VERTEX_POINT('',#7580);
#2167=VERTEX_POINT('',#7581);
#2168=VERTEX_POINT('',#7586);
#2169=VERTEX_POINT('',#7597);
#2170=VERTEX_POINT('',#7604);
#2171=VERTEX_POINT('',#7615);
#2172=VERTEX_POINT('',#7622);
#2173=VERTEX_POINT('',#7628);
#2174=VERTEX_POINT('',#7640);
#2175=VERTEX_POINT('',#7674);
#2176=VERTEX_POINT('',#7709);
#2177=VERTEX_POINT('',#7724);
#2178=VERTEX_POINT('',#7725);
#2179=VERTEX_POINT('',#7727);
#2180=VERTEX_POINT('',#7732);
#2181=VERTEX_POINT('',#7734);
#2182=VERTEX_POINT('',#7739);
#2183=VERTEX_POINT('',#7741);
#2184=VERTEX_POINT('',#7745);
#2185=VERTEX_POINT('',#7746);
#2186=VERTEX_POINT('',#7758);
#2187=VERTEX_POINT('',#7765);
#2188=VERTEX_POINT('',#7776);
#2189=VERTEX_POINT('',#7783);
#2190=VERTEX_POINT('',#7787);
#2191=VERTEX_POINT('',#7793);
#2192=VERTEX_POINT('',#7794);
#2193=VERTEX_POINT('',#7796);
#2194=VERTEX_POINT('',#7798);
#2195=VERTEX_POINT('',#7802);
#2196=VERTEX_POINT('',#7803);
#2197=VERTEX_POINT('',#7808);
#2198=VERTEX_POINT('',#7812);
#2199=VERTEX_POINT('',#7818);
#2200=VERTEX_POINT('',#7819);
#2201=VERTEX_POINT('',#7821);
#2202=VERTEX_POINT('',#7823);
#2203=VERTEX_POINT('',#7827);
#2204=VERTEX_POINT('',#7828);
#2205=VERTEX_POINT('',#7833);
#2206=VERTEX_POINT('',#7837);
#2207=VERTEX_POINT('',#7843);
#2208=VERTEX_POINT('',#7844);
#2209=VERTEX_POINT('',#7846);
#2210=VERTEX_POINT('',#7848);
#2211=VERTEX_POINT('',#7858);
#2212=VERTEX_POINT('',#7860);
#2213=VERTEX_POINT('',#7863);
#2214=VERTEX_POINT('',#7880);
#2215=VERTEX_POINT('',#7881);
#2216=VERTEX_POINT('',#7886);
#2217=VERTEX_POINT('',#7907);
#2218=VERTEX_POINT('',#7919);
#2219=VERTEX_POINT('',#7923);
#2220=VERTEX_POINT('',#7958);
#2221=VERTEX_POINT('',#7977);
#2222=VERTEX_POINT('',#7978);
#2223=VERTEX_POINT('',#7994);
#2224=VERTEX_POINT('',#7996);
#2225=VERTEX_POINT('',#8015);
#2226=VERTEX_POINT('',#8017);
#2227=VERTEX_POINT('',#8031);
#2228=VERTEX_POINT('',#8076);
#2229=VERTEX_POINT('',#8077);
#2230=VERTEX_POINT('',#8096);
#2231=VERTEX_POINT('',#8135);
#2232=VERTEX_POINT('',#8156);
#2233=VERTEX_POINT('',#8160);
#2234=VERTEX_POINT('',#8227);
#2235=VERTEX_POINT('',#8245);
#2236=VERTEX_POINT('',#8246);
#2237=VERTEX_POINT('',#8248);
#2238=VERTEX_POINT('',#8250);
#2239=VERTEX_POINT('',#8254);
#2240=VERTEX_POINT('',#8255);
#2241=VERTEX_POINT('',#8260);
#2242=VERTEX_POINT('',#8264);
#2243=VERTEX_POINT('',#8270);
#2244=VERTEX_POINT('',#8271);
#2245=VERTEX_POINT('',#8273);
#2246=VERTEX_POINT('',#8275);
#2247=VERTEX_POINT('',#8277);
#2248=VERTEX_POINT('',#8279);
#2249=VERTEX_POINT('',#8281);
#2250=VERTEX_POINT('',#8283);
#2251=VERTEX_POINT('',#8285);
#2252=VERTEX_POINT('',#8287);
#2253=VERTEX_POINT('',#8289);
#2254=VERTEX_POINT('',#8291);
#2255=VERTEX_POINT('',#8295);
#2256=VERTEX_POINT('',#8296);
#2257=VERTEX_POINT('',#8301);
#2258=VERTEX_POINT('',#8305);
#2259=VERTEX_POINT('',#8309);
#2260=VERTEX_POINT('',#8313);
#2261=VERTEX_POINT('',#8317);
#2262=VERTEX_POINT('',#8321);
#2263=VERTEX_POINT('',#8325);
#2264=VERTEX_POINT('',#8329);
#2265=VERTEX_POINT('',#8333);
#2266=VERTEX_POINT('',#8337);
#2267=VERTEX_POINT('',#8343);
#2268=VERTEX_POINT('',#8344);
#2269=VERTEX_POINT('',#8346);
#2270=VERTEX_POINT('',#8348);
#2271=VERTEX_POINT('',#8350);
#2272=VERTEX_POINT('',#8352);
#2273=VERTEX_POINT('',#8356);
#2274=VERTEX_POINT('',#8357);
#2275=VERTEX_POINT('',#8362);
#2276=VERTEX_POINT('',#8366);
#2277=VERTEX_POINT('',#8370);
#2278=VERTEX_POINT('',#8374);
#2279=VERTEX_POINT('',#8380);
#2280=VERTEX_POINT('',#8381);
#2281=VERTEX_POINT('',#8396);
#2282=VERTEX_POINT('',#8397);
#2283=VERTEX_POINT('',#8437);
#2284=VERTEX_POINT('',#8438);
#2285=VERTEX_POINT('',#8457);
#2286=VERTEX_POINT('',#8458);
#2287=VERTEX_POINT('',#8500);
#2288=VERTEX_POINT('',#8501);
#2289=VERTEX_POINT('',#8509);
#2290=VERTEX_POINT('',#8511);
#2291=VERTEX_POINT('',#8526);
#2292=VERTEX_POINT('',#8527);
#2293=VERTEX_POINT('',#8550);
#2294=VERTEX_POINT('',#8551);
#2295=VERTEX_POINT('',#8562);
#2296=VERTEX_POINT('',#8591);
#2297=VERTEX_POINT('',#8622);
#2298=VERTEX_POINT('',#8623);
#2299=VERTEX_POINT('',#8637);
#2300=VERTEX_POINT('',#8638);
#2301=VERTEX_POINT('',#8640);
#2302=VERTEX_POINT('',#8642);
#2303=VERTEX_POINT('',#8644);
#2304=VERTEX_POINT('',#8649);
#2305=VERTEX_POINT('',#8654);
#2306=VERTEX_POINT('',#8658);
#2307=VERTEX_POINT('',#8659);
#2308=VERTEX_POINT('',#8664);
#2309=VERTEX_POINT('',#8668);
#2310=VERTEX_POINT('',#8679);
#2311=VERTEX_POINT('',#8693);
#2312=VERTEX_POINT('',#8700);
#2313=VERTEX_POINT('',#8706);
#2314=VERTEX_POINT('',#8707);
#2315=VERTEX_POINT('',#8709);
#2316=VERTEX_POINT('',#8721);
#2317=VERTEX_POINT('',#8723);
#2318=VERTEX_POINT('',#8733);
#2319=VERTEX_POINT('',#8735);
#2320=VERTEX_POINT('',#8739);
#2321=VERTEX_POINT('',#8740);
#2322=VERTEX_POINT('',#8766);
#2323=VERTEX_POINT('',#8780);
#2324=VERTEX_POINT('',#8801);
#2325=VERTEX_POINT('',#8813);
#2326=VERTEX_POINT('',#8817);
#2327=VERTEX_POINT('',#8823);
#2328=VERTEX_POINT('',#8824);
#2329=VERTEX_POINT('',#8833);
#2330=VERTEX_POINT('',#8843);
#2331=VERTEX_POINT('',#8844);
#2332=VERTEX_POINT('',#8858);
#2333=VERTEX_POINT('',#8859);
#2334=VERTEX_POINT('',#8888);
#2335=VERTEX_POINT('',#8889);
#2336=VERTEX_POINT('',#8916);
#2337=VERTEX_POINT('',#8929);
#2338=VERTEX_POINT('',#8930);
#2339=VERTEX_POINT('',#8971);
#2340=VERTEX_POINT('',#8972);
#2341=VERTEX_POINT('',#9012);
#2342=VERTEX_POINT('',#9013);
#2343=VERTEX_POINT('',#9015);
#2344=VERTEX_POINT('',#9017);
#2345=VERTEX_POINT('',#9022);
#2346=VERTEX_POINT('',#9024);
#2347=VERTEX_POINT('',#9029);
#2348=VERTEX_POINT('',#9033);
#2349=VERTEX_POINT('',#9034);
#2350=VERTEX_POINT('',#9039);
#2351=VERTEX_POINT('',#9050);
#2352=VERTEX_POINT('',#9057);
#2353=VERTEX_POINT('',#9068);
#2354=VERTEX_POINT('',#9075);
#2355=VERTEX_POINT('',#9081);
#2356=VERTEX_POINT('',#9082);
#2357=VERTEX_POINT('',#9101);
#2358=VERTEX_POINT('',#9103);
#2359=VERTEX_POINT('',#9161);
#2360=VERTEX_POINT('',#9162);
#2361=VERTEX_POINT('',#9184);
#2362=VERTEX_POINT('',#9227);
#2363=VERTEX_POINT('',#9252);
#2364=VERTEX_POINT('',#9253);
#2365=VERTEX_POINT('',#9255);
#2366=VERTEX_POINT('',#9257);
#2367=VERTEX_POINT('',#9261);
#2368=VERTEX_POINT('',#9262);
#2369=VERTEX_POINT('',#9267);
#2370=VERTEX_POINT('',#9271);
#2371=VERTEX_POINT('',#9292);
#2372=VERTEX_POINT('',#9293);
#2373=VERTEX_POINT('',#9295);
#2374=VERTEX_POINT('',#9300);
#2375=VERTEX_POINT('',#9334);
#2376=VERTEX_POINT('',#9342);
#2377=VERTEX_POINT('',#9379);
#2378=VERTEX_POINT('',#9380);
#2379=VERTEX_POINT('',#9437);
#2380=VERTEX_POINT('',#9438);
#2381=VERTEX_POINT('',#9440);
#2382=VERTEX_POINT('',#9445);
#2383=VERTEX_POINT('',#9479);
#2384=VERTEX_POINT('',#9487);
#2385=VERTEX_POINT('',#9524);
#2386=VERTEX_POINT('',#9525);
#2387=VERTEX_POINT('',#9582);
#2388=VERTEX_POINT('',#9583);
#2389=VERTEX_POINT('',#9585);
#2390=VERTEX_POINT('',#9590);
#2391=VERTEX_POINT('',#9592);
#2392=VERTEX_POINT('',#9629);
#2393=VERTEX_POINT('',#9637);
#2394=VERTEX_POINT('',#9674);
#2395=VERTEX_POINT('',#9675);
#2396=VERTEX_POINT('',#9711);
#2397=VERTEX_POINT('',#9722);
#2398=VERTEX_POINT('',#9723);
#2399=VERTEX_POINT('',#9725);
#2400=VERTEX_POINT('',#9727);
#2401=VERTEX_POINT('',#9734);
#2402=VERTEX_POINT('',#9736);
#2403=VERTEX_POINT('',#9743);
#2404=VERTEX_POINT('',#9745);
#2405=VERTEX_POINT('',#9749);
#2406=VERTEX_POINT('',#9751);
#2407=VERTEX_POINT('',#9755);
#2408=VERTEX_POINT('',#9759);
#2409=VERTEX_POINT('',#9763);
#2410=VERTEX_POINT('',#9765);
#2411=VERTEX_POINT('',#9771);
#2412=VERTEX_POINT('',#9772);
#2413=VERTEX_POINT('',#9774);
#2414=VERTEX_POINT('',#9776);
#2415=VERTEX_POINT('',#9789);
#2416=VERTEX_POINT('',#9790);
#2417=VERTEX_POINT('',#9795);
#2418=VERTEX_POINT('',#9796);
#2419=VERTEX_POINT('',#9811);
#2420=VERTEX_POINT('',#9814);
#2421=VERTEX_POINT('',#9815);
#2422=VERTEX_POINT('',#9817);
#2423=VERTEX_POINT('',#9819);
#2424=VERTEX_POINT('',#9823);
#2425=VERTEX_POINT('',#9830);
#2426=VERTEX_POINT('',#9834);
#2427=VERTEX_POINT('',#9845);
#2428=VERTEX_POINT('',#9852);
#2429=VERTEX_POINT('',#9856);
#2430=VERTEX_POINT('',#9867);
#2431=VERTEX_POINT('',#9869);
#2432=VERTEX_POINT('',#9873);
#2433=VERTEX_POINT('',#9877);
#2434=VERTEX_POINT('',#9878);
#2435=VERTEX_POINT('',#9880);
#2436=VERTEX_POINT('',#9882);
#2437=VERTEX_POINT('',#9886);
#2438=VERTEX_POINT('',#9888);
#2439=VERTEX_POINT('',#9890);
#2440=VERTEX_POINT('',#9894);
#2441=VERTEX_POINT('',#9895);
#2442=VERTEX_POINT('',#9900);
#2443=VERTEX_POINT('',#9901);
#2444=VERTEX_POINT('',#9908);
#2445=VERTEX_POINT('',#9910);
#2446=VERTEX_POINT('',#9912);
#2447=VERTEX_POINT('',#9918);
#2448=VERTEX_POINT('',#9920);
#2449=VERTEX_POINT('',#9924);
#2450=VERTEX_POINT('',#9926);
#2451=VERTEX_POINT('',#9928);
#2452=VERTEX_POINT('',#9930);
#2453=VERTEX_POINT('',#9932);
#2454=VERTEX_POINT('',#9934);
#2455=VERTEX_POINT('',#9936);
#2456=VERTEX_POINT('',#9938);
#2457=VERTEX_POINT('',#9940);
#2458=VERTEX_POINT('',#9942);
#2459=VERTEX_POINT('',#9944);
#2460=VERTEX_POINT('',#9946);
#2461=VERTEX_POINT('',#9948);
#2462=VERTEX_POINT('',#9952);
#2463=VERTEX_POINT('',#9957);
#2464=VERTEX_POINT('',#9959);
#2465=VERTEX_POINT('',#9961);
#2466=VERTEX_POINT('',#9964);
#2467=VERTEX_POINT('',#9966);
#2468=VERTEX_POINT('',#9968);
#2469=VERTEX_POINT('',#9970);
#2470=VERTEX_POINT('',#9972);
#2471=VERTEX_POINT('',#9974);
#2472=VERTEX_POINT('',#9976);
#2473=VERTEX_POINT('',#9981);
#2474=VERTEX_POINT('',#9983);
#2475=VERTEX_POINT('',#9988);
#2476=VERTEX_POINT('',#9992);
#2477=VERTEX_POINT('',#9996);
#2478=VERTEX_POINT('',#10003);
#2479=VERTEX_POINT('',#10013);
#2480=VERTEX_POINT('',#10018);
#2481=VERTEX_POINT('',#10053);
#2482=VERTEX_POINT('',#10055);
#2483=VERTEX_POINT('',#10057);
#2484=VERTEX_POINT('',#10064);
#2485=VERTEX_POINT('',#10066);
#2486=VERTEX_POINT('',#10070);
#2487=VERTEX_POINT('',#10075);
#2488=VERTEX_POINT('',#10079);
#2489=VERTEX_POINT('',#10083);
#2490=VERTEX_POINT('',#10092);
#2491=VERTEX_POINT('',#10096);
#2492=VERTEX_POINT('',#10106);
#2493=VERTEX_POINT('',#10111);
#2494=VERTEX_POINT('',#10113);
#2495=VERTEX_POINT('',#10128);
#2496=VERTEX_POINT('',#10130);
#2497=VERTEX_POINT('',#10132);
#2498=VERTEX_POINT('',#10136);
#2499=VERTEX_POINT('',#10138);
#2500=VERTEX_POINT('',#10141);
#2501=VERTEX_POINT('',#10145);
#2502=VERTEX_POINT('',#10147);
#2503=VERTEX_POINT('',#10150);
#2504=VERTEX_POINT('',#10154);
#2505=VERTEX_POINT('',#10156);
#2506=VERTEX_POINT('',#10159);
#2507=VERTEX_POINT('',#10163);
#2508=VERTEX_POINT('',#10165);
#2509=VERTEX_POINT('',#10168);
#2510=VERTEX_POINT('',#10172);
#2511=VERTEX_POINT('',#10173);
#2512=VERTEX_POINT('',#10175);
#2513=VERTEX_POINT('',#10177);
#2514=VERTEX_POINT('',#10180);
#2515=VERTEX_POINT('',#10183);
#2516=VERTEX_POINT('',#10185);
#2517=VERTEX_POINT('',#10189);
#2518=VERTEX_POINT('',#10191);
#2519=VERTEX_POINT('',#10198);
#2520=VERTEX_POINT('',#10201);
#2521=VERTEX_POINT('',#10204);
#2522=VERTEX_POINT('',#10244);
#2523=VERTEX_POINT('',#10246);
#2524=VERTEX_POINT('',#10248);
#2525=VERTEX_POINT('',#10263);
#2526=VERTEX_POINT('',#10276);
#2527=VERTEX_POINT('',#10278);
#2528=VERTEX_POINT('',#10306);
#2529=VERTEX_POINT('',#10343);
#2530=VERTEX_POINT('',#10350);
#2531=VERTEX_POINT('',#10352);
#2532=VERTEX_POINT('',#10356);
#2533=VERTEX_POINT('',#10358);
#2534=VERTEX_POINT('',#10361);
#2535=VERTEX_POINT('',#10365);
#2536=VERTEX_POINT('',#10369);
#2537=VERTEX_POINT('',#10371);
#2538=VERTEX_POINT('',#10376);
#2539=VERTEX_POINT('',#10378);
#2540=VERTEX_POINT('',#10386);
#2541=VERTEX_POINT('',#10388);
#2542=VERTEX_POINT('',#10393);
#2543=VERTEX_POINT('',#10396);
#2544=VERTEX_POINT('',#10398);
#2545=VERTEX_POINT('',#10403);
#2546=VERTEX_POINT('',#10406);
#2547=VERTEX_POINT('',#10408);
#2548=VERTEX_POINT('',#10410);
#2549=VERTEX_POINT('',#10412);
#2550=VERTEX_POINT('',#10419);
#2551=VERTEX_POINT('',#10422);
#2552=VERTEX_POINT('',#10424);
#2553=VERTEX_POINT('',#10426);
#2554=VERTEX_POINT('',#10428);
#2555=VERTEX_POINT('',#10435);
#2556=VERTEX_POINT('',#10438);
#2557=VERTEX_POINT('',#10443);
#2558=VERTEX_POINT('',#10450);
#2559=VERTEX_POINT('',#10457);
#2560=VERTEX_POINT('',#10477);
#2561=VERTEX_POINT('',#10479);
#2562=VERTEX_POINT('',#10483);
#2563=VERTEX_POINT('',#10487);
#2564=VERTEX_POINT('',#10491);
#2565=VERTEX_POINT('',#10499);
#2566=EDGE_CURVE('',#2091,#2092,#1171,.T.);
#2567=EDGE_CURVE('',#2092,#2093,#1053,.T.);
#2568=EDGE_CURVE('',#2093,#2094,#1172,.T.);
#2569=EDGE_CURVE('',#2094,#2095,#1054,.T.);
#2570=EDGE_CURVE('',#2095,#2096,#1173,.T.);
#2571=EDGE_CURVE('',#2096,#2097,#1174,.T.);
#2572=EDGE_CURVE('',#2097,#2091,#1175,.T.);
#2573=EDGE_CURVE('',#2098,#2099,#1176,.T.);
#2574=EDGE_CURVE('',#2098,#2092,#1177,.T.);
#2575=EDGE_CURVE('',#2099,#2091,#1178,.T.);
#2576=EDGE_CURVE('',#2100,#2098,#1055,.T.);
#2577=EDGE_CURVE('',#2100,#2093,#1179,.T.);
#2578=EDGE_CURVE('',#2101,#2100,#1180,.T.);
#2579=EDGE_CURVE('',#2101,#2094,#1181,.T.);
#2580=EDGE_CURVE('',#2102,#2101,#1056,.T.);
#2581=EDGE_CURVE('',#2102,#2095,#1182,.T.);
#2582=EDGE_CURVE('',#2103,#2102,#1183,.T.);
#2583=EDGE_CURVE('',#2103,#2096,#1184,.T.);
#2584=EDGE_CURVE('',#2104,#2103,#1185,.T.);
#2585=EDGE_CURVE('',#2104,#2097,#1186,.T.);
#2586=EDGE_CURVE('',#2099,#2104,#1187,.T.);
#2587=EDGE_CURVE('',#2105,#2106,#1188,.T.);
#2588=EDGE_CURVE('',#2106,#2107,#1189,.T.);
#2589=EDGE_CURVE('',#2107,#2108,#1190,.T.);
#2590=EDGE_CURVE('',#2108,#2105,#1191,.T.);
#2591=EDGE_CURVE('',#2109,#2110,#1192,.T.);
#2592=EDGE_CURVE('',#2109,#2106,#1193,.T.);
#2593=EDGE_CURVE('',#2110,#2105,#1194,.T.);
#2594=EDGE_CURVE('',#2111,#2109,#1195,.T.);
#2595=EDGE_CURVE('',#2111,#2107,#1196,.T.);
#2596=EDGE_CURVE('',#2112,#2111,#1197,.T.);
#2597=EDGE_CURVE('',#2112,#2108,#1198,.T.);
#2598=EDGE_CURVE('',#2110,#2112,#1199,.T.);
#2599=EDGE_CURVE('',#2113,#2114,#1200,.T.);
#2600=EDGE_CURVE('',#2114,#2115,#1201,.T.);
#2601=EDGE_CURVE('',#2115,#2116,#1202,.T.);
#2602=EDGE_CURVE('',#2116,#2117,#1203,.T.);
#2603=EDGE_CURVE('',#2117,#2118,#1204,.T.);
#2604=EDGE_CURVE('',#2118,#2119,#1205,.T.);
#2605=EDGE_CURVE('',#2119,#2120,#1206,.T.);
#2606=EDGE_CURVE('',#2120,#2121,#1207,.T.);
#2607=EDGE_CURVE('',#2121,#2122,#1208,.T.);
#2608=EDGE_CURVE('',#2122,#2123,#1209,.T.);
#2609=EDGE_CURVE('',#2123,#2124,#1210,.T.);
#2610=EDGE_CURVE('',#2124,#2113,#1211,.T.);
#2611=EDGE_CURVE('',#2125,#2126,#1212,.T.);
#2612=EDGE_CURVE('',#2125,#2114,#1213,.T.);
#2613=EDGE_CURVE('',#2126,#2113,#1214,.T.);
#2614=EDGE_CURVE('',#2127,#2125,#1215,.T.);
#2615=EDGE_CURVE('',#2127,#2115,#1216,.T.);
#2616=EDGE_CURVE('',#2128,#2127,#1217,.T.);
#2617=EDGE_CURVE('',#2128,#2116,#1218,.T.);
#2618=EDGE_CURVE('',#2129,#2128,#1219,.T.);
#2619=EDGE_CURVE('',#2129,#2117,#1220,.T.);
#2620=EDGE_CURVE('',#2130,#2129,#1221,.T.);
#2621=EDGE_CURVE('',#2130,#2118,#1222,.T.);
#2622=EDGE_CURVE('',#2131,#2130,#1223,.T.);
#2623=EDGE_CURVE('',#2131,#2119,#1224,.T.);
#2624=EDGE_CURVE('',#2132,#2131,#1225,.T.);
#2625=EDGE_CURVE('',#2132,#2120,#1226,.T.);
#2626=EDGE_CURVE('',#2133,#2132,#1227,.T.);
#2627=EDGE_CURVE('',#2133,#2121,#1228,.T.);
#2628=EDGE_CURVE('',#2134,#2133,#1229,.T.);
#2629=EDGE_CURVE('',#2134,#2122,#1230,.T.);
#2630=EDGE_CURVE('',#2135,#2134,#1231,.T.);
#2631=EDGE_CURVE('',#2135,#2123,#1232,.T.);
#2632=EDGE_CURVE('',#2136,#2135,#1233,.T.);
#2633=EDGE_CURVE('',#2136,#2124,#1234,.T.);
#2634=EDGE_CURVE('',#2126,#2136,#1235,.T.);
#2635=EDGE_CURVE('',#2137,#2138,#1057,.T.);
#2636=EDGE_CURVE('',#2138,#2139,#1236,.T.);
#2637=EDGE_CURVE('',#2139,#2140,#1058,.T.);
#2638=EDGE_CURVE('',#2140,#2141,#1237,.T.);
#2639=EDGE_CURVE('',#2141,#2142,#1059,.T.);
#2640=EDGE_CURVE('',#2142,#2137,#1060,.T.);
#2641=EDGE_CURVE('',#2143,#2143,#1061,.T.);
#2642=EDGE_CURVE('',#2144,#2145,#1062,.T.);
#2643=EDGE_CURVE('',#2144,#2138,#1238,.T.);
#2644=EDGE_CURVE('',#2145,#2137,#1239,.T.);
#2645=EDGE_CURVE('',#2146,#2144,#1240,.T.);
#2646=EDGE_CURVE('',#2146,#2139,#1241,.T.);
#2647=EDGE_CURVE('',#2147,#2146,#1063,.T.);
#2648=EDGE_CURVE('',#2147,#2140,#1242,.T.);
#2649=EDGE_CURVE('',#2148,#2147,#1243,.T.);
#2650=EDGE_CURVE('',#2148,#2141,#1244,.T.);
#2651=EDGE_CURVE('',#2149,#2148,#1064,.T.);
#2652=EDGE_CURVE('',#2149,#2142,#1245,.T.);
#2653=EDGE_CURVE('',#2145,#2149,#1065,.T.);
#2654=EDGE_CURVE('',#2150,#2150,#1066,.T.);
#2655=EDGE_CURVE('',#2150,#2143,#1246,.T.);
#2656=EDGE_CURVE('',#2151,#2152,#1067,.T.);
#2657=EDGE_CURVE('',#2152,#2153,#1247,.T.);
#2658=EDGE_CURVE('',#2153,#2154,#1068,.T.);
#2659=EDGE_CURVE('',#2154,#2151,#1248,.T.);
#2660=EDGE_CURVE('',#2155,#2156,#1069,.T.);
#2661=EDGE_CURVE('',#2155,#2152,#1249,.T.);
#2662=EDGE_CURVE('',#2156,#2151,#1250,.T.);
#2663=EDGE_CURVE('',#2157,#2155,#1251,.T.);
#2664=EDGE_CURVE('',#2157,#2153,#1252,.T.);
#2665=EDGE_CURVE('',#2158,#2157,#1070,.T.);
#2666=EDGE_CURVE('',#2158,#2154,#1253,.T.);
#2667=EDGE_CURVE('',#2156,#2158,#1254,.T.);
#2668=EDGE_CURVE('',#2159,#2160,#1255,.T.);
#2669=EDGE_CURVE('',#2160,#2161,#1256,.T.);
#2670=EDGE_CURVE('',#2161,#2162,#1071,.T.);
#2671=EDGE_CURVE('',#2162,#2163,#1257,.T.);
#2672=EDGE_CURVE('',#2163,#2164,#1072,.T.);
#2673=EDGE_CURVE('',#2164,#2165,#1258,.T.);
#2674=EDGE_CURVE('',#2165,#2159,#1259,.T.);
#2675=EDGE_CURVE('',#2166,#2167,#1260,.T.);
#2676=EDGE_CURVE('',#2166,#2160,#1261,.T.);
#2677=EDGE_CURVE('',#2167,#2159,#1262,.T.);
#2678=EDGE_CURVE('',#2168,#2166,#1263,.T.);
#2679=EDGE_CURVE('',#2168,#2161,#1264,.T.);
#2680=EDGE_CURVE('',#2169,#2168,#1073,.T.);
#2681=EDGE_CURVE('',#2169,#2162,#1265,.T.);
#2682=EDGE_CURVE('',#2170,#2169,#1266,.T.);
#2683=EDGE_CURVE('',#2170,#2163,#1267,.T.);
#2684=EDGE_CURVE('',#2171,#2170,#1074,.T.);
#2685=EDGE_CURVE('',#2171,#2164,#1268,.T.);
#2686=EDGE_CURVE('',#2172,#2171,#1269,.T.);
#2687=EDGE_CURVE('',#2172,#2165,#1270,.T.);
#2688=EDGE_CURVE('',#2167,#2172,#1271,.T.);
#2689=EDGE_CURVE('',#2173,#2173,#1075,.T.);
#2690=EDGE_CURVE('',#2174,#2174,#1076,.T.);
#2691=EDGE_CURVE('',#2175,#2175,#1077,.T.);
#2692=EDGE_CURVE('',#2175,#2173,#1272,.T.);
#2693=EDGE_CURVE('',#2176,#2176,#1078,.T.);
#2694=EDGE_CURVE('',#2176,#2174,#1273,.T.);
#2695=EDGE_CURVE('',#2177,#2178,#1274,.T.);
#2696=EDGE_CURVE('',#2178,#2179,#1079,.T.);
#2697=EDGE_CURVE('',#2179,#2180,#1275,.T.);
#2698=EDGE_CURVE('',#2180,#2181,#1080,.T.);
#2699=EDGE_CURVE('',#2181,#2182,#1276,.T.);
#2700=EDGE_CURVE('',#2182,#2183,#1277,.T.);
#2701=EDGE_CURVE('',#2183,#2177,#1278,.T.);
#2702=EDGE_CURVE('',#2184,#2185,#1279,.T.);
#2703=EDGE_CURVE('',#2184,#2178,#1280,.T.);
#2704=EDGE_CURVE('',#2185,#2177,#1281,.T.);
#2705=EDGE_CURVE('',#2186,#2184,#1081,.T.);
#2706=EDGE_CURVE('',#2186,#2179,#1282,.T.);
#2707=EDGE_CURVE('',#2187,#2186,#1283,.T.);
#2708=EDGE_CURVE('',#2187,#2180,#1284,.T.);
#2709=EDGE_CURVE('',#2188,#2187,#1082,.T.);
#2710=EDGE_CURVE('',#2188,#2181,#1285,.T.);
#2711=EDGE_CURVE('',#2189,#2188,#1286,.T.);
#2712=EDGE_CURVE('',#2189,#2182,#1287,.T.);
#2713=EDGE_CURVE('',#2190,#2189,#1288,.T.);
#2714=EDGE_CURVE('',#2190,#2183,#1289,.T.);
#2715=EDGE_CURVE('',#2185,#2190,#1290,.T.);
#2716=EDGE_CURVE('',#2191,#2192,#1291,.T.);
#2717=EDGE_CURVE('',#2192,#2193,#1292,.T.);
#2718=EDGE_CURVE('',#2193,#2194,#1293,.T.);
#2719=EDGE_CURVE('',#2194,#2191,#1294,.T.);
#2720=EDGE_CURVE('',#2195,#2196,#1295,.T.);
#2721=EDGE_CURVE('',#2195,#2192,#1296,.T.);
#2722=EDGE_CURVE('',#2196,#2191,#1297,.T.);
#2723=EDGE_CURVE('',#2197,#2195,#1298,.T.);
#2724=EDGE_CURVE('',#2197,#2193,#1299,.T.);
#2725=EDGE_CURVE('',#2198,#2197,#1300,.T.);
#2726=EDGE_CURVE('',#2198,#2194,#1301,.T.);
#2727=EDGE_CURVE('',#2196,#2198,#1302,.T.);
#2728=EDGE_CURVE('',#2199,#2200,#1303,.T.);
#2729=EDGE_CURVE('',#2200,#2201,#1304,.T.);
#2730=EDGE_CURVE('',#2201,#2202,#1305,.T.);
#2731=EDGE_CURVE('',#2202,#2199,#1306,.T.);
#2732=EDGE_CURVE('',#2203,#2204,#1307,.T.);
#2733=EDGE_CURVE('',#2203,#2200,#1308,.T.);
#2734=EDGE_CURVE('',#2204,#2199,#1309,.T.);
#2735=EDGE_CURVE('',#2205,#2203,#1310,.T.);
#2736=EDGE_CURVE('',#2205,#2201,#1311,.T.);
#2737=EDGE_CURVE('',#2206,#2205,#1312,.T.);
#2738=EDGE_CURVE('',#2206,#2202,#1313,.T.);
#2739=EDGE_CURVE('',#2204,#2206,#1314,.T.);
#2740=EDGE_CURVE('',#2207,#2208,#1315,.T.);
#2741=EDGE_CURVE('',#2208,#2209,#1316,.T.);
#2742=EDGE_CURVE('',#2209,#2210,#1083,.T.);
#2743=EDGE_CURVE('',#2210,#2211,#1317,.T.);
#2744=EDGE_CURVE('',#2211,#2212,#1318,.T.);
#2745=EDGE_CURVE('',#2212,#2207,#1319,.T.);
#2746=EDGE_CURVE('',#2213,#2213,#1084,.T.);
#2747=EDGE_CURVE('',#2214,#2215,#1320,.T.);
#2748=EDGE_CURVE('',#2214,#2208,#1321,.T.);
#2749=EDGE_CURVE('',#2215,#2207,#1322,.T.);
#2750=EDGE_CURVE('',#2216,#2214,#1323,.T.);
#2751=EDGE_CURVE('',#2216,#2209,#1324,.T.);
#2752=EDGE_CURVE('',#2217,#2216,#1085,.T.);
#2753=EDGE_CURVE('',#2217,#2210,#1325,.T.);
#2754=EDGE_CURVE('',#2218,#2217,#1326,.T.);
#2755=EDGE_CURVE('',#2218,#2211,#1327,.T.);
#2756=EDGE_CURVE('',#2219,#2218,#1328,.T.);
#2757=EDGE_CURVE('',#2219,#2212,#1329,.T.);
#2758=EDGE_CURVE('',#2215,#2219,#1330,.T.);
#2759=EDGE_CURVE('',#2220,#2220,#1086,.T.);
#2760=EDGE_CURVE('',#2220,#2213,#1331,.T.);
#2761=EDGE_CURVE('',#2221,#2222,#1087,.T.);
#2762=EDGE_CURVE('',#2222,#2223,#1332,.T.);
#2763=EDGE_CURVE('',#2223,#2224,#1088,.T.);
#2764=EDGE_CURVE('',#2224,#2225,#1333,.T.);
#2765=EDGE_CURVE('',#2225,#2226,#1334,.T.);
#2766=EDGE_CURVE('',#2226,#2221,#1089,.T.);
#2767=EDGE_CURVE('',#2227,#2227,#1090,.T.);
#2768=EDGE_CURVE('',#2228,#2229,#1091,.T.);
#2769=EDGE_CURVE('',#2228,#2222,#1335,.T.);
#2770=EDGE_CURVE('',#2229,#2221,#1336,.T.);
#2771=EDGE_CURVE('',#2230,#2228,#1337,.T.);
#2772=EDGE_CURVE('',#2230,#2223,#1338,.T.);
#2773=EDGE_CURVE('',#2231,#2230,#1092,.T.);
#2774=EDGE_CURVE('',#2231,#2224,#1339,.T.);
#2775=EDGE_CURVE('',#2232,#2231,#1340,.T.);
#2776=EDGE_CURVE('',#2232,#2225,#1341,.T.);
#2777=EDGE_CURVE('',#2233,#2232,#1342,.T.);
#2778=EDGE_CURVE('',#2233,#2226,#1343,.T.);
#2779=EDGE_CURVE('',#2229,#2233,#1093,.T.);
#2780=EDGE_CURVE('',#2234,#2234,#1094,.T.);
#2781=EDGE_CURVE('',#2234,#2227,#1344,.T.);
#2782=EDGE_CURVE('',#2235,#2236,#1345,.T.);
#2783=EDGE_CURVE('',#2236,#2237,#1346,.T.);
#2784=EDGE_CURVE('',#2237,#2238,#1347,.T.);
#2785=EDGE_CURVE('',#2238,#2235,#1348,.T.);
#2786=EDGE_CURVE('',#2239,#2240,#1349,.T.);
#2787=EDGE_CURVE('',#2239,#2236,#1350,.T.);
#2788=EDGE_CURVE('',#2240,#2235,#1351,.T.);
#2789=EDGE_CURVE('',#2241,#2239,#1352,.T.);
#2790=EDGE_CURVE('',#2241,#2237,#1353,.T.);
#2791=EDGE_CURVE('',#2242,#2241,#1354,.T.);
#2792=EDGE_CURVE('',#2242,#2238,#1355,.T.);
#2793=EDGE_CURVE('',#2240,#2242,#1356,.T.);
#2794=EDGE_CURVE('',#2243,#2244,#1357,.T.);
#2795=EDGE_CURVE('',#2244,#2245,#1358,.T.);
#2796=EDGE_CURVE('',#2245,#2246,#1359,.T.);
#2797=EDGE_CURVE('',#2246,#2247,#1360,.T.);
#2798=EDGE_CURVE('',#2247,#2248,#1361,.T.);
#2799=EDGE_CURVE('',#2248,#2249,#1362,.T.);
#2800=EDGE_CURVE('',#2249,#2250,#1363,.T.);
#2801=EDGE_CURVE('',#2250,#2251,#1364,.T.);
#2802=EDGE_CURVE('',#2251,#2252,#1365,.T.);
#2803=EDGE_CURVE('',#2252,#2253,#1366,.T.);
#2804=EDGE_CURVE('',#2253,#2254,#1367,.T.);
#2805=EDGE_CURVE('',#2254,#2243,#1368,.T.);
#2806=EDGE_CURVE('',#2255,#2256,#1369,.T.);
#2807=EDGE_CURVE('',#2255,#2244,#1370,.T.);
#2808=EDGE_CURVE('',#2256,#2243,#1371,.T.);
#2809=EDGE_CURVE('',#2257,#2255,#1372,.T.);
#2810=EDGE_CURVE('',#2257,#2245,#1373,.T.);
#2811=EDGE_CURVE('',#2258,#2257,#1374,.T.);
#2812=EDGE_CURVE('',#2258,#2246,#1375,.T.);
#2813=EDGE_CURVE('',#2259,#2258,#1376,.T.);
#2814=EDGE_CURVE('',#2259,#2247,#1377,.T.);
#2815=EDGE_CURVE('',#2260,#2259,#1378,.T.);
#2816=EDGE_CURVE('',#2260,#2248,#1379,.T.);
#2817=EDGE_CURVE('',#2261,#2260,#1380,.T.);
#2818=EDGE_CURVE('',#2261,#2249,#1381,.T.);
#2819=EDGE_CURVE('',#2262,#2261,#1382,.T.);
#2820=EDGE_CURVE('',#2262,#2250,#1383,.T.);
#2821=EDGE_CURVE('',#2263,#2262,#1384,.T.);
#2822=EDGE_CURVE('',#2263,#2251,#1385,.T.);
#2823=EDGE_CURVE('',#2264,#2263,#1386,.T.);
#2824=EDGE_CURVE('',#2264,#2252,#1387,.T.);
#2825=EDGE_CURVE('',#2265,#2264,#1388,.T.);
#2826=EDGE_CURVE('',#2265,#2253,#1389,.T.);
#2827=EDGE_CURVE('',#2266,#2265,#1390,.T.);
#2828=EDGE_CURVE('',#2266,#2254,#1391,.T.);
#2829=EDGE_CURVE('',#2256,#2266,#1392,.T.);
#2830=EDGE_CURVE('',#2267,#2268,#1393,.T.);
#2831=EDGE_CURVE('',#2268,#2269,#1394,.T.);
#2832=EDGE_CURVE('',#2269,#2270,#1395,.T.);
#2833=EDGE_CURVE('',#2270,#2271,#1396,.T.);
#2834=EDGE_CURVE('',#2271,#2272,#1397,.T.);
#2835=EDGE_CURVE('',#2272,#2267,#1398,.T.);
#2836=EDGE_CURVE('',#2273,#2274,#1399,.T.);
#2837=EDGE_CURVE('',#2273,#2268,#1400,.T.);
#2838=EDGE_CURVE('',#2274,#2267,#1401,.T.);
#2839=EDGE_CURVE('',#2275,#2273,#1402,.T.);
#2840=EDGE_CURVE('',#2275,#2269,#1403,.T.);
#2841=EDGE_CURVE('',#2276,#2275,#1404,.T.);
#2842=EDGE_CURVE('',#2276,#2270,#1405,.T.);
#2843=EDGE_CURVE('',#2277,#2276,#1406,.T.);
#2844=EDGE_CURVE('',#2277,#2271,#1407,.T.);
#2845=EDGE_CURVE('',#2278,#2277,#1408,.T.);
#2846=EDGE_CURVE('',#2278,#2272,#1409,.T.);
#2847=EDGE_CURVE('',#2274,#2278,#1410,.T.);
#2848=EDGE_CURVE('',#2279,#2280,#1095,.T.);
#2849=EDGE_CURVE('',#2280,#2279,#1411,.T.);
#2850=EDGE_CURVE('',#2281,#2282,#1412,.T.);
#2851=EDGE_CURVE('',#2282,#2281,#1096,.T.);
#2852=EDGE_CURVE('',#2283,#2284,#1097,.T.);
#2853=EDGE_CURVE('',#2283,#2280,#1413,.T.);
#2854=EDGE_CURVE('',#2284,#2279,#1414,.T.);
#2855=EDGE_CURVE('',#2284,#2283,#1415,.T.);
#2856=EDGE_CURVE('',#2285,#2286,#1416,.T.);
#2857=EDGE_CURVE('',#2285,#2282,#1417,.T.);
#2858=EDGE_CURVE('',#2286,#2281,#1418,.T.);
#2859=EDGE_CURVE('',#2286,#2285,#1098,.T.);
#2860=EDGE_CURVE('',#2287,#2288,#1099,.T.);
#2861=EDGE_CURVE('',#2288,#2289,#1419,.T.);
#2862=EDGE_CURVE('',#2289,#2290,#1100,.T.);
#2863=EDGE_CURVE('',#2290,#2287,#1420,.T.);
#2864=EDGE_CURVE('',#2291,#2292,#1101,.T.);
#2865=EDGE_CURVE('',#2292,#2291,#1421,.T.);
#2866=EDGE_CURVE('',#2293,#2294,#1102,.T.);
#2867=EDGE_CURVE('',#2293,#2288,#1422,.T.);
#2868=EDGE_CURVE('',#2294,#2287,#1423,.T.);
#2869=EDGE_CURVE('',#2295,#2293,#1424,.T.);
#2870=EDGE_CURVE('',#2295,#2289,#1425,.T.);
#2871=EDGE_CURVE('',#2296,#2295,#1103,.T.);
#2872=EDGE_CURVE('',#2296,#2290,#1426,.T.);
#2873=EDGE_CURVE('',#2294,#2296,#1427,.T.);
#2874=EDGE_CURVE('',#2297,#2298,#1104,.T.);
#2875=EDGE_CURVE('',#2297,#2292,#1428,.T.);
#2876=EDGE_CURVE('',#2298,#2291,#1429,.T.);
#2877=EDGE_CURVE('',#2298,#2297,#1430,.T.);
#2878=EDGE_CURVE('',#2299,#2300,#1431,.T.);
#2879=EDGE_CURVE('',#2300,#2301,#1432,.T.);
#2880=EDGE_CURVE('',#2301,#2302,#1433,.T.);
#2881=EDGE_CURVE('',#2302,#2303,#1105,.T.);
#2882=EDGE_CURVE('',#2303,#2304,#1106,.T.);
#2883=EDGE_CURVE('',#2304,#2305,#1434,.T.);
#2884=EDGE_CURVE('',#2305,#2299,#1435,.T.);
#2885=EDGE_CURVE('',#2306,#2307,#1436,.T.);
#2886=EDGE_CURVE('',#2306,#2300,#1437,.T.);
#2887=EDGE_CURVE('',#2307,#2299,#1438,.T.);
#2888=EDGE_CURVE('',#2308,#2306,#1439,.T.);
#2889=EDGE_CURVE('',#2308,#2301,#1440,.T.);
#2890=EDGE_CURVE('',#2309,#2308,#1441,.T.);
#2891=EDGE_CURVE('',#2309,#2302,#1442,.T.);
#2892=EDGE_CURVE('',#2310,#2309,#1107,.T.);
#2893=EDGE_CURVE('',#2310,#2303,#1443,.T.);
#2894=EDGE_CURVE('',#2311,#2310,#1108,.T.);
#2895=EDGE_CURVE('',#2311,#2304,#1444,.T.);
#2896=EDGE_CURVE('',#2312,#2311,#1445,.T.);
#2897=EDGE_CURVE('',#2312,#2305,#1446,.T.);
#2898=EDGE_CURVE('',#2307,#2312,#1447,.T.);
#2899=EDGE_CURVE('',#2313,#2314,#1448,.T.);
#2900=EDGE_CURVE('',#2314,#2315,#1109,.T.);
#2901=EDGE_CURVE('',#2315,#2316,#1449,.T.);
#2902=EDGE_CURVE('',#2316,#2317,#1110,.T.);
#2903=EDGE_CURVE('',#2317,#2318,#1450,.T.);
#2904=EDGE_CURVE('',#2318,#2319,#1451,.T.);
#2905=EDGE_CURVE('',#2319,#2313,#1452,.T.);
#2906=EDGE_CURVE('',#2320,#2321,#1453,.T.);
#2907=EDGE_CURVE('',#2320,#2314,#1454,.T.);
#2908=EDGE_CURVE('',#2321,#2313,#1455,.T.);
#2909=EDGE_CURVE('',#2322,#2320,#1111,.T.);
#2910=EDGE_CURVE('',#2322,#2315,#1456,.T.);
#2911=EDGE_CURVE('',#2323,#2322,#1457,.T.);
#2912=EDGE_CURVE('',#2323,#2316,#1458,.T.);
#2913=EDGE_CURVE('',#2324,#2323,#1112,.T.);
#2914=EDGE_CURVE('',#2324,#2317,#1459,.T.);
#2915=EDGE_CURVE('',#2325,#2324,#1460,.T.);
#2916=EDGE_CURVE('',#2325,#2318,#1461,.T.);
#2917=EDGE_CURVE('',#2326,#2325,#1462,.T.);
#2918=EDGE_CURVE('',#2326,#2319,#1463,.T.);
#2919=EDGE_CURVE('',#2321,#2326,#1464,.T.);
#2920=EDGE_CURVE('',#2327,#2328,#1113,.T.);
#2921=EDGE_CURVE('',#2328,#2329,#1114,.T.);
#2922=EDGE_CURVE('',#2329,#2327,#1465,.T.);
#2923=EDGE_CURVE('',#2330,#2331,#1466,.T.);
#2924=EDGE_CURVE('',#2331,#2330,#1115,.T.);
#2925=EDGE_CURVE('',#2332,#2333,#1467,.T.);
#2926=EDGE_CURVE('',#2333,#2332,#1116,.T.);
#2927=EDGE_CURVE('',#2334,#2335,#1117,.T.);
#2928=EDGE_CURVE('',#2334,#2328,#1468,.T.);
#2929=EDGE_CURVE('',#2335,#2327,#1469,.T.);
#2930=EDGE_CURVE('',#2336,#2334,#1118,.T.);
#2931=EDGE_CURVE('',#2336,#2329,#1470,.T.);
#2932=EDGE_CURVE('',#2335,#2336,#1471,.T.);
#2933=EDGE_CURVE('',#2337,#2338,#1472,.T.);
#2934=EDGE_CURVE('',#2337,#2331,#1473,.T.);
#2935=EDGE_CURVE('',#2338,#2330,#1474,.T.);
#2936=EDGE_CURVE('',#2338,#2337,#1119,.T.);
#2937=EDGE_CURVE('',#2339,#2340,#1475,.T.);
#2938=EDGE_CURVE('',#2339,#2333,#1476,.T.);
#2939=EDGE_CURVE('',#2340,#2332,#1477,.T.);
#2940=EDGE_CURVE('',#2340,#2339,#1120,.T.);
#2941=EDGE_CURVE('',#2341,#2342,#1478,.T.);
#2942=EDGE_CURVE('',#2342,#2343,#1479,.T.);
#2943=EDGE_CURVE('',#2343,#2344,#1121,.T.);
#2944=EDGE_CURVE('',#2344,#2345,#1480,.T.);
#2945=EDGE_CURVE('',#2345,#2346,#1122,.T.);
#2946=EDGE_CURVE('',#2346,#2347,#1481,.T.);
#2947=EDGE_CURVE('',#2347,#2341,#1482,.T.);
#2948=EDGE_CURVE('',#2348,#2349,#1483,.T.);
#2949=EDGE_CURVE('',#2348,#2342,#1484,.T.);
#2950=EDGE_CURVE('',#2349,#2341,#1485,.T.);
#2951=EDGE_CURVE('',#2350,#2348,#1486,.T.);
#2952=EDGE_CURVE('',#2350,#2343,#1487,.T.);
#2953=EDGE_CURVE('',#2351,#2350,#1123,.T.);
#2954=EDGE_CURVE('',#2351,#2344,#1488,.T.);
#2955=EDGE_CURVE('',#2352,#2351,#1489,.T.);
#2956=EDGE_CURVE('',#2352,#2345,#1490,.T.);
#2957=EDGE_CURVE('',#2353,#2352,#1124,.T.);
#2958=EDGE_CURVE('',#2353,#2346,#1491,.T.);
#2959=EDGE_CURVE('',#2354,#2353,#1492,.T.);
#2960=EDGE_CURVE('',#2354,#2347,#1493,.T.);
#2961=EDGE_CURVE('',#2349,#2354,#1494,.T.);
#2962=EDGE_CURVE('',#2355,#2356,#1125,.T.);
#2963=EDGE_CURVE('',#2356,#2357,#1495,.T.);
#2964=EDGE_CURVE('',#2357,#2358,#1126,.T.);
#2965=EDGE_CURVE('',#2358,#2355,#1496,.T.);
#2966=EDGE_CURVE('',#2359,#2360,#1127,.T.);
#2967=EDGE_CURVE('',#2359,#2356,#1497,.T.);
#2968=EDGE_CURVE('',#2360,#2355,#1498,.T.);
#2969=EDGE_CURVE('',#2361,#2359,#1499,.T.);
#2970=EDGE_CURVE('',#2361,#2357,#1500,.T.);
#2971=EDGE_CURVE('',#2362,#2361,#1128,.T.);
#2972=EDGE_CURVE('',#2362,#2358,#1501,.T.);
#2973=EDGE_CURVE('',#2360,#2362,#1502,.T.);
#2974=EDGE_CURVE('',#2363,#2364,#1503,.T.);
#2975=EDGE_CURVE('',#2364,#2365,#1504,.T.);
#2976=EDGE_CURVE('',#2365,#2366,#1505,.T.);
#2977=EDGE_CURVE('',#2366,#2363,#1506,.T.);
#2978=EDGE_CURVE('',#2367,#2368,#1507,.T.);
#2979=EDGE_CURVE('',#2367,#2364,#1508,.T.);
#2980=EDGE_CURVE('',#2368,#2363,#1509,.T.);
#2981=EDGE_CURVE('',#2369,#2367,#1510,.T.);
#2982=EDGE_CURVE('',#2369,#2365,#1511,.T.);
#2983=EDGE_CURVE('',#2370,#2369,#1512,.T.);
#2984=EDGE_CURVE('',#2370,#2366,#1513,.T.);
#2985=EDGE_CURVE('',#2368,#2370,#1514,.T.);
#2986=EDGE_CURVE('',#2371,#2372,#1515,.T.);
#2987=EDGE_CURVE('',#2372,#2373,#1129,.T.);
#2988=EDGE_CURVE('',#2373,#2374,#1516,.T.);
#2989=EDGE_CURVE('',#2371,#2374,#1130,.T.);
#2990=EDGE_CURVE('',#2373,#2375,#1131,.T.);
#2991=EDGE_CURVE('',#2375,#2376,#1517,.T.);
#2992=EDGE_CURVE('',#2374,#2376,#1132,.T.);
#2993=EDGE_CURVE('',#2377,#2378,#1518,.T.);
#2994=EDGE_CURVE('',#2378,#2372,#1133,.T.);
#2995=EDGE_CURVE('',#2377,#2371,#1134,.T.);
#2996=EDGE_CURVE('',#2375,#2378,#1135,.T.);
#2997=EDGE_CURVE('',#2376,#2377,#1136,.T.);
#2998=EDGE_CURVE('',#2379,#2380,#1519,.T.);
#2999=EDGE_CURVE('',#2380,#2381,#1137,.T.);
#3000=EDGE_CURVE('',#2381,#2382,#1520,.T.);
#3001=EDGE_CURVE('',#2379,#2382,#1138,.T.);
#3002=EDGE_CURVE('',#2381,#2383,#1139,.T.);
#3003=EDGE_CURVE('',#2383,#2384,#1521,.T.);
#3004=EDGE_CURVE('',#2382,#2384,#1140,.T.);
#3005=EDGE_CURVE('',#2385,#2386,#1522,.T.);
#3006=EDGE_CURVE('',#2386,#2380,#1141,.T.);
#3007=EDGE_CURVE('',#2385,#2379,#1142,.T.);
#3008=EDGE_CURVE('',#2383,#2386,#1143,.T.);
#3009=EDGE_CURVE('',#2384,#2385,#1144,.T.);
#3010=EDGE_CURVE('',#2387,#2388,#1523,.T.);
#3011=EDGE_CURVE('',#2388,#2389,#1145,.T.);
#3012=EDGE_CURVE('',#2389,#2390,#1524,.T.);
#3013=EDGE_CURVE('',#2391,#2390,#1146,.T.);
#3014=EDGE_CURVE('',#2387,#2391,#1147,.T.);
#3015=EDGE_CURVE('',#2389,#2392,#1148,.T.);
#3016=EDGE_CURVE('',#2392,#2393,#1525,.T.);
#3017=EDGE_CURVE('',#2390,#2393,#1149,.T.);
#3018=EDGE_CURVE('',#2394,#2395,#1526,.T.);
#3019=EDGE_CURVE('',#2395,#2388,#1150,.T.);
#3020=EDGE_CURVE('',#2394,#2387,#1151,.T.);
#3021=EDGE_CURVE('',#2392,#2395,#1152,.T.);
#3022=EDGE_CURVE('',#2396,#2394,#1153,.T.);
#3023=EDGE_CURVE('',#2393,#2396,#1154,.T.);
#3024=EDGE_CURVE('',#2397,#2398,#1527,.T.);
#3025=EDGE_CURVE('',#2398,#2399,#1528,.T.);
#3026=EDGE_CURVE('',#2399,#2400,#1529,.T.);
#3027=EDGE_CURVE('',#2400,#2397,#1155,.T.);
#3028=EDGE_CURVE('',#2400,#2401,#96,.T.);
#3029=EDGE_CURVE('',#2401,#2402,#1156,.T.);
#3030=EDGE_CURVE('',#2402,#2397,#97,.T.);
#3031=EDGE_CURVE('',#2401,#2403,#1530,.T.);
#3032=EDGE_CURVE('',#2403,#2404,#1531,.T.);
#3033=EDGE_CURVE('',#2404,#2402,#1532,.T.);
#3034=EDGE_CURVE('',#2405,#2397,#1533,.T.);
#3035=EDGE_CURVE('',#2406,#2405,#94,.T.);
#3036=EDGE_CURVE('',#2407,#2406,#1534,.T.);
#3037=EDGE_CURVE('',#2398,#2407,#1535,.T.);
#3038=EDGE_CURVE('',#2402,#2408,#1536,.T.);
#3039=EDGE_CURVE('',#2408,#2405,#98,.T.);
#3040=EDGE_CURVE('',#2404,#2409,#1537,.T.);
#3041=EDGE_CURVE('',#2410,#2409,#1538,.T.);
#3042=EDGE_CURVE('',#2408,#2410,#95,.T.);
#3043=EDGE_CURVE('',#2411,#2412,#99,.T.);
#3044=EDGE_CURVE('',#2412,#2413,#100,.T.);
#3045=EDGE_CURVE('',#2413,#2414,#1157,.F.);
#3046=EDGE_CURVE('',#2414,#2411,#101,.T.);
#3047=EDGE_CURVE('',#2415,#2416,#102,.T.);
#3048=EDGE_CURVE('',#2416,#2412,#103,.T.);
#3049=EDGE_CURVE('',#2411,#2415,#104,.T.);
#3050=EDGE_CURVE('',#2417,#2418,#1158,.F.);
#3051=EDGE_CURVE('',#2418,#2416,#105,.T.);
#3052=EDGE_CURVE('',#2415,#2417,#106,.T.);
#3053=EDGE_CURVE('',#2417,#2414,#107,.T.);
#3054=EDGE_CURVE('',#2419,#2419,#108,.T.);
#3055=EDGE_CURVE('',#2420,#2421,#109,.T.);
#3056=EDGE_CURVE('',#2421,#2422,#110,.T.);
#3057=EDGE_CURVE('',#2422,#2423,#111,.T.);
#3058=EDGE_CURVE('',#2423,#2420,#112,.T.);
#3059=EDGE_CURVE('',#2424,#2423,#1159,.F.);
#3060=EDGE_CURVE('',#2422,#2425,#113,.T.);
#3061=EDGE_CURVE('',#2425,#2424,#114,.T.);
#3062=EDGE_CURVE('',#2426,#2424,#1160,.F.);
#3063=EDGE_CURVE('',#2425,#2426,#115,.T.);
#3064=EDGE_CURVE('',#2427,#2420,#1161,.T.);
#3065=EDGE_CURVE('',#2427,#2428,#116,.T.);
#3066=EDGE_CURVE('',#2428,#2421,#117,.T.);
#3067=EDGE_CURVE('',#2429,#2427,#1162,.T.);
#3068=EDGE_CURVE('',#2429,#2428,#118,.T.);
#3069=EDGE_CURVE('',#2425,#2430,#1539,.T.);
#3070=EDGE_CURVE('',#2430,#2431,#119,.F.);
#3071=EDGE_CURVE('',#2431,#2426,#1540,.T.);
#3072=EDGE_CURVE('',#2432,#2428,#1541,.T.);
#3073=EDGE_CURVE('',#2430,#2432,#120,.T.);
#3074=EDGE_CURVE('',#2433,#2434,#121,.T.);
#3075=EDGE_CURVE('',#2434,#2435,#1542,.T.);
#3076=EDGE_CURVE('',#2435,#2436,#122,.T.);
#3077=EDGE_CURVE('',#2436,#2433,#1543,.T.);
#3078=EDGE_CURVE('',#2437,#2433,#123,.T.);
#3079=EDGE_CURVE('',#2433,#2438,#1544,.T.);
#3080=EDGE_CURVE('',#2438,#2439,#124,.T.);
#3081=EDGE_CURVE('',#2439,#2437,#1545,.T.);
#3082=EDGE_CURVE('',#2440,#2441,#125,.T.);
#3083=EDGE_CURVE('',#2441,#2439,#126,.T.);
#3084=EDGE_CURVE('',#2438,#2440,#127,.T.);
#3085=EDGE_CURVE('',#2442,#2443,#128,.T.);
#3086=EDGE_CURVE('',#2443,#2441,#1546,.T.);
#3087=EDGE_CURVE('',#2440,#2442,#1547,.T.);
#3088=EDGE_CURVE('',#2437,#2434,#129,.T.);
#3089=EDGE_CURVE('',#2444,#2442,#130,.T.);
#3090=EDGE_CURVE('',#2442,#2445,#1548,.T.);
#3091=EDGE_CURVE('',#2445,#2446,#131,.T.);
#3092=EDGE_CURVE('',#2446,#2444,#1549,.T.);
#3093=EDGE_CURVE('',#2444,#2443,#132,.T.);
#3094=EDGE_CURVE('',#2437,#2447,#133,.T.);
#3095=EDGE_CURVE('',#2448,#2447,#134,.T.);
#3096=EDGE_CURVE('',#2434,#2448,#135,.T.);
#3097=EDGE_CURVE('',#2449,#2443,#136,.T.);
#3098=EDGE_CURVE('',#2450,#2449,#137,.T.);
#3099=EDGE_CURVE('',#2451,#2450,#138,.T.);
#3100=EDGE_CURVE('',#2452,#2451,#1550,.T.);
#3101=EDGE_CURVE('',#2453,#2452,#139,.T.);
#3102=EDGE_CURVE('',#2454,#2453,#1551,.T.);
#3103=EDGE_CURVE('',#2455,#2454,#140,.T.);
#3104=EDGE_CURVE('',#2456,#2455,#1552,.T.);
#3105=EDGE_CURVE('',#2457,#2456,#141,.T.);
#3106=EDGE_CURVE('',#2458,#2457,#142,.T.);
#3107=EDGE_CURVE('',#2459,#2458,#143,.T.);
#3108=EDGE_CURVE('',#2460,#2459,#144,.T.);
#3109=EDGE_CURVE('',#2461,#2460,#145,.T.);
#3110=EDGE_CURVE('',#2447,#2461,#1553,.T.);
#3111=EDGE_CURVE('',#2462,#2444,#146,.T.);
#3112=EDGE_CURVE('',#2449,#2462,#147,.T.);
#3113=EDGE_CURVE('',#2446,#2435,#148,.T.);
#3114=EDGE_CURVE('',#2463,#2448,#1554,.T.);
#3115=EDGE_CURVE('',#2463,#2464,#149,.T.);
#3116=EDGE_CURVE('',#2464,#2465,#1555,.T.);
#3117=EDGE_CURVE('',#2465,#2465,#150,.T.);
#3118=EDGE_CURVE('',#2464,#2466,#151,.T.);
#3119=EDGE_CURVE('',#2467,#2466,#1556,.T.);
#3120=EDGE_CURVE('',#2467,#2468,#152,.T.);
#3121=EDGE_CURVE('',#2469,#2468,#1557,.T.);
#3122=EDGE_CURVE('',#2469,#2470,#153,.T.);
#3123=EDGE_CURVE('',#2471,#2470,#1558,.T.);
#3124=EDGE_CURVE('',#2471,#2472,#154,.T.);
#3125=EDGE_CURVE('',#2418,#2472,#1559,.T.);
#3126=EDGE_CURVE('',#2462,#2413,#1560,.T.);
#3127=EDGE_CURVE('',#2473,#2471,#155,.T.);
#3128=EDGE_CURVE('',#2470,#2474,#156,.T.);
#3129=EDGE_CURVE('',#2474,#2473,#1561,.T.);
#3130=EDGE_CURVE('',#2451,#2473,#157,.T.);
#3131=EDGE_CURVE('',#2473,#2475,#1562,.T.);
#3132=EDGE_CURVE('',#2475,#2452,#158,.T.);
#3133=EDGE_CURVE('',#2476,#2453,#159,.T.);
#3134=EDGE_CURVE('',#2475,#2476,#160,.T.);
#3135=EDGE_CURVE('',#2477,#2454,#161,.T.);
#3136=EDGE_CURVE('',#2476,#2477,#1563,.T.);
#3137=EDGE_CURVE('',#2451,#2471,#162,.T.);
#3138=EDGE_CURVE('',#2468,#2477,#163,.T.);
#3139=EDGE_CURVE('',#2477,#2478,#1564,.T.);
#3140=EDGE_CURVE('',#2478,#2469,#164,.T.);
#3141=EDGE_CURVE('',#2468,#2454,#165,.T.);
#3142=EDGE_CURVE('',#2472,#2450,#166,.T.);
#3143=EDGE_CURVE('',#2455,#2467,#167,.T.);
#3144=EDGE_CURVE('',#2412,#2479,#1565,.T.);
#3145=EDGE_CURVE('',#2479,#2462,#168,.T.);
#3146=EDGE_CURVE('',#2449,#2479,#169,.T.);
#3147=EDGE_CURVE('',#2479,#2480,#170,.T.);
#3148=EDGE_CURVE('',#2480,#2450,#171,.T.);
#3149=EDGE_CURVE('',#2472,#2480,#172,.T.);
#3150=EDGE_CURVE('',#2480,#2416,#1566,.T.);
#3151=EDGE_CURVE('',#2481,#2481,#173,.T.);
#3152=EDGE_CURVE('',#2481,#2482,#174,.T.);
#3153=EDGE_CURVE('',#2482,#2483,#175,.T.);
#3154=EDGE_CURVE('',#2483,#2482,#176,.T.);
#3155=EDGE_CURVE('',#2483,#2419,#1567,.T.);
#3156=EDGE_CURVE('',#2484,#2467,#177,.T.);
#3157=EDGE_CURVE('',#2466,#2485,#178,.T.);
#3158=EDGE_CURVE('',#2485,#2484,#1568,.T.);
#3159=EDGE_CURVE('',#2486,#2432,#179,.F.);
#3160=EDGE_CURVE('',#2459,#2486,#180,.F.);
#3161=EDGE_CURVE('',#2432,#2459,#181,.F.);
#3162=EDGE_CURVE('',#2487,#2460,#182,.T.);
#3163=EDGE_CURVE('',#2486,#2487,#183,.T.);
#3164=EDGE_CURVE('',#2488,#2461,#184,.T.);
#3165=EDGE_CURVE('',#2487,#2488,#185,.T.);
#3166=EDGE_CURVE('',#2489,#2447,#186,.T.);
#3167=EDGE_CURVE('',#2488,#2489,#1569,.T.);
#3168=EDGE_CURVE('',#2458,#2430,#187,.F.);
#3169=EDGE_CURVE('',#2431,#2458,#188,.F.);
#3170=EDGE_CURVE('',#2455,#2484,#189,.T.);
#3171=EDGE_CURVE('',#2484,#2490,#1570,.T.);
#3172=EDGE_CURVE('',#2490,#2456,#190,.T.);
#3173=EDGE_CURVE('',#2491,#2457,#191,.T.);
#3174=EDGE_CURVE('',#2490,#2491,#192,.T.);
#3175=EDGE_CURVE('',#2491,#2431,#193,.T.);
#3176=EDGE_CURVE('',#2429,#2486,#1571,.T.);
#3177=EDGE_CURVE('',#2448,#2489,#194,.T.);
#3178=EDGE_CURVE('',#2489,#2492,#1572,.T.);
#3179=EDGE_CURVE('',#2492,#2463,#195,.T.);
#3180=EDGE_CURVE('',#2490,#2493,#1573,.T.);
#3181=EDGE_CURVE('',#2493,#2494,#1163,.T.);
#3182=EDGE_CURVE('',#2491,#2494,#1574,.T.);
#3183=EDGE_CURVE('',#2495,#2485,#1575,.T.);
#3184=EDGE_CURVE('',#2496,#2495,#1576,.T.);
#3185=EDGE_CURVE('',#2496,#2497,#15,.T.);
#3186=EDGE_CURVE('',#2497,#2493,#16,.T.);
#3187=EDGE_CURVE('',#2498,#2498,#196,.T.);
#3188=EDGE_CURVE('',#2498,#2499,#1577,.T.);
#3189=EDGE_CURVE('',#2500,#2500,#197,.T.);
#3190=EDGE_CURVE('',#2500,#2498,#1578,.T.);
#3191=EDGE_CURVE('',#2501,#2501,#198,.T.);
#3192=EDGE_CURVE('',#2501,#2502,#1579,.T.);
#3193=EDGE_CURVE('',#2503,#2503,#199,.T.);
#3194=EDGE_CURVE('',#2503,#2501,#1580,.T.);
#3195=EDGE_CURVE('',#2504,#2504,#200,.T.);
#3196=EDGE_CURVE('',#2504,#2505,#1581,.T.);
#3197=EDGE_CURVE('',#2506,#2506,#201,.T.);
#3198=EDGE_CURVE('',#2506,#2504,#1582,.T.);
#3199=EDGE_CURVE('',#2507,#2507,#202,.T.);
#3200=EDGE_CURVE('',#2507,#2508,#1583,.T.);
#3201=EDGE_CURVE('',#2509,#2509,#203,.T.);
#3202=EDGE_CURVE('',#2509,#2507,#1584,.T.);
#3203=EDGE_CURVE('',#2510,#2511,#1585,.T.);
#3204=EDGE_CURVE('',#2510,#2512,#1586,.T.);
#3205=EDGE_CURVE('',#2512,#2513,#1587,.T.);
#3206=EDGE_CURVE('',#2511,#2513,#1588,.T.);
#3207=EDGE_CURVE('',#2514,#2514,#204,.T.);
#3208=EDGE_CURVE('',#2515,#2510,#205,.T.);
#3209=EDGE_CURVE('',#2515,#2516,#1589,.T.);
#3210=EDGE_CURVE('',#2516,#2512,#206,.T.);
#3211=EDGE_CURVE('',#2517,#2515,#1590,.T.);
#3212=EDGE_CURVE('',#2517,#2518,#1591,.T.);
#3213=EDGE_CURVE('',#2518,#2516,#1592,.T.);
#3214=EDGE_CURVE('',#2511,#2517,#207,.T.);
#3215=EDGE_CURVE('',#2513,#2518,#208,.T.);
#3216=EDGE_CURVE('',#2519,#2519,#209,.T.);
#3217=EDGE_CURVE('',#2520,#2520,#210,.T.);
#3218=EDGE_CURVE('',#2520,#2497,#1593,.T.);
#3219=EDGE_CURVE('',#2521,#2496,#1164,.T.);
#3220=EDGE_CURVE('',#2494,#2521,#1165,.T.);
#3221=EDGE_CURVE('',#2522,#2522,#211,.T.);
#3222=EDGE_CURVE('',#2522,#2523,#1594,.T.);
#3223=EDGE_CURVE('',#2524,#2523,#1166,.T.);
#3224=EDGE_CURVE('',#2525,#2524,#1167,.T.);
#3225=EDGE_CURVE('',#2526,#2525,#17,.T.);
#3226=EDGE_CURVE('',#2527,#2526,#1168,.T.);
#3227=EDGE_CURVE('',#2523,#2527,#1169,.T.);
#3228=EDGE_CURVE('',#2519,#2528,#1595,.T.);
#3229=EDGE_CURVE('',#2528,#2528,#1170,.T.);
#3230=EDGE_CURVE('',#2529,#2495,#212,.T.);
#3231=EDGE_CURVE('',#2521,#2529,#1596,.T.);
#3232=EDGE_CURVE('',#2487,#2527,#1597,.T.);
#3233=EDGE_CURVE('',#2488,#2526,#1598,.T.);
#3234=EDGE_CURVE('',#2524,#2530,#1599,.T.);
#3235=EDGE_CURVE('',#2531,#2530,#213,.T.);
#3236=EDGE_CURVE('',#2525,#2531,#1600,.T.);
#3237=EDGE_CURVE('',#2532,#2532,#214,.T.);
#3238=EDGE_CURVE('',#2532,#2533,#1601,.T.);
#3239=EDGE_CURVE('',#2534,#2534,#215,.T.);
#3240=EDGE_CURVE('',#2534,#2532,#1602,.T.);
#3241=EDGE_CURVE('',#2535,#2535,#216,.T.);
#3242=EDGE_CURVE('',#2535,#2514,#1603,.T.);
#3243=EDGE_CURVE('',#2536,#2536,#217,.T.);
#3244=EDGE_CURVE('',#2536,#2537,#1604,.T.);
#3245=EDGE_CURVE('',#2537,#2537,#218,.T.);
#3246=EDGE_CURVE('',#2538,#2538,#219,.T.);
#3247=EDGE_CURVE('',#2538,#2539,#1605,.T.);
#3248=EDGE_CURVE('',#2539,#2539,#220,.T.);
#3249=EDGE_CURVE('',#2420,#2423,#221,.T.);
#3250=EDGE_CURVE('',#2540,#2540,#222,.T.);
#3251=EDGE_CURVE('',#2540,#2541,#1606,.T.);
#3252=EDGE_CURVE('',#2529,#2541,#223,.T.);
#3253=EDGE_CURVE('',#2541,#2495,#224,.T.);
#3254=EDGE_CURVE('',#2542,#2542,#225,.T.);
#3255=EDGE_CURVE('',#2543,#2543,#226,.T.);
#3256=EDGE_CURVE('',#2543,#2544,#1607,.T.);
#3257=EDGE_CURVE('',#2531,#2544,#227,.T.);
#3258=EDGE_CURVE('',#2544,#2530,#228,.T.);
#3259=EDGE_CURVE('',#2545,#2545,#229,.T.);
#3260=EDGE_CURVE('',#2546,#2546,#230,.T.);
#3261=EDGE_CURVE('',#2546,#2547,#1608,.T.);
#3262=EDGE_CURVE('',#2547,#2548,#231,.T.);
#3263=EDGE_CURVE('',#2549,#2548,#232,.T.);
#3264=EDGE_CURVE('',#2549,#2547,#233,.T.);
#3265=EDGE_CURVE('',#2438,#2548,#1609,.T.);
#3266=EDGE_CURVE('',#2440,#2549,#1610,.T.);
#3267=EDGE_CURVE('',#2550,#2550,#234,.T.);
#3268=EDGE_CURVE('',#2551,#2551,#235,.T.);
#3269=EDGE_CURVE('',#2551,#2552,#1611,.T.);
#3270=EDGE_CURVE('',#2553,#2552,#236,.T.);
#3271=EDGE_CURVE('',#2553,#2554,#237,.T.);
#3272=EDGE_CURVE('',#2552,#2554,#238,.T.);
#3273=EDGE_CURVE('',#2475,#2554,#1612,.T.);
#3274=EDGE_CURVE('',#2476,#2553,#1613,.T.);
#3275=EDGE_CURVE('',#2555,#2555,#239,.T.);
#3276=EDGE_CURVE('',#2555,#2556,#1614,.T.);
#3277=EDGE_CURVE('',#2556,#2556,#240,.T.);
#3278=EDGE_CURVE('',#2542,#2557,#1615,.T.);
#3279=EDGE_CURVE('',#2557,#2557,#241,.T.);
#3280=EDGE_CURVE('',#2492,#2531,#1616,.T.);
#3281=EDGE_CURVE('',#2530,#2529,#242,.T.);
#3282=EDGE_CURVE('',#2550,#2558,#1617,.T.);
#3283=EDGE_CURVE('',#2558,#2558,#243,.T.);
#3284=EDGE_CURVE('',#2548,#2436,#1618,.T.);
#3285=EDGE_CURVE('',#2445,#2549,#1619,.T.);
#3286=EDGE_CURVE('',#2545,#2559,#1620,.T.);
#3287=EDGE_CURVE('',#2559,#2559,#244,.T.);
#3288=EDGE_CURVE('',#2554,#2474,#1621,.T.);
#3289=EDGE_CURVE('',#2478,#2553,#1622,.T.);
#3290=EDGE_CURVE('',#2409,#2407,#1623,.T.);
#3291=EDGE_CURVE('',#2399,#2403,#1624,.T.);
#3292=EDGE_CURVE('',#2560,#2560,#245,.T.);
#3293=EDGE_CURVE('',#2560,#2561,#1625,.T.);
#3294=EDGE_CURVE('',#2561,#2561,#246,.T.);
#3295=EDGE_CURVE('',#2562,#2562,#247,.T.);
#3296=EDGE_CURVE('',#2562,#2560,#1626,.T.);
#3297=EDGE_CURVE('',#2563,#2563,#248,.T.);
#3298=EDGE_CURVE('',#2563,#2562,#1627,.T.);
#3299=EDGE_CURVE('',#2564,#2564,#249,.T.);
#3300=EDGE_CURVE('',#2564,#2396,#1628,.T.);
#3301=EDGE_CURVE('',#2391,#2563,#1629,.T.);
#3302=EDGE_CURVE('',#2410,#2406,#250,.T.);
#3303=EDGE_CURVE('',#2565,#2565,#251,.T.);
#3304=EDGE_CURVE('',#2561,#2565,#1630,.T.);
#3305=ORIENTED_EDGE('',*,*,#2566,.T.);
#3306=ORIENTED_EDGE('',*,*,#2567,.T.);
#3307=ORIENTED_EDGE('',*,*,#2568,.T.);
#3308=ORIENTED_EDGE('',*,*,#2569,.T.);
#3309=ORIENTED_EDGE('',*,*,#2570,.T.);
#3310=ORIENTED_EDGE('',*,*,#2571,.T.);
#3311=ORIENTED_EDGE('',*,*,#2572,.T.);
#3312=ORIENTED_EDGE('',*,*,#2573,.F.);
#3313=ORIENTED_EDGE('',*,*,#2574,.T.);
#3314=ORIENTED_EDGE('',*,*,#2566,.F.);
#3315=ORIENTED_EDGE('',*,*,#2575,.F.);
#3316=ORIENTED_EDGE('',*,*,#2576,.F.);
#3317=ORIENTED_EDGE('',*,*,#2577,.T.);
#3318=ORIENTED_EDGE('',*,*,#2567,.F.);
#3319=ORIENTED_EDGE('',*,*,#2574,.F.);
#3320=ORIENTED_EDGE('',*,*,#2578,.F.);
#3321=ORIENTED_EDGE('',*,*,#2579,.T.);
#3322=ORIENTED_EDGE('',*,*,#2568,.F.);
#3323=ORIENTED_EDGE('',*,*,#2577,.F.);
#3324=ORIENTED_EDGE('',*,*,#2580,.F.);
#3325=ORIENTED_EDGE('',*,*,#2581,.T.);
#3326=ORIENTED_EDGE('',*,*,#2569,.F.);
#3327=ORIENTED_EDGE('',*,*,#2579,.F.);
#3328=ORIENTED_EDGE('',*,*,#2582,.F.);
#3329=ORIENTED_EDGE('',*,*,#2583,.T.);
#3330=ORIENTED_EDGE('',*,*,#2570,.F.);
#3331=ORIENTED_EDGE('',*,*,#2581,.F.);
#3332=ORIENTED_EDGE('',*,*,#2584,.F.);
#3333=ORIENTED_EDGE('',*,*,#2585,.T.);
#3334=ORIENTED_EDGE('',*,*,#2571,.F.);
#3335=ORIENTED_EDGE('',*,*,#2583,.F.);
#3336=ORIENTED_EDGE('',*,*,#2586,.F.);
#3337=ORIENTED_EDGE('',*,*,#2575,.T.);
#3338=ORIENTED_EDGE('',*,*,#2572,.F.);
#3339=ORIENTED_EDGE('',*,*,#2585,.F.);
#3340=ORIENTED_EDGE('',*,*,#2587,.T.);
#3341=ORIENTED_EDGE('',*,*,#2588,.T.);
#3342=ORIENTED_EDGE('',*,*,#2589,.T.);
#3343=ORIENTED_EDGE('',*,*,#2590,.T.);
#3344=ORIENTED_EDGE('',*,*,#2591,.F.);
#3345=ORIENTED_EDGE('',*,*,#2592,.T.);
#3346=ORIENTED_EDGE('',*,*,#2587,.F.);
#3347=ORIENTED_EDGE('',*,*,#2593,.F.);
#3348=ORIENTED_EDGE('',*,*,#2594,.F.);
#3349=ORIENTED_EDGE('',*,*,#2595,.T.);
#3350=ORIENTED_EDGE('',*,*,#2588,.F.);
#3351=ORIENTED_EDGE('',*,*,#2592,.F.);
#3352=ORIENTED_EDGE('',*,*,#2596,.F.);
#3353=ORIENTED_EDGE('',*,*,#2597,.T.);
#3354=ORIENTED_EDGE('',*,*,#2589,.F.);
#3355=ORIENTED_EDGE('',*,*,#2595,.F.);
#3356=ORIENTED_EDGE('',*,*,#2598,.F.);
#3357=ORIENTED_EDGE('',*,*,#2593,.T.);
#3358=ORIENTED_EDGE('',*,*,#2590,.F.);
#3359=ORIENTED_EDGE('',*,*,#2597,.F.);
#3360=ORIENTED_EDGE('',*,*,#2599,.T.);
#3361=ORIENTED_EDGE('',*,*,#2600,.T.);
#3362=ORIENTED_EDGE('',*,*,#2601,.T.);
#3363=ORIENTED_EDGE('',*,*,#2602,.T.);
#3364=ORIENTED_EDGE('',*,*,#2603,.T.);
#3365=ORIENTED_EDGE('',*,*,#2604,.T.);
#3366=ORIENTED_EDGE('',*,*,#2605,.T.);
#3367=ORIENTED_EDGE('',*,*,#2606,.T.);
#3368=ORIENTED_EDGE('',*,*,#2607,.T.);
#3369=ORIENTED_EDGE('',*,*,#2608,.T.);
#3370=ORIENTED_EDGE('',*,*,#2609,.T.);
#3371=ORIENTED_EDGE('',*,*,#2610,.T.);
#3372=ORIENTED_EDGE('',*,*,#2611,.F.);
#3373=ORIENTED_EDGE('',*,*,#2612,.T.);
#3374=ORIENTED_EDGE('',*,*,#2599,.F.);
#3375=ORIENTED_EDGE('',*,*,#2613,.F.);
#3376=ORIENTED_EDGE('',*,*,#2614,.F.);
#3377=ORIENTED_EDGE('',*,*,#2615,.T.);
#3378=ORIENTED_EDGE('',*,*,#2600,.F.);
#3379=ORIENTED_EDGE('',*,*,#2612,.F.);
#3380=ORIENTED_EDGE('',*,*,#2616,.F.);
#3381=ORIENTED_EDGE('',*,*,#2617,.T.);
#3382=ORIENTED_EDGE('',*,*,#2601,.F.);
#3383=ORIENTED_EDGE('',*,*,#2615,.F.);
#3384=ORIENTED_EDGE('',*,*,#2618,.F.);
#3385=ORIENTED_EDGE('',*,*,#2619,.T.);
#3386=ORIENTED_EDGE('',*,*,#2602,.F.);
#3387=ORIENTED_EDGE('',*,*,#2617,.F.);
#3388=ORIENTED_EDGE('',*,*,#2620,.F.);
#3389=ORIENTED_EDGE('',*,*,#2621,.T.);
#3390=ORIENTED_EDGE('',*,*,#2603,.F.);
#3391=ORIENTED_EDGE('',*,*,#2619,.F.);
#3392=ORIENTED_EDGE('',*,*,#2622,.F.);
#3393=ORIENTED_EDGE('',*,*,#2623,.T.);
#3394=ORIENTED_EDGE('',*,*,#2604,.F.);
#3395=ORIENTED_EDGE('',*,*,#2621,.F.);
#3396=ORIENTED_EDGE('',*,*,#2624,.F.);
#3397=ORIENTED_EDGE('',*,*,#2625,.T.);
#3398=ORIENTED_EDGE('',*,*,#2605,.F.);
#3399=ORIENTED_EDGE('',*,*,#2623,.F.);
#3400=ORIENTED_EDGE('',*,*,#2626,.F.);
#3401=ORIENTED_EDGE('',*,*,#2627,.T.);
#3402=ORIENTED_EDGE('',*,*,#2606,.F.);
#3403=ORIENTED_EDGE('',*,*,#2625,.F.);
#3404=ORIENTED_EDGE('',*,*,#2628,.F.);
#3405=ORIENTED_EDGE('',*,*,#2629,.T.);
#3406=ORIENTED_EDGE('',*,*,#2607,.F.);
#3407=ORIENTED_EDGE('',*,*,#2627,.F.);
#3408=ORIENTED_EDGE('',*,*,#2630,.F.);
#3409=ORIENTED_EDGE('',*,*,#2631,.T.);
#3410=ORIENTED_EDGE('',*,*,#2608,.F.);
#3411=ORIENTED_EDGE('',*,*,#2629,.F.);
#3412=ORIENTED_EDGE('',*,*,#2632,.F.);
#3413=ORIENTED_EDGE('',*,*,#2633,.T.);
#3414=ORIENTED_EDGE('',*,*,#2609,.F.);
#3415=ORIENTED_EDGE('',*,*,#2631,.F.);
#3416=ORIENTED_EDGE('',*,*,#2634,.F.);
#3417=ORIENTED_EDGE('',*,*,#2613,.T.);
#3418=ORIENTED_EDGE('',*,*,#2610,.F.);
#3419=ORIENTED_EDGE('',*,*,#2633,.F.);
#3420=ORIENTED_EDGE('',*,*,#2635,.T.);
#3421=ORIENTED_EDGE('',*,*,#2636,.T.);
#3422=ORIENTED_EDGE('',*,*,#2637,.T.);
#3423=ORIENTED_EDGE('',*,*,#2638,.T.);
#3424=ORIENTED_EDGE('',*,*,#2639,.T.);
#3425=ORIENTED_EDGE('',*,*,#2640,.T.);
#3426=ORIENTED_EDGE('',*,*,#2641,.T.);
#3427=ORIENTED_EDGE('',*,*,#2642,.F.);
#3428=ORIENTED_EDGE('',*,*,#2643,.T.);
#3429=ORIENTED_EDGE('',*,*,#2635,.F.);
#3430=ORIENTED_EDGE('',*,*,#2644,.F.);
#3431=ORIENTED_EDGE('',*,*,#2645,.F.);
#3432=ORIENTED_EDGE('',*,*,#2646,.T.);
#3433=ORIENTED_EDGE('',*,*,#2636,.F.);
#3434=ORIENTED_EDGE('',*,*,#2643,.F.);
#3435=ORIENTED_EDGE('',*,*,#2647,.F.);
#3436=ORIENTED_EDGE('',*,*,#2648,.T.);
#3437=ORIENTED_EDGE('',*,*,#2637,.F.);
#3438=ORIENTED_EDGE('',*,*,#2646,.F.);
#3439=ORIENTED_EDGE('',*,*,#2649,.F.);
#3440=ORIENTED_EDGE('',*,*,#2650,.T.);
#3441=ORIENTED_EDGE('',*,*,#2638,.F.);
#3442=ORIENTED_EDGE('',*,*,#2648,.F.);
#3443=ORIENTED_EDGE('',*,*,#2651,.F.);
#3444=ORIENTED_EDGE('',*,*,#2652,.T.);
#3445=ORIENTED_EDGE('',*,*,#2639,.F.);
#3446=ORIENTED_EDGE('',*,*,#2650,.F.);
#3447=ORIENTED_EDGE('',*,*,#2653,.F.);
#3448=ORIENTED_EDGE('',*,*,#2644,.T.);
#3449=ORIENTED_EDGE('',*,*,#2640,.F.);
#3450=ORIENTED_EDGE('',*,*,#2652,.F.);
#3451=ORIENTED_EDGE('',*,*,#2654,.F.);
#3452=ORIENTED_EDGE('',*,*,#2655,.T.);
#3453=ORIENTED_EDGE('',*,*,#2641,.F.);
#3454=ORIENTED_EDGE('',*,*,#2655,.F.);
#3455=ORIENTED_EDGE('',*,*,#2654,.T.);
#3456=ORIENTED_EDGE('',*,*,#2656,.T.);
#3457=ORIENTED_EDGE('',*,*,#2657,.T.);
#3458=ORIENTED_EDGE('',*,*,#2658,.T.);
#3459=ORIENTED_EDGE('',*,*,#2659,.T.);
#3460=ORIENTED_EDGE('',*,*,#2660,.F.);
#3461=ORIENTED_EDGE('',*,*,#2661,.T.);
#3462=ORIENTED_EDGE('',*,*,#2656,.F.);
#3463=ORIENTED_EDGE('',*,*,#2662,.F.);
#3464=ORIENTED_EDGE('',*,*,#2663,.F.);
#3465=ORIENTED_EDGE('',*,*,#2664,.T.);
#3466=ORIENTED_EDGE('',*,*,#2657,.F.);
#3467=ORIENTED_EDGE('',*,*,#2661,.F.);
#3468=ORIENTED_EDGE('',*,*,#2665,.F.);
#3469=ORIENTED_EDGE('',*,*,#2666,.T.);
#3470=ORIENTED_EDGE('',*,*,#2658,.F.);
#3471=ORIENTED_EDGE('',*,*,#2664,.F.);
#3472=ORIENTED_EDGE('',*,*,#2667,.F.);
#3473=ORIENTED_EDGE('',*,*,#2662,.T.);
#3474=ORIENTED_EDGE('',*,*,#2659,.F.);
#3475=ORIENTED_EDGE('',*,*,#2666,.F.);
#3476=ORIENTED_EDGE('',*,*,#2668,.T.);
#3477=ORIENTED_EDGE('',*,*,#2669,.T.);
#3478=ORIENTED_EDGE('',*,*,#2670,.T.);
#3479=ORIENTED_EDGE('',*,*,#2671,.T.);
#3480=ORIENTED_EDGE('',*,*,#2672,.T.);
#3481=ORIENTED_EDGE('',*,*,#2673,.T.);
#3482=ORIENTED_EDGE('',*,*,#2674,.T.);
#3483=ORIENTED_EDGE('',*,*,#2675,.F.);
#3484=ORIENTED_EDGE('',*,*,#2676,.T.);
#3485=ORIENTED_EDGE('',*,*,#2668,.F.);
#3486=ORIENTED_EDGE('',*,*,#2677,.F.);
#3487=ORIENTED_EDGE('',*,*,#2678,.F.);
#3488=ORIENTED_EDGE('',*,*,#2679,.T.);
#3489=ORIENTED_EDGE('',*,*,#2669,.F.);
#3490=ORIENTED_EDGE('',*,*,#2676,.F.);
#3491=ORIENTED_EDGE('',*,*,#2680,.F.);
#3492=ORIENTED_EDGE('',*,*,#2681,.T.);
#3493=ORIENTED_EDGE('',*,*,#2670,.F.);
#3494=ORIENTED_EDGE('',*,*,#2679,.F.);
#3495=ORIENTED_EDGE('',*,*,#2682,.F.);
#3496=ORIENTED_EDGE('',*,*,#2683,.T.);
#3497=ORIENTED_EDGE('',*,*,#2671,.F.);
#3498=ORIENTED_EDGE('',*,*,#2681,.F.);
#3499=ORIENTED_EDGE('',*,*,#2684,.F.);
#3500=ORIENTED_EDGE('',*,*,#2685,.T.);
#3501=ORIENTED_EDGE('',*,*,#2672,.F.);
#3502=ORIENTED_EDGE('',*,*,#2683,.F.);
#3503=ORIENTED_EDGE('',*,*,#2686,.F.);
#3504=ORIENTED_EDGE('',*,*,#2687,.T.);
#3505=ORIENTED_EDGE('',*,*,#2673,.F.);
#3506=ORIENTED_EDGE('',*,*,#2685,.F.);
#3507=ORIENTED_EDGE('',*,*,#2688,.F.);
#3508=ORIENTED_EDGE('',*,*,#2677,.T.);
#3509=ORIENTED_EDGE('',*,*,#2674,.F.);
#3510=ORIENTED_EDGE('',*,*,#2687,.F.);
#3511=ORIENTED_EDGE('',*,*,#2689,.T.);
#3512=ORIENTED_EDGE('',*,*,#2690,.T.);
#3513=ORIENTED_EDGE('',*,*,#2691,.F.);
#3514=ORIENTED_EDGE('',*,*,#2692,.T.);
#3515=ORIENTED_EDGE('',*,*,#2689,.F.);
#3516=ORIENTED_EDGE('',*,*,#2692,.F.);
#3517=ORIENTED_EDGE('',*,*,#2693,.F.);
#3518=ORIENTED_EDGE('',*,*,#2694,.T.);
#3519=ORIENTED_EDGE('',*,*,#2690,.F.);
#3520=ORIENTED_EDGE('',*,*,#2694,.F.);
#3521=ORIENTED_EDGE('',*,*,#2693,.T.);
#3522=ORIENTED_EDGE('',*,*,#2695,.T.);
#3523=ORIENTED_EDGE('',*,*,#2696,.T.);
#3524=ORIENTED_EDGE('',*,*,#2697,.T.);
#3525=ORIENTED_EDGE('',*,*,#2698,.T.);
#3526=ORIENTED_EDGE('',*,*,#2699,.T.);
#3527=ORIENTED_EDGE('',*,*,#2700,.T.);
#3528=ORIENTED_EDGE('',*,*,#2701,.T.);
#3529=ORIENTED_EDGE('',*,*,#2702,.F.);
#3530=ORIENTED_EDGE('',*,*,#2703,.T.);
#3531=ORIENTED_EDGE('',*,*,#2695,.F.);
#3532=ORIENTED_EDGE('',*,*,#2704,.F.);
#3533=ORIENTED_EDGE('',*,*,#2705,.F.);
#3534=ORIENTED_EDGE('',*,*,#2706,.T.);
#3535=ORIENTED_EDGE('',*,*,#2696,.F.);
#3536=ORIENTED_EDGE('',*,*,#2703,.F.);
#3537=ORIENTED_EDGE('',*,*,#2707,.F.);
#3538=ORIENTED_EDGE('',*,*,#2708,.T.);
#3539=ORIENTED_EDGE('',*,*,#2697,.F.);
#3540=ORIENTED_EDGE('',*,*,#2706,.F.);
#3541=ORIENTED_EDGE('',*,*,#2709,.F.);
#3542=ORIENTED_EDGE('',*,*,#2710,.T.);
#3543=ORIENTED_EDGE('',*,*,#2698,.F.);
#3544=ORIENTED_EDGE('',*,*,#2708,.F.);
#3545=ORIENTED_EDGE('',*,*,#2711,.F.);
#3546=ORIENTED_EDGE('',*,*,#2712,.T.);
#3547=ORIENTED_EDGE('',*,*,#2699,.F.);
#3548=ORIENTED_EDGE('',*,*,#2710,.F.);
#3549=ORIENTED_EDGE('',*,*,#2713,.F.);
#3550=ORIENTED_EDGE('',*,*,#2714,.T.);
#3551=ORIENTED_EDGE('',*,*,#2700,.F.);
#3552=ORIENTED_EDGE('',*,*,#2712,.F.);
#3553=ORIENTED_EDGE('',*,*,#2715,.F.);
#3554=ORIENTED_EDGE('',*,*,#2704,.T.);
#3555=ORIENTED_EDGE('',*,*,#2701,.F.);
#3556=ORIENTED_EDGE('',*,*,#2714,.F.);
#3557=ORIENTED_EDGE('',*,*,#2716,.T.);
#3558=ORIENTED_EDGE('',*,*,#2717,.T.);
#3559=ORIENTED_EDGE('',*,*,#2718,.T.);
#3560=ORIENTED_EDGE('',*,*,#2719,.T.);
#3561=ORIENTED_EDGE('',*,*,#2720,.F.);
#3562=ORIENTED_EDGE('',*,*,#2721,.T.);
#3563=ORIENTED_EDGE('',*,*,#2716,.F.);
#3564=ORIENTED_EDGE('',*,*,#2722,.F.);
#3565=ORIENTED_EDGE('',*,*,#2723,.F.);
#3566=ORIENTED_EDGE('',*,*,#2724,.T.);
#3567=ORIENTED_EDGE('',*,*,#2717,.F.);
#3568=ORIENTED_EDGE('',*,*,#2721,.F.);
#3569=ORIENTED_EDGE('',*,*,#2725,.F.);
#3570=ORIENTED_EDGE('',*,*,#2726,.T.);
#3571=ORIENTED_EDGE('',*,*,#2718,.F.);
#3572=ORIENTED_EDGE('',*,*,#2724,.F.);
#3573=ORIENTED_EDGE('',*,*,#2727,.F.);
#3574=ORIENTED_EDGE('',*,*,#2722,.T.);
#3575=ORIENTED_EDGE('',*,*,#2719,.F.);
#3576=ORIENTED_EDGE('',*,*,#2726,.F.);
#3577=ORIENTED_EDGE('',*,*,#2728,.T.);
#3578=ORIENTED_EDGE('',*,*,#2729,.T.);
#3579=ORIENTED_EDGE('',*,*,#2730,.T.);
#3580=ORIENTED_EDGE('',*,*,#2731,.T.);
#3581=ORIENTED_EDGE('',*,*,#2732,.F.);
#3582=ORIENTED_EDGE('',*,*,#2733,.T.);
#3583=ORIENTED_EDGE('',*,*,#2728,.F.);
#3584=ORIENTED_EDGE('',*,*,#2734,.F.);
#3585=ORIENTED_EDGE('',*,*,#2735,.F.);
#3586=ORIENTED_EDGE('',*,*,#2736,.T.);
#3587=ORIENTED_EDGE('',*,*,#2729,.F.);
#3588=ORIENTED_EDGE('',*,*,#2733,.F.);
#3589=ORIENTED_EDGE('',*,*,#2737,.F.);
#3590=ORIENTED_EDGE('',*,*,#2738,.T.);
#3591=ORIENTED_EDGE('',*,*,#2730,.F.);
#3592=ORIENTED_EDGE('',*,*,#2736,.F.);
#3593=ORIENTED_EDGE('',*,*,#2739,.F.);
#3594=ORIENTED_EDGE('',*,*,#2734,.T.);
#3595=ORIENTED_EDGE('',*,*,#2731,.F.);
#3596=ORIENTED_EDGE('',*,*,#2738,.F.);
#3597=ORIENTED_EDGE('',*,*,#2740,.T.);
#3598=ORIENTED_EDGE('',*,*,#2741,.T.);
#3599=ORIENTED_EDGE('',*,*,#2742,.T.);
#3600=ORIENTED_EDGE('',*,*,#2743,.T.);
#3601=ORIENTED_EDGE('',*,*,#2744,.T.);
#3602=ORIENTED_EDGE('',*,*,#2745,.T.);
#3603=ORIENTED_EDGE('',*,*,#2746,.T.);
#3604=ORIENTED_EDGE('',*,*,#2747,.F.);
#3605=ORIENTED_EDGE('',*,*,#2748,.T.);
#3606=ORIENTED_EDGE('',*,*,#2740,.F.);
#3607=ORIENTED_EDGE('',*,*,#2749,.F.);
#3608=ORIENTED_EDGE('',*,*,#2750,.F.);
#3609=ORIENTED_EDGE('',*,*,#2751,.T.);
#3610=ORIENTED_EDGE('',*,*,#2741,.F.);
#3611=ORIENTED_EDGE('',*,*,#2748,.F.);
#3612=ORIENTED_EDGE('',*,*,#2752,.F.);
#3613=ORIENTED_EDGE('',*,*,#2753,.T.);
#3614=ORIENTED_EDGE('',*,*,#2742,.F.);
#3615=ORIENTED_EDGE('',*,*,#2751,.F.);
#3616=ORIENTED_EDGE('',*,*,#2754,.F.);
#3617=ORIENTED_EDGE('',*,*,#2755,.T.);
#3618=ORIENTED_EDGE('',*,*,#2743,.F.);
#3619=ORIENTED_EDGE('',*,*,#2753,.F.);
#3620=ORIENTED_EDGE('',*,*,#2756,.F.);
#3621=ORIENTED_EDGE('',*,*,#2757,.T.);
#3622=ORIENTED_EDGE('',*,*,#2744,.F.);
#3623=ORIENTED_EDGE('',*,*,#2755,.F.);
#3624=ORIENTED_EDGE('',*,*,#2758,.F.);
#3625=ORIENTED_EDGE('',*,*,#2749,.T.);
#3626=ORIENTED_EDGE('',*,*,#2745,.F.);
#3627=ORIENTED_EDGE('',*,*,#2757,.F.);
#3628=ORIENTED_EDGE('',*,*,#2759,.F.);
#3629=ORIENTED_EDGE('',*,*,#2760,.T.);
#3630=ORIENTED_EDGE('',*,*,#2746,.F.);
#3631=ORIENTED_EDGE('',*,*,#2760,.F.);
#3632=ORIENTED_EDGE('',*,*,#2759,.T.);
#3633=ORIENTED_EDGE('',*,*,#2761,.T.);
#3634=ORIENTED_EDGE('',*,*,#2762,.T.);
#3635=ORIENTED_EDGE('',*,*,#2763,.T.);
#3636=ORIENTED_EDGE('',*,*,#2764,.T.);
#3637=ORIENTED_EDGE('',*,*,#2765,.T.);
#3638=ORIENTED_EDGE('',*,*,#2766,.T.);
#3639=ORIENTED_EDGE('',*,*,#2767,.T.);
#3640=ORIENTED_EDGE('',*,*,#2768,.F.);
#3641=ORIENTED_EDGE('',*,*,#2769,.T.);
#3642=ORIENTED_EDGE('',*,*,#2761,.F.);
#3643=ORIENTED_EDGE('',*,*,#2770,.F.);
#3644=ORIENTED_EDGE('',*,*,#2771,.F.);
#3645=ORIENTED_EDGE('',*,*,#2772,.T.);
#3646=ORIENTED_EDGE('',*,*,#2762,.F.);
#3647=ORIENTED_EDGE('',*,*,#2769,.F.);
#3648=ORIENTED_EDGE('',*,*,#2773,.F.);
#3649=ORIENTED_EDGE('',*,*,#2774,.T.);
#3650=ORIENTED_EDGE('',*,*,#2763,.F.);
#3651=ORIENTED_EDGE('',*,*,#2772,.F.);
#3652=ORIENTED_EDGE('',*,*,#2775,.F.);
#3653=ORIENTED_EDGE('',*,*,#2776,.T.);
#3654=ORIENTED_EDGE('',*,*,#2764,.F.);
#3655=ORIENTED_EDGE('',*,*,#2774,.F.);
#3656=ORIENTED_EDGE('',*,*,#2777,.F.);
#3657=ORIENTED_EDGE('',*,*,#2778,.T.);
#3658=ORIENTED_EDGE('',*,*,#2765,.F.);
#3659=ORIENTED_EDGE('',*,*,#2776,.F.);
#3660=ORIENTED_EDGE('',*,*,#2779,.F.);
#3661=ORIENTED_EDGE('',*,*,#2770,.T.);
#3662=ORIENTED_EDGE('',*,*,#2766,.F.);
#3663=ORIENTED_EDGE('',*,*,#2778,.F.);
#3664=ORIENTED_EDGE('',*,*,#2780,.F.);
#3665=ORIENTED_EDGE('',*,*,#2781,.T.);
#3666=ORIENTED_EDGE('',*,*,#2767,.F.);
#3667=ORIENTED_EDGE('',*,*,#2781,.F.);
#3668=ORIENTED_EDGE('',*,*,#2780,.T.);
#3669=ORIENTED_EDGE('',*,*,#2782,.T.);
#3670=ORIENTED_EDGE('',*,*,#2783,.T.);
#3671=ORIENTED_EDGE('',*,*,#2784,.T.);
#3672=ORIENTED_EDGE('',*,*,#2785,.T.);
#3673=ORIENTED_EDGE('',*,*,#2786,.F.);
#3674=ORIENTED_EDGE('',*,*,#2787,.T.);
#3675=ORIENTED_EDGE('',*,*,#2782,.F.);
#3676=ORIENTED_EDGE('',*,*,#2788,.F.);
#3677=ORIENTED_EDGE('',*,*,#2789,.F.);
#3678=ORIENTED_EDGE('',*,*,#2790,.T.);
#3679=ORIENTED_EDGE('',*,*,#2783,.F.);
#3680=ORIENTED_EDGE('',*,*,#2787,.F.);
#3681=ORIENTED_EDGE('',*,*,#2791,.F.);
#3682=ORIENTED_EDGE('',*,*,#2792,.T.);
#3683=ORIENTED_EDGE('',*,*,#2784,.F.);
#3684=ORIENTED_EDGE('',*,*,#2790,.F.);
#3685=ORIENTED_EDGE('',*,*,#2793,.F.);
#3686=ORIENTED_EDGE('',*,*,#2788,.T.);
#3687=ORIENTED_EDGE('',*,*,#2785,.F.);
#3688=ORIENTED_EDGE('',*,*,#2792,.F.);
#3689=ORIENTED_EDGE('',*,*,#2794,.T.);
#3690=ORIENTED_EDGE('',*,*,#2795,.T.);
#3691=ORIENTED_EDGE('',*,*,#2796,.T.);
#3692=ORIENTED_EDGE('',*,*,#2797,.T.);
#3693=ORIENTED_EDGE('',*,*,#2798,.T.);
#3694=ORIENTED_EDGE('',*,*,#2799,.T.);
#3695=ORIENTED_EDGE('',*,*,#2800,.T.);
#3696=ORIENTED_EDGE('',*,*,#2801,.T.);
#3697=ORIENTED_EDGE('',*,*,#2802,.T.);
#3698=ORIENTED_EDGE('',*,*,#2803,.T.);
#3699=ORIENTED_EDGE('',*,*,#2804,.T.);
#3700=ORIENTED_EDGE('',*,*,#2805,.T.);
#3701=ORIENTED_EDGE('',*,*,#2806,.F.);
#3702=ORIENTED_EDGE('',*,*,#2807,.T.);
#3703=ORIENTED_EDGE('',*,*,#2794,.F.);
#3704=ORIENTED_EDGE('',*,*,#2808,.F.);
#3705=ORIENTED_EDGE('',*,*,#2809,.F.);
#3706=ORIENTED_EDGE('',*,*,#2810,.T.);
#3707=ORIENTED_EDGE('',*,*,#2795,.F.);
#3708=ORIENTED_EDGE('',*,*,#2807,.F.);
#3709=ORIENTED_EDGE('',*,*,#2811,.F.);
#3710=ORIENTED_EDGE('',*,*,#2812,.T.);
#3711=ORIENTED_EDGE('',*,*,#2796,.F.);
#3712=ORIENTED_EDGE('',*,*,#2810,.F.);
#3713=ORIENTED_EDGE('',*,*,#2813,.F.);
#3714=ORIENTED_EDGE('',*,*,#2814,.T.);
#3715=ORIENTED_EDGE('',*,*,#2797,.F.);
#3716=ORIENTED_EDGE('',*,*,#2812,.F.);
#3717=ORIENTED_EDGE('',*,*,#2815,.F.);
#3718=ORIENTED_EDGE('',*,*,#2816,.T.);
#3719=ORIENTED_EDGE('',*,*,#2798,.F.);
#3720=ORIENTED_EDGE('',*,*,#2814,.F.);
#3721=ORIENTED_EDGE('',*,*,#2817,.F.);
#3722=ORIENTED_EDGE('',*,*,#2818,.T.);
#3723=ORIENTED_EDGE('',*,*,#2799,.F.);
#3724=ORIENTED_EDGE('',*,*,#2816,.F.);
#3725=ORIENTED_EDGE('',*,*,#2819,.F.);
#3726=ORIENTED_EDGE('',*,*,#2820,.T.);
#3727=ORIENTED_EDGE('',*,*,#2800,.F.);
#3728=ORIENTED_EDGE('',*,*,#2818,.F.);
#3729=ORIENTED_EDGE('',*,*,#2821,.F.);
#3730=ORIENTED_EDGE('',*,*,#2822,.T.);
#3731=ORIENTED_EDGE('',*,*,#2801,.F.);
#3732=ORIENTED_EDGE('',*,*,#2820,.F.);
#3733=ORIENTED_EDGE('',*,*,#2823,.F.);
#3734=ORIENTED_EDGE('',*,*,#2824,.T.);
#3735=ORIENTED_EDGE('',*,*,#2802,.F.);
#3736=ORIENTED_EDGE('',*,*,#2822,.F.);
#3737=ORIENTED_EDGE('',*,*,#2825,.F.);
#3738=ORIENTED_EDGE('',*,*,#2826,.T.);
#3739=ORIENTED_EDGE('',*,*,#2803,.F.);
#3740=ORIENTED_EDGE('',*,*,#2824,.F.);
#3741=ORIENTED_EDGE('',*,*,#2827,.F.);
#3742=ORIENTED_EDGE('',*,*,#2828,.T.);
#3743=ORIENTED_EDGE('',*,*,#2804,.F.);
#3744=ORIENTED_EDGE('',*,*,#2826,.F.);
#3745=ORIENTED_EDGE('',*,*,#2829,.F.);
#3746=ORIENTED_EDGE('',*,*,#2808,.T.);
#3747=ORIENTED_EDGE('',*,*,#2805,.F.);
#3748=ORIENTED_EDGE('',*,*,#2828,.F.);
#3749=ORIENTED_EDGE('',*,*,#2830,.T.);
#3750=ORIENTED_EDGE('',*,*,#2831,.T.);
#3751=ORIENTED_EDGE('',*,*,#2832,.T.);
#3752=ORIENTED_EDGE('',*,*,#2833,.T.);
#3753=ORIENTED_EDGE('',*,*,#2834,.T.);
#3754=ORIENTED_EDGE('',*,*,#2835,.T.);
#3755=ORIENTED_EDGE('',*,*,#2836,.F.);
#3756=ORIENTED_EDGE('',*,*,#2837,.T.);
#3757=ORIENTED_EDGE('',*,*,#2830,.F.);
#3758=ORIENTED_EDGE('',*,*,#2838,.F.);
#3759=ORIENTED_EDGE('',*,*,#2839,.F.);
#3760=ORIENTED_EDGE('',*,*,#2840,.T.);
#3761=ORIENTED_EDGE('',*,*,#2831,.F.);
#3762=ORIENTED_EDGE('',*,*,#2837,.F.);
#3763=ORIENTED_EDGE('',*,*,#2841,.F.);
#3764=ORIENTED_EDGE('',*,*,#2842,.T.);
#3765=ORIENTED_EDGE('',*,*,#2832,.F.);
#3766=ORIENTED_EDGE('',*,*,#2840,.F.);
#3767=ORIENTED_EDGE('',*,*,#2843,.F.);
#3768=ORIENTED_EDGE('',*,*,#2844,.T.);
#3769=ORIENTED_EDGE('',*,*,#2833,.F.);
#3770=ORIENTED_EDGE('',*,*,#2842,.F.);
#3771=ORIENTED_EDGE('',*,*,#2845,.F.);
#3772=ORIENTED_EDGE('',*,*,#2846,.T.);
#3773=ORIENTED_EDGE('',*,*,#2834,.F.);
#3774=ORIENTED_EDGE('',*,*,#2844,.F.);
#3775=ORIENTED_EDGE('',*,*,#2847,.F.);
#3776=ORIENTED_EDGE('',*,*,#2838,.T.);
#3777=ORIENTED_EDGE('',*,*,#2835,.F.);
#3778=ORIENTED_EDGE('',*,*,#2846,.F.);
#3779=ORIENTED_EDGE('',*,*,#2848,.T.);
#3780=ORIENTED_EDGE('',*,*,#2849,.T.);
#3781=ORIENTED_EDGE('',*,*,#2850,.T.);
#3782=ORIENTED_EDGE('',*,*,#2851,.T.);
#3783=ORIENTED_EDGE('',*,*,#2852,.F.);
#3784=ORIENTED_EDGE('',*,*,#2853,.T.);
#3785=ORIENTED_EDGE('',*,*,#2848,.F.);
#3786=ORIENTED_EDGE('',*,*,#2854,.F.);
#3787=ORIENTED_EDGE('',*,*,#2855,.F.);
#3788=ORIENTED_EDGE('',*,*,#2854,.T.);
#3789=ORIENTED_EDGE('',*,*,#2849,.F.);
#3790=ORIENTED_EDGE('',*,*,#2853,.F.);
#3791=ORIENTED_EDGE('',*,*,#2856,.F.);
#3792=ORIENTED_EDGE('',*,*,#2857,.T.);
#3793=ORIENTED_EDGE('',*,*,#2850,.F.);
#3794=ORIENTED_EDGE('',*,*,#2858,.F.);
#3795=ORIENTED_EDGE('',*,*,#2859,.F.);
#3796=ORIENTED_EDGE('',*,*,#2858,.T.);
#3797=ORIENTED_EDGE('',*,*,#2851,.F.);
#3798=ORIENTED_EDGE('',*,*,#2857,.F.);
#3799=ORIENTED_EDGE('',*,*,#2856,.T.);
#3800=ORIENTED_EDGE('',*,*,#2859,.T.);
#3801=ORIENTED_EDGE('',*,*,#2860,.T.);
#3802=ORIENTED_EDGE('',*,*,#2861,.T.);
#3803=ORIENTED_EDGE('',*,*,#2862,.T.);
#3804=ORIENTED_EDGE('',*,*,#2863,.T.);
#3805=ORIENTED_EDGE('',*,*,#2864,.T.);
#3806=ORIENTED_EDGE('',*,*,#2865,.T.);
#3807=ORIENTED_EDGE('',*,*,#2866,.F.);
#3808=ORIENTED_EDGE('',*,*,#2867,.T.);
#3809=ORIENTED_EDGE('',*,*,#2860,.F.);
#3810=ORIENTED_EDGE('',*,*,#2868,.F.);
#3811=ORIENTED_EDGE('',*,*,#2869,.F.);
#3812=ORIENTED_EDGE('',*,*,#2870,.T.);
#3813=ORIENTED_EDGE('',*,*,#2861,.F.);
#3814=ORIENTED_EDGE('',*,*,#2867,.F.);
#3815=ORIENTED_EDGE('',*,*,#2871,.F.);
#3816=ORIENTED_EDGE('',*,*,#2872,.T.);
#3817=ORIENTED_EDGE('',*,*,#2862,.F.);
#3818=ORIENTED_EDGE('',*,*,#2870,.F.);
#3819=ORIENTED_EDGE('',*,*,#2873,.F.);
#3820=ORIENTED_EDGE('',*,*,#2868,.T.);
#3821=ORIENTED_EDGE('',*,*,#2863,.F.);
#3822=ORIENTED_EDGE('',*,*,#2872,.F.);
#3823=ORIENTED_EDGE('',*,*,#2874,.F.);
#3824=ORIENTED_EDGE('',*,*,#2875,.T.);
#3825=ORIENTED_EDGE('',*,*,#2864,.F.);
#3826=ORIENTED_EDGE('',*,*,#2876,.F.);
#3827=ORIENTED_EDGE('',*,*,#2877,.F.);
#3828=ORIENTED_EDGE('',*,*,#2876,.T.);
#3829=ORIENTED_EDGE('',*,*,#2865,.F.);
#3830=ORIENTED_EDGE('',*,*,#2875,.F.);
#3831=ORIENTED_EDGE('',*,*,#2874,.T.);
#3832=ORIENTED_EDGE('',*,*,#2877,.T.);
#3833=ORIENTED_EDGE('',*,*,#2878,.T.);
#3834=ORIENTED_EDGE('',*,*,#2879,.T.);
#3835=ORIENTED_EDGE('',*,*,#2880,.T.);
#3836=ORIENTED_EDGE('',*,*,#2881,.T.);
#3837=ORIENTED_EDGE('',*,*,#2882,.T.);
#3838=ORIENTED_EDGE('',*,*,#2883,.T.);
#3839=ORIENTED_EDGE('',*,*,#2884,.T.);
#3840=ORIENTED_EDGE('',*,*,#2885,.F.);
#3841=ORIENTED_EDGE('',*,*,#2886,.T.);
#3842=ORIENTED_EDGE('',*,*,#2878,.F.);
#3843=ORIENTED_EDGE('',*,*,#2887,.F.);
#3844=ORIENTED_EDGE('',*,*,#2888,.F.);
#3845=ORIENTED_EDGE('',*,*,#2889,.T.);
#3846=ORIENTED_EDGE('',*,*,#2879,.F.);
#3847=ORIENTED_EDGE('',*,*,#2886,.F.);
#3848=ORIENTED_EDGE('',*,*,#2890,.F.);
#3849=ORIENTED_EDGE('',*,*,#2891,.T.);
#3850=ORIENTED_EDGE('',*,*,#2880,.F.);
#3851=ORIENTED_EDGE('',*,*,#2889,.F.);
#3852=ORIENTED_EDGE('',*,*,#2892,.F.);
#3853=ORIENTED_EDGE('',*,*,#2893,.T.);
#3854=ORIENTED_EDGE('',*,*,#2881,.F.);
#3855=ORIENTED_EDGE('',*,*,#2891,.F.);
#3856=ORIENTED_EDGE('',*,*,#2894,.F.);
#3857=ORIENTED_EDGE('',*,*,#2895,.T.);
#3858=ORIENTED_EDGE('',*,*,#2882,.F.);
#3859=ORIENTED_EDGE('',*,*,#2893,.F.);
#3860=ORIENTED_EDGE('',*,*,#2896,.F.);
#3861=ORIENTED_EDGE('',*,*,#2897,.T.);
#3862=ORIENTED_EDGE('',*,*,#2883,.F.);
#3863=ORIENTED_EDGE('',*,*,#2895,.F.);
#3864=ORIENTED_EDGE('',*,*,#2898,.F.);
#3865=ORIENTED_EDGE('',*,*,#2887,.T.);
#3866=ORIENTED_EDGE('',*,*,#2884,.F.);
#3867=ORIENTED_EDGE('',*,*,#2897,.F.);
#3868=ORIENTED_EDGE('',*,*,#2899,.T.);
#3869=ORIENTED_EDGE('',*,*,#2900,.T.);
#3870=ORIENTED_EDGE('',*,*,#2901,.T.);
#3871=ORIENTED_EDGE('',*,*,#2902,.T.);
#3872=ORIENTED_EDGE('',*,*,#2903,.T.);
#3873=ORIENTED_EDGE('',*,*,#2904,.T.);
#3874=ORIENTED_EDGE('',*,*,#2905,.T.);
#3875=ORIENTED_EDGE('',*,*,#2906,.F.);
#3876=ORIENTED_EDGE('',*,*,#2907,.T.);
#3877=ORIENTED_EDGE('',*,*,#2899,.F.);
#3878=ORIENTED_EDGE('',*,*,#2908,.F.);
#3879=ORIENTED_EDGE('',*,*,#2909,.F.);
#3880=ORIENTED_EDGE('',*,*,#2910,.T.);
#3881=ORIENTED_EDGE('',*,*,#2900,.F.);
#3882=ORIENTED_EDGE('',*,*,#2907,.F.);
#3883=ORIENTED_EDGE('',*,*,#2911,.F.);
#3884=ORIENTED_EDGE('',*,*,#2912,.T.);
#3885=ORIENTED_EDGE('',*,*,#2901,.F.);
#3886=ORIENTED_EDGE('',*,*,#2910,.F.);
#3887=ORIENTED_EDGE('',*,*,#2913,.F.);
#3888=ORIENTED_EDGE('',*,*,#2914,.T.);
#3889=ORIENTED_EDGE('',*,*,#2902,.F.);
#3890=ORIENTED_EDGE('',*,*,#2912,.F.);
#3891=ORIENTED_EDGE('',*,*,#2915,.F.);
#3892=ORIENTED_EDGE('',*,*,#2916,.T.);
#3893=ORIENTED_EDGE('',*,*,#2903,.F.);
#3894=ORIENTED_EDGE('',*,*,#2914,.F.);
#3895=ORIENTED_EDGE('',*,*,#2917,.F.);
#3896=ORIENTED_EDGE('',*,*,#2918,.T.);
#3897=ORIENTED_EDGE('',*,*,#2904,.F.);
#3898=ORIENTED_EDGE('',*,*,#2916,.F.);
#3899=ORIENTED_EDGE('',*,*,#2919,.F.);
#3900=ORIENTED_EDGE('',*,*,#2908,.T.);
#3901=ORIENTED_EDGE('',*,*,#2905,.F.);
#3902=ORIENTED_EDGE('',*,*,#2918,.F.);
#3903=ORIENTED_EDGE('',*,*,#2920,.T.);
#3904=ORIENTED_EDGE('',*,*,#2921,.T.);
#3905=ORIENTED_EDGE('',*,*,#2922,.T.);
#3906=ORIENTED_EDGE('',*,*,#2923,.T.);
#3907=ORIENTED_EDGE('',*,*,#2924,.T.);
#3908=ORIENTED_EDGE('',*,*,#2925,.T.);
#3909=ORIENTED_EDGE('',*,*,#2926,.T.);
#3910=ORIENTED_EDGE('',*,*,#2927,.F.);
#3911=ORIENTED_EDGE('',*,*,#2928,.T.);
#3912=ORIENTED_EDGE('',*,*,#2920,.F.);
#3913=ORIENTED_EDGE('',*,*,#2929,.F.);
#3914=ORIENTED_EDGE('',*,*,#2930,.F.);
#3915=ORIENTED_EDGE('',*,*,#2931,.T.);
#3916=ORIENTED_EDGE('',*,*,#2921,.F.);
#3917=ORIENTED_EDGE('',*,*,#2928,.F.);
#3918=ORIENTED_EDGE('',*,*,#2932,.F.);
#3919=ORIENTED_EDGE('',*,*,#2929,.T.);
#3920=ORIENTED_EDGE('',*,*,#2922,.F.);
#3921=ORIENTED_EDGE('',*,*,#2931,.F.);
#3922=ORIENTED_EDGE('',*,*,#2933,.F.);
#3923=ORIENTED_EDGE('',*,*,#2934,.T.);
#3924=ORIENTED_EDGE('',*,*,#2923,.F.);
#3925=ORIENTED_EDGE('',*,*,#2935,.F.);
#3926=ORIENTED_EDGE('',*,*,#2936,.F.);
#3927=ORIENTED_EDGE('',*,*,#2935,.T.);
#3928=ORIENTED_EDGE('',*,*,#2924,.F.);
#3929=ORIENTED_EDGE('',*,*,#2934,.F.);
#3930=ORIENTED_EDGE('',*,*,#2937,.F.);
#3931=ORIENTED_EDGE('',*,*,#2938,.T.);
#3932=ORIENTED_EDGE('',*,*,#2925,.F.);
#3933=ORIENTED_EDGE('',*,*,#2939,.F.);
#3934=ORIENTED_EDGE('',*,*,#2940,.F.);
#3935=ORIENTED_EDGE('',*,*,#2939,.T.);
#3936=ORIENTED_EDGE('',*,*,#2926,.F.);
#3937=ORIENTED_EDGE('',*,*,#2938,.F.);
#3938=ORIENTED_EDGE('',*,*,#2937,.T.);
#3939=ORIENTED_EDGE('',*,*,#2940,.T.);
#3940=ORIENTED_EDGE('',*,*,#2933,.T.);
#3941=ORIENTED_EDGE('',*,*,#2936,.T.);
#3942=ORIENTED_EDGE('',*,*,#2941,.T.);
#3943=ORIENTED_EDGE('',*,*,#2942,.T.);
#3944=ORIENTED_EDGE('',*,*,#2943,.T.);
#3945=ORIENTED_EDGE('',*,*,#2944,.T.);
#3946=ORIENTED_EDGE('',*,*,#2945,.T.);
#3947=ORIENTED_EDGE('',*,*,#2946,.T.);
#3948=ORIENTED_EDGE('',*,*,#2947,.T.);
#3949=ORIENTED_EDGE('',*,*,#2948,.F.);
#3950=ORIENTED_EDGE('',*,*,#2949,.T.);
#3951=ORIENTED_EDGE('',*,*,#2941,.F.);
#3952=ORIENTED_EDGE('',*,*,#2950,.F.);
#3953=ORIENTED_EDGE('',*,*,#2951,.F.);
#3954=ORIENTED_EDGE('',*,*,#2952,.T.);
#3955=ORIENTED_EDGE('',*,*,#2942,.F.);
#3956=ORIENTED_EDGE('',*,*,#2949,.F.);
#3957=ORIENTED_EDGE('',*,*,#2953,.F.);
#3958=ORIENTED_EDGE('',*,*,#2954,.T.);
#3959=ORIENTED_EDGE('',*,*,#2943,.F.);
#3960=ORIENTED_EDGE('',*,*,#2952,.F.);
#3961=ORIENTED_EDGE('',*,*,#2955,.F.);
#3962=ORIENTED_EDGE('',*,*,#2956,.T.);
#3963=ORIENTED_EDGE('',*,*,#2944,.F.);
#3964=ORIENTED_EDGE('',*,*,#2954,.F.);
#3965=ORIENTED_EDGE('',*,*,#2957,.F.);
#3966=ORIENTED_EDGE('',*,*,#2958,.T.);
#3967=ORIENTED_EDGE('',*,*,#2945,.F.);
#3968=ORIENTED_EDGE('',*,*,#2956,.F.);
#3969=ORIENTED_EDGE('',*,*,#2959,.F.);
#3970=ORIENTED_EDGE('',*,*,#2960,.T.);
#3971=ORIENTED_EDGE('',*,*,#2946,.F.);
#3972=ORIENTED_EDGE('',*,*,#2958,.F.);
#3973=ORIENTED_EDGE('',*,*,#2961,.F.);
#3974=ORIENTED_EDGE('',*,*,#2950,.T.);
#3975=ORIENTED_EDGE('',*,*,#2947,.F.);
#3976=ORIENTED_EDGE('',*,*,#2960,.F.);
#3977=ORIENTED_EDGE('',*,*,#2962,.T.);
#3978=ORIENTED_EDGE('',*,*,#2963,.T.);
#3979=ORIENTED_EDGE('',*,*,#2964,.T.);
#3980=ORIENTED_EDGE('',*,*,#2965,.T.);
#3981=ORIENTED_EDGE('',*,*,#2966,.F.);
#3982=ORIENTED_EDGE('',*,*,#2967,.T.);
#3983=ORIENTED_EDGE('',*,*,#2962,.F.);
#3984=ORIENTED_EDGE('',*,*,#2968,.F.);
#3985=ORIENTED_EDGE('',*,*,#2969,.F.);
#3986=ORIENTED_EDGE('',*,*,#2970,.T.);
#3987=ORIENTED_EDGE('',*,*,#2963,.F.);
#3988=ORIENTED_EDGE('',*,*,#2967,.F.);
#3989=ORIENTED_EDGE('',*,*,#2971,.F.);
#3990=ORIENTED_EDGE('',*,*,#2972,.T.);
#3991=ORIENTED_EDGE('',*,*,#2964,.F.);
#3992=ORIENTED_EDGE('',*,*,#2970,.F.);
#3993=ORIENTED_EDGE('',*,*,#2973,.F.);
#3994=ORIENTED_EDGE('',*,*,#2968,.T.);
#3995=ORIENTED_EDGE('',*,*,#2965,.F.);
#3996=ORIENTED_EDGE('',*,*,#2972,.F.);
#3997=ORIENTED_EDGE('',*,*,#2974,.T.);
#3998=ORIENTED_EDGE('',*,*,#2975,.T.);
#3999=ORIENTED_EDGE('',*,*,#2976,.T.);
#4000=ORIENTED_EDGE('',*,*,#2977,.T.);
#4001=ORIENTED_EDGE('',*,*,#2978,.F.);
#4002=ORIENTED_EDGE('',*,*,#2979,.T.);
#4003=ORIENTED_EDGE('',*,*,#2974,.F.);
#4004=ORIENTED_EDGE('',*,*,#2980,.F.);
#4005=ORIENTED_EDGE('',*,*,#2981,.F.);
#4006=ORIENTED_EDGE('',*,*,#2982,.T.);
#4007=ORIENTED_EDGE('',*,*,#2975,.F.);
#4008=ORIENTED_EDGE('',*,*,#2979,.F.);
#4009=ORIENTED_EDGE('',*,*,#2983,.F.);
#4010=ORIENTED_EDGE('',*,*,#2984,.T.);
#4011=ORIENTED_EDGE('',*,*,#2976,.F.);
#4012=ORIENTED_EDGE('',*,*,#2982,.F.);
#4013=ORIENTED_EDGE('',*,*,#2985,.F.);
#4014=ORIENTED_EDGE('',*,*,#2980,.T.);
#4015=ORIENTED_EDGE('',*,*,#2977,.F.);
#4016=ORIENTED_EDGE('',*,*,#2984,.F.);
#4017=ORIENTED_EDGE('',*,*,#2986,.T.);
#4018=ORIENTED_EDGE('',*,*,#2987,.T.);
#4019=ORIENTED_EDGE('',*,*,#2988,.T.);
#4020=ORIENTED_EDGE('',*,*,#2989,.F.);
#4021=ORIENTED_EDGE('',*,*,#2988,.F.);
#4022=ORIENTED_EDGE('',*,*,#2990,.T.);
#4023=ORIENTED_EDGE('',*,*,#2991,.T.);
#4024=ORIENTED_EDGE('',*,*,#2992,.F.);
#4025=ORIENTED_EDGE('',*,*,#2993,.T.);
#4026=ORIENTED_EDGE('',*,*,#2994,.T.);
#4027=ORIENTED_EDGE('',*,*,#2986,.F.);
#4028=ORIENTED_EDGE('',*,*,#2995,.F.);
#4029=ORIENTED_EDGE('',*,*,#2991,.F.);
#4030=ORIENTED_EDGE('',*,*,#2996,.T.);
#4031=ORIENTED_EDGE('',*,*,#2993,.F.);
#4032=ORIENTED_EDGE('',*,*,#2997,.F.);
#4033=ORIENTED_EDGE('',*,*,#2987,.F.);
#4034=ORIENTED_EDGE('',*,*,#2994,.F.);
#4035=ORIENTED_EDGE('',*,*,#2996,.F.);
#4036=ORIENTED_EDGE('',*,*,#2990,.F.);
#4037=ORIENTED_EDGE('',*,*,#2998,.T.);
#4038=ORIENTED_EDGE('',*,*,#2999,.T.);
#4039=ORIENTED_EDGE('',*,*,#3000,.T.);
#4040=ORIENTED_EDGE('',*,*,#3001,.F.);
#4041=ORIENTED_EDGE('',*,*,#3000,.F.);
#4042=ORIENTED_EDGE('',*,*,#3002,.T.);
#4043=ORIENTED_EDGE('',*,*,#3003,.T.);
#4044=ORIENTED_EDGE('',*,*,#3004,.F.);
#4045=ORIENTED_EDGE('',*,*,#3005,.T.);
#4046=ORIENTED_EDGE('',*,*,#3006,.T.);
#4047=ORIENTED_EDGE('',*,*,#2998,.F.);
#4048=ORIENTED_EDGE('',*,*,#3007,.F.);
#4049=ORIENTED_EDGE('',*,*,#3003,.F.);
#4050=ORIENTED_EDGE('',*,*,#3008,.T.);
#4051=ORIENTED_EDGE('',*,*,#3005,.F.);
#4052=ORIENTED_EDGE('',*,*,#3009,.F.);
#4053=ORIENTED_EDGE('',*,*,#2999,.F.);
#4054=ORIENTED_EDGE('',*,*,#3006,.F.);
#4055=ORIENTED_EDGE('',*,*,#3008,.F.);
#4056=ORIENTED_EDGE('',*,*,#3002,.F.);
#4057=ORIENTED_EDGE('',*,*,#3010,.T.);
#4058=ORIENTED_EDGE('',*,*,#3011,.T.);
#4059=ORIENTED_EDGE('',*,*,#3012,.T.);
#4060=ORIENTED_EDGE('',*,*,#3013,.F.);
#4061=ORIENTED_EDGE('',*,*,#3014,.F.);
#4062=ORIENTED_EDGE('',*,*,#3012,.F.);
#4063=ORIENTED_EDGE('',*,*,#3015,.T.);
#4064=ORIENTED_EDGE('',*,*,#3016,.T.);
#4065=ORIENTED_EDGE('',*,*,#3017,.F.);
#4066=ORIENTED_EDGE('',*,*,#3018,.T.);
#4067=ORIENTED_EDGE('',*,*,#3019,.T.);
#4068=ORIENTED_EDGE('',*,*,#3010,.F.);
#4069=ORIENTED_EDGE('',*,*,#3020,.F.);
#4070=ORIENTED_EDGE('',*,*,#3016,.F.);
#4071=ORIENTED_EDGE('',*,*,#3021,.T.);
#4072=ORIENTED_EDGE('',*,*,#3018,.F.);
#4073=ORIENTED_EDGE('',*,*,#3022,.F.);
#4074=ORIENTED_EDGE('',*,*,#3023,.F.);
#4075=ORIENTED_EDGE('',*,*,#3011,.F.);
#4076=ORIENTED_EDGE('',*,*,#3019,.F.);
#4077=ORIENTED_EDGE('',*,*,#3021,.F.);
#4078=ORIENTED_EDGE('',*,*,#3015,.F.);
#4079=ORIENTED_EDGE('',*,*,#3024,.T.);
#4080=ORIENTED_EDGE('',*,*,#3025,.T.);
#4081=ORIENTED_EDGE('',*,*,#3026,.T.);
#4082=ORIENTED_EDGE('',*,*,#3027,.T.);
#4083=ORIENTED_EDGE('',*,*,#3028,.T.);
#4084=ORIENTED_EDGE('',*,*,#3029,.T.);
#4085=ORIENTED_EDGE('',*,*,#3030,.T.);
#4086=ORIENTED_EDGE('',*,*,#3027,.F.);
#4087=ORIENTED_EDGE('',*,*,#3031,.T.);
#4088=ORIENTED_EDGE('',*,*,#3032,.T.);
#4089=ORIENTED_EDGE('',*,*,#3033,.T.);
#4090=ORIENTED_EDGE('',*,*,#3029,.F.);
#4091=ORIENTED_EDGE('',*,*,#3024,.F.);
#4092=ORIENTED_EDGE('',*,*,#3034,.F.);
#4093=ORIENTED_EDGE('',*,*,#3035,.F.);
#4094=ORIENTED_EDGE('',*,*,#3036,.F.);
#4095=ORIENTED_EDGE('',*,*,#3037,.F.);
#4096=ORIENTED_EDGE('',*,*,#3030,.F.);
#4097=ORIENTED_EDGE('',*,*,#3038,.T.);
#4098=ORIENTED_EDGE('',*,*,#3039,.T.);
#4099=ORIENTED_EDGE('',*,*,#3034,.T.);
#4100=ORIENTED_EDGE('',*,*,#3033,.F.);
#4101=ORIENTED_EDGE('',*,*,#3040,.T.);
#4102=ORIENTED_EDGE('',*,*,#3041,.F.);
#4103=ORIENTED_EDGE('',*,*,#3042,.F.);
#4104=ORIENTED_EDGE('',*,*,#3038,.F.);
#4105=ORIENTED_EDGE('',*,*,#3043,.T.);
#4106=ORIENTED_EDGE('',*,*,#3044,.T.);
#4107=ORIENTED_EDGE('',*,*,#3045,.T.);
#4108=ORIENTED_EDGE('',*,*,#3046,.T.);
#4109=ORIENTED_EDGE('',*,*,#3047,.T.);
#4110=ORIENTED_EDGE('',*,*,#3048,.T.);
#4111=ORIENTED_EDGE('',*,*,#3043,.F.);
#4112=ORIENTED_EDGE('',*,*,#3049,.T.);
#4113=ORIENTED_EDGE('',*,*,#3050,.T.);
#4114=ORIENTED_EDGE('',*,*,#3051,.T.);
#4115=ORIENTED_EDGE('',*,*,#3047,.F.);
#4116=ORIENTED_EDGE('',*,*,#3052,.T.);
#4117=ORIENTED_EDGE('',*,*,#3052,.F.);
#4118=ORIENTED_EDGE('',*,*,#3049,.F.);
#4119=ORIENTED_EDGE('',*,*,#3046,.F.);
#4120=ORIENTED_EDGE('',*,*,#3053,.F.);
#4121=ORIENTED_EDGE('',*,*,#3054,.T.);
#4122=ORIENTED_EDGE('',*,*,#3055,.T.);
#4123=ORIENTED_EDGE('',*,*,#3056,.T.);
#4124=ORIENTED_EDGE('',*,*,#3057,.T.);
#4125=ORIENTED_EDGE('',*,*,#3058,.T.);
#4126=ORIENTED_EDGE('',*,*,#3059,.T.);
#4127=ORIENTED_EDGE('',*,*,#3057,.F.);
#4128=ORIENTED_EDGE('',*,*,#3060,.T.);
#4129=ORIENTED_EDGE('',*,*,#3061,.T.);
#4130=ORIENTED_EDGE('',*,*,#3062,.T.);
#4131=ORIENTED_EDGE('',*,*,#3061,.F.);
#4132=ORIENTED_EDGE('',*,*,#3063,.T.);
#4133=ORIENTED_EDGE('',*,*,#3064,.F.);
#4134=ORIENTED_EDGE('',*,*,#3065,.T.);
#4135=ORIENTED_EDGE('',*,*,#3066,.T.);
#4136=ORIENTED_EDGE('',*,*,#3055,.F.);
#4137=ORIENTED_EDGE('',*,*,#3067,.F.);
#4138=ORIENTED_EDGE('',*,*,#3068,.T.);
#4139=ORIENTED_EDGE('',*,*,#3065,.F.);
#4140=ORIENTED_EDGE('',*,*,#3063,.F.);
#4141=ORIENTED_EDGE('',*,*,#3069,.T.);
#4142=ORIENTED_EDGE('',*,*,#3070,.T.);
#4143=ORIENTED_EDGE('',*,*,#3071,.T.);
#4144=ORIENTED_EDGE('',*,*,#3060,.F.);
#4145=ORIENTED_EDGE('',*,*,#3056,.F.);
#4146=ORIENTED_EDGE('',*,*,#3066,.F.);
#4147=ORIENTED_EDGE('',*,*,#3072,.F.);
#4148=ORIENTED_EDGE('',*,*,#3073,.F.);
#4149=ORIENTED_EDGE('',*,*,#3069,.F.);
#4150=ORIENTED_EDGE('',*,*,#3074,.T.);
#4151=ORIENTED_EDGE('',*,*,#3075,.T.);
#4152=ORIENTED_EDGE('',*,*,#3076,.T.);
#4153=ORIENTED_EDGE('',*,*,#3077,.T.);
#4154=ORIENTED_EDGE('',*,*,#3078,.T.);
#4155=ORIENTED_EDGE('',*,*,#3079,.T.);
#4156=ORIENTED_EDGE('',*,*,#3080,.T.);
#4157=ORIENTED_EDGE('',*,*,#3081,.T.);
#4158=ORIENTED_EDGE('',*,*,#3082,.T.);
#4159=ORIENTED_EDGE('',*,*,#3083,.T.);
#4160=ORIENTED_EDGE('',*,*,#3080,.F.);
#4161=ORIENTED_EDGE('',*,*,#3084,.T.);
#4162=ORIENTED_EDGE('',*,*,#3085,.T.);
#4163=ORIENTED_EDGE('',*,*,#3086,.T.);
#4164=ORIENTED_EDGE('',*,*,#3082,.F.);
#4165=ORIENTED_EDGE('',*,*,#3087,.T.);
#4166=ORIENTED_EDGE('',*,*,#3078,.F.);
#4167=ORIENTED_EDGE('',*,*,#3088,.T.);
#4168=ORIENTED_EDGE('',*,*,#3074,.F.);
#4169=ORIENTED_EDGE('',*,*,#3089,.T.);
#4170=ORIENTED_EDGE('',*,*,#3090,.T.);
#4171=ORIENTED_EDGE('',*,*,#3091,.T.);
#4172=ORIENTED_EDGE('',*,*,#3092,.T.);
#4173=ORIENTED_EDGE('',*,*,#3089,.F.);
#4174=ORIENTED_EDGE('',*,*,#3093,.T.);
#4175=ORIENTED_EDGE('',*,*,#3085,.F.);
#4176=ORIENTED_EDGE('',*,*,#3088,.F.);
#4177=ORIENTED_EDGE('',*,*,#3094,.T.);
#4178=ORIENTED_EDGE('',*,*,#3095,.F.);
#4179=ORIENTED_EDGE('',*,*,#3096,.F.);
#4180=ORIENTED_EDGE('',*,*,#3081,.F.);
#4181=ORIENTED_EDGE('',*,*,#3083,.F.);
#4182=ORIENTED_EDGE('',*,*,#3086,.F.);
#4183=ORIENTED_EDGE('',*,*,#3097,.F.);
#4184=ORIENTED_EDGE('',*,*,#3098,.F.);
#4185=ORIENTED_EDGE('',*,*,#3099,.F.);
#4186=ORIENTED_EDGE('',*,*,#3100,.F.);
#4187=ORIENTED_EDGE('',*,*,#3101,.F.);
#4188=ORIENTED_EDGE('',*,*,#3102,.F.);
#4189=ORIENTED_EDGE('',*,*,#3103,.F.);
#4190=ORIENTED_EDGE('',*,*,#3104,.F.);
#4191=ORIENTED_EDGE('',*,*,#3105,.F.);
#4192=ORIENTED_EDGE('',*,*,#3106,.F.);
#4193=ORIENTED_EDGE('',*,*,#3107,.F.);
#4194=ORIENTED_EDGE('',*,*,#3108,.F.);
#4195=ORIENTED_EDGE('',*,*,#3109,.F.);
#4196=ORIENTED_EDGE('',*,*,#3110,.F.);
#4197=ORIENTED_EDGE('',*,*,#3094,.F.);
#4198=ORIENTED_EDGE('',*,*,#2591,.T.);
#4199=ORIENTED_EDGE('',*,*,#2598,.T.);
#4200=ORIENTED_EDGE('',*,*,#2596,.T.);
#4201=ORIENTED_EDGE('',*,*,#2594,.T.);
#4202=ORIENTED_EDGE('',*,*,#2642,.T.);
#4203=ORIENTED_EDGE('',*,*,#2653,.T.);
#4204=ORIENTED_EDGE('',*,*,#2651,.T.);
#4205=ORIENTED_EDGE('',*,*,#2649,.T.);
#4206=ORIENTED_EDGE('',*,*,#2647,.T.);
#4207=ORIENTED_EDGE('',*,*,#2645,.T.);
#4208=ORIENTED_EDGE('',*,*,#2675,.T.);
#4209=ORIENTED_EDGE('',*,*,#2688,.T.);
#4210=ORIENTED_EDGE('',*,*,#2686,.T.);
#4211=ORIENTED_EDGE('',*,*,#2684,.T.);
#4212=ORIENTED_EDGE('',*,*,#2682,.T.);
#4213=ORIENTED_EDGE('',*,*,#2680,.T.);
#4214=ORIENTED_EDGE('',*,*,#2678,.T.);
#4215=ORIENTED_EDGE('',*,*,#2702,.T.);
#4216=ORIENTED_EDGE('',*,*,#2715,.T.);
#4217=ORIENTED_EDGE('',*,*,#2713,.T.);
#4218=ORIENTED_EDGE('',*,*,#2711,.T.);
#4219=ORIENTED_EDGE('',*,*,#2709,.T.);
#4220=ORIENTED_EDGE('',*,*,#2707,.T.);
#4221=ORIENTED_EDGE('',*,*,#2705,.T.);
#4222=ORIENTED_EDGE('',*,*,#2732,.T.);
#4223=ORIENTED_EDGE('',*,*,#2739,.T.);
#4224=ORIENTED_EDGE('',*,*,#2737,.T.);
#4225=ORIENTED_EDGE('',*,*,#2735,.T.);
#4226=ORIENTED_EDGE('',*,*,#2768,.T.);
#4227=ORIENTED_EDGE('',*,*,#2779,.T.);
#4228=ORIENTED_EDGE('',*,*,#2777,.T.);
#4229=ORIENTED_EDGE('',*,*,#2775,.T.);
#4230=ORIENTED_EDGE('',*,*,#2773,.T.);
#4231=ORIENTED_EDGE('',*,*,#2771,.T.);
#4232=ORIENTED_EDGE('',*,*,#2806,.T.);
#4233=ORIENTED_EDGE('',*,*,#2829,.T.);
#4234=ORIENTED_EDGE('',*,*,#2827,.T.);
#4235=ORIENTED_EDGE('',*,*,#2825,.T.);
#4236=ORIENTED_EDGE('',*,*,#2823,.T.);
#4237=ORIENTED_EDGE('',*,*,#2821,.T.);
#4238=ORIENTED_EDGE('',*,*,#2819,.T.);
#4239=ORIENTED_EDGE('',*,*,#2817,.T.);
#4240=ORIENTED_EDGE('',*,*,#2815,.T.);
#4241=ORIENTED_EDGE('',*,*,#2813,.T.);
#4242=ORIENTED_EDGE('',*,*,#2811,.T.);
#4243=ORIENTED_EDGE('',*,*,#2809,.T.);
#4244=ORIENTED_EDGE('',*,*,#2852,.T.);
#4245=ORIENTED_EDGE('',*,*,#2855,.T.);
#4246=ORIENTED_EDGE('',*,*,#2927,.T.);
#4247=ORIENTED_EDGE('',*,*,#2932,.T.);
#4248=ORIENTED_EDGE('',*,*,#2930,.T.);
#4249=ORIENTED_EDGE('',*,*,#2948,.T.);
#4250=ORIENTED_EDGE('',*,*,#2961,.T.);
#4251=ORIENTED_EDGE('',*,*,#2959,.T.);
#4252=ORIENTED_EDGE('',*,*,#2957,.T.);
#4253=ORIENTED_EDGE('',*,*,#2955,.T.);
#4254=ORIENTED_EDGE('',*,*,#2953,.T.);
#4255=ORIENTED_EDGE('',*,*,#2951,.T.);
#4256=ORIENTED_EDGE('',*,*,#2966,.T.);
#4257=ORIENTED_EDGE('',*,*,#2973,.T.);
#4258=ORIENTED_EDGE('',*,*,#2971,.T.);
#4259=ORIENTED_EDGE('',*,*,#2969,.T.);
#4260=ORIENTED_EDGE('',*,*,#2978,.T.);
#4261=ORIENTED_EDGE('',*,*,#2985,.T.);
#4262=ORIENTED_EDGE('',*,*,#2983,.T.);
#4263=ORIENTED_EDGE('',*,*,#2981,.T.);
#4264=ORIENTED_EDGE('',*,*,#2906,.T.);
#4265=ORIENTED_EDGE('',*,*,#2919,.T.);
#4266=ORIENTED_EDGE('',*,*,#2917,.T.);
#4267=ORIENTED_EDGE('',*,*,#2915,.T.);
#4268=ORIENTED_EDGE('',*,*,#2913,.T.);
#4269=ORIENTED_EDGE('',*,*,#2911,.T.);
#4270=ORIENTED_EDGE('',*,*,#2909,.T.);
#4271=ORIENTED_EDGE('',*,*,#2885,.T.);
#4272=ORIENTED_EDGE('',*,*,#2898,.T.);
#4273=ORIENTED_EDGE('',*,*,#2896,.T.);
#4274=ORIENTED_EDGE('',*,*,#2894,.T.);
#4275=ORIENTED_EDGE('',*,*,#2892,.T.);
#4276=ORIENTED_EDGE('',*,*,#2890,.T.);
#4277=ORIENTED_EDGE('',*,*,#2888,.T.);
#4278=ORIENTED_EDGE('',*,*,#2866,.T.);
#4279=ORIENTED_EDGE('',*,*,#2873,.T.);
#4280=ORIENTED_EDGE('',*,*,#2871,.T.);
#4281=ORIENTED_EDGE('',*,*,#2869,.T.);
#4282=ORIENTED_EDGE('',*,*,#2836,.T.);
#4283=ORIENTED_EDGE('',*,*,#2847,.T.);
#4284=ORIENTED_EDGE('',*,*,#2845,.T.);
#4285=ORIENTED_EDGE('',*,*,#2843,.T.);
#4286=ORIENTED_EDGE('',*,*,#2841,.T.);
#4287=ORIENTED_EDGE('',*,*,#2839,.T.);
#4288=ORIENTED_EDGE('',*,*,#2786,.T.);
#4289=ORIENTED_EDGE('',*,*,#2793,.T.);
#4290=ORIENTED_EDGE('',*,*,#2791,.T.);
#4291=ORIENTED_EDGE('',*,*,#2789,.T.);
#4292=ORIENTED_EDGE('',*,*,#2747,.T.);
#4293=ORIENTED_EDGE('',*,*,#2758,.T.);
#4294=ORIENTED_EDGE('',*,*,#2756,.T.);
#4295=ORIENTED_EDGE('',*,*,#2754,.T.);
#4296=ORIENTED_EDGE('',*,*,#2752,.T.);
#4297=ORIENTED_EDGE('',*,*,#2750,.T.);
#4298=ORIENTED_EDGE('',*,*,#2720,.T.);
#4299=ORIENTED_EDGE('',*,*,#2727,.T.);
#4300=ORIENTED_EDGE('',*,*,#2725,.T.);
#4301=ORIENTED_EDGE('',*,*,#2723,.T.);
#4302=ORIENTED_EDGE('',*,*,#2691,.T.);
#4303=ORIENTED_EDGE('',*,*,#2660,.T.);
#4304=ORIENTED_EDGE('',*,*,#2667,.T.);
#4305=ORIENTED_EDGE('',*,*,#2665,.T.);
#4306=ORIENTED_EDGE('',*,*,#2663,.T.);
#4307=ORIENTED_EDGE('',*,*,#2611,.T.);
#4308=ORIENTED_EDGE('',*,*,#2634,.T.);
#4309=ORIENTED_EDGE('',*,*,#2632,.T.);
#4310=ORIENTED_EDGE('',*,*,#2630,.T.);
#4311=ORIENTED_EDGE('',*,*,#2628,.T.);
#4312=ORIENTED_EDGE('',*,*,#2626,.T.);
#4313=ORIENTED_EDGE('',*,*,#2624,.T.);
#4314=ORIENTED_EDGE('',*,*,#2622,.T.);
#4315=ORIENTED_EDGE('',*,*,#2620,.T.);
#4316=ORIENTED_EDGE('',*,*,#2618,.T.);
#4317=ORIENTED_EDGE('',*,*,#2616,.T.);
#4318=ORIENTED_EDGE('',*,*,#2614,.T.);
#4319=ORIENTED_EDGE('',*,*,#2573,.T.);
#4320=ORIENTED_EDGE('',*,*,#2586,.T.);
#4321=ORIENTED_EDGE('',*,*,#2584,.T.);
#4322=ORIENTED_EDGE('',*,*,#2582,.T.);
#4323=ORIENTED_EDGE('',*,*,#2580,.T.);
#4324=ORIENTED_EDGE('',*,*,#2578,.T.);
#4325=ORIENTED_EDGE('',*,*,#2576,.T.);
#4326=ORIENTED_EDGE('',*,*,#3093,.F.);
#4327=ORIENTED_EDGE('',*,*,#3111,.F.);
#4328=ORIENTED_EDGE('',*,*,#3112,.F.);
#4329=ORIENTED_EDGE('',*,*,#3097,.T.);
#4330=ORIENTED_EDGE('',*,*,#3113,.T.);
#4331=ORIENTED_EDGE('',*,*,#3075,.F.);
#4332=ORIENTED_EDGE('',*,*,#3096,.T.);
#4333=ORIENTED_EDGE('',*,*,#3114,.F.);
#4334=ORIENTED_EDGE('',*,*,#3115,.T.);
#4335=ORIENTED_EDGE('',*,*,#3116,.T.);
#4336=ORIENTED_EDGE('',*,*,#3117,.F.);
#4337=ORIENTED_EDGE('',*,*,#3116,.F.);
#4338=ORIENTED_EDGE('',*,*,#3118,.T.);
#4339=ORIENTED_EDGE('',*,*,#3119,.F.);
#4340=ORIENTED_EDGE('',*,*,#3120,.T.);
#4341=ORIENTED_EDGE('',*,*,#3121,.F.);
#4342=ORIENTED_EDGE('',*,*,#3122,.T.);
#4343=ORIENTED_EDGE('',*,*,#3123,.F.);
#4344=ORIENTED_EDGE('',*,*,#3124,.T.);
#4345=ORIENTED_EDGE('',*,*,#3125,.F.);
#4346=ORIENTED_EDGE('',*,*,#3050,.F.);
#4347=ORIENTED_EDGE('',*,*,#3053,.T.);
#4348=ORIENTED_EDGE('',*,*,#3045,.F.);
#4349=ORIENTED_EDGE('',*,*,#3126,.F.);
#4350=ORIENTED_EDGE('',*,*,#3111,.T.);
#4351=ORIENTED_EDGE('',*,*,#3092,.F.);
#4352=ORIENTED_EDGE('',*,*,#3127,.T.);
#4353=ORIENTED_EDGE('',*,*,#3123,.T.);
#4354=ORIENTED_EDGE('',*,*,#3128,.T.);
#4355=ORIENTED_EDGE('',*,*,#3129,.T.);
#4356=ORIENTED_EDGE('',*,*,#3130,.T.);
#4357=ORIENTED_EDGE('',*,*,#3131,.T.);
#4358=ORIENTED_EDGE('',*,*,#3132,.T.);
#4359=ORIENTED_EDGE('',*,*,#3100,.T.);
#4360=ORIENTED_EDGE('',*,*,#3133,.T.);
#4361=ORIENTED_EDGE('',*,*,#3101,.T.);
#4362=ORIENTED_EDGE('',*,*,#3132,.F.);
#4363=ORIENTED_EDGE('',*,*,#3134,.T.);
#4364=ORIENTED_EDGE('',*,*,#3135,.T.);
#4365=ORIENTED_EDGE('',*,*,#3102,.T.);
#4366=ORIENTED_EDGE('',*,*,#3133,.F.);
#4367=ORIENTED_EDGE('',*,*,#3136,.T.);
#4368=ORIENTED_EDGE('',*,*,#3130,.F.);
#4369=ORIENTED_EDGE('',*,*,#3137,.T.);
#4370=ORIENTED_EDGE('',*,*,#3127,.F.);
#4371=ORIENTED_EDGE('',*,*,#3138,.T.);
#4372=ORIENTED_EDGE('',*,*,#3139,.T.);
#4373=ORIENTED_EDGE('',*,*,#3140,.T.);
#4374=ORIENTED_EDGE('',*,*,#3121,.T.);
#4375=ORIENTED_EDGE('',*,*,#3138,.F.);
#4376=ORIENTED_EDGE('',*,*,#3141,.T.);
#4377=ORIENTED_EDGE('',*,*,#3135,.F.);
#4378=ORIENTED_EDGE('',*,*,#3137,.F.);
#4379=ORIENTED_EDGE('',*,*,#3099,.T.);
#4380=ORIENTED_EDGE('',*,*,#3142,.F.);
#4381=ORIENTED_EDGE('',*,*,#3124,.F.);
#4382=ORIENTED_EDGE('',*,*,#3141,.F.);
#4383=ORIENTED_EDGE('',*,*,#3120,.F.);
#4384=ORIENTED_EDGE('',*,*,#3143,.F.);
#4385=ORIENTED_EDGE('',*,*,#3103,.T.);
#4386=ORIENTED_EDGE('',*,*,#3044,.F.);
#4387=ORIENTED_EDGE('',*,*,#3144,.T.);
#4388=ORIENTED_EDGE('',*,*,#3145,.T.);
#4389=ORIENTED_EDGE('',*,*,#3126,.T.);
#4390=ORIENTED_EDGE('',*,*,#3146,.T.);
#4391=ORIENTED_EDGE('',*,*,#3147,.T.);
#4392=ORIENTED_EDGE('',*,*,#3148,.T.);
#4393=ORIENTED_EDGE('',*,*,#3098,.T.);
#4394=ORIENTED_EDGE('',*,*,#3146,.F.);
#4395=ORIENTED_EDGE('',*,*,#3112,.T.);
#4396=ORIENTED_EDGE('',*,*,#3145,.F.);
#4397=ORIENTED_EDGE('',*,*,#3051,.F.);
#4398=ORIENTED_EDGE('',*,*,#3125,.T.);
#4399=ORIENTED_EDGE('',*,*,#3149,.T.);
#4400=ORIENTED_EDGE('',*,*,#3150,.T.);
#4401=ORIENTED_EDGE('',*,*,#3149,.F.);
#4402=ORIENTED_EDGE('',*,*,#3142,.T.);
#4403=ORIENTED_EDGE('',*,*,#3148,.F.);
#4404=ORIENTED_EDGE('',*,*,#3151,.T.);
#4405=ORIENTED_EDGE('',*,*,#3152,.T.);
#4406=ORIENTED_EDGE('',*,*,#3153,.T.);
#4407=ORIENTED_EDGE('',*,*,#3154,.T.);
#4408=ORIENTED_EDGE('',*,*,#3152,.F.);
#4409=ORIENTED_EDGE('',*,*,#3154,.F.);
#4410=ORIENTED_EDGE('',*,*,#3155,.T.);
#4411=ORIENTED_EDGE('',*,*,#3054,.F.);
#4412=ORIENTED_EDGE('',*,*,#3155,.F.);
#4413=ORIENTED_EDGE('',*,*,#3153,.F.);
#4414=ORIENTED_EDGE('',*,*,#3151,.F.);
#4415=ORIENTED_EDGE('',*,*,#3156,.T.);
#4416=ORIENTED_EDGE('',*,*,#3119,.T.);
#4417=ORIENTED_EDGE('',*,*,#3157,.T.);
#4418=ORIENTED_EDGE('',*,*,#3158,.T.);
#4419=ORIENTED_EDGE('',*,*,#3159,.F.);
#4420=ORIENTED_EDGE('',*,*,#3160,.F.);
#4421=ORIENTED_EDGE('',*,*,#3161,.F.);
#4422=ORIENTED_EDGE('',*,*,#3162,.T.);
#4423=ORIENTED_EDGE('',*,*,#3108,.T.);
#4424=ORIENTED_EDGE('',*,*,#3160,.T.);
#4425=ORIENTED_EDGE('',*,*,#3163,.T.);
#4426=ORIENTED_EDGE('',*,*,#3164,.T.);
#4427=ORIENTED_EDGE('',*,*,#3109,.T.);
#4428=ORIENTED_EDGE('',*,*,#3162,.F.);
#4429=ORIENTED_EDGE('',*,*,#3165,.T.);
#4430=ORIENTED_EDGE('',*,*,#3166,.T.);
#4431=ORIENTED_EDGE('',*,*,#3110,.T.);
#4432=ORIENTED_EDGE('',*,*,#3164,.F.);
#4433=ORIENTED_EDGE('',*,*,#3167,.T.);
#4434=ORIENTED_EDGE('',*,*,#3070,.F.);
#4435=ORIENTED_EDGE('',*,*,#3168,.F.);
#4436=ORIENTED_EDGE('',*,*,#3169,.F.);
#4437=ORIENTED_EDGE('',*,*,#3161,.T.);
#4438=ORIENTED_EDGE('',*,*,#3107,.T.);
#4439=ORIENTED_EDGE('',*,*,#3168,.T.);
#4440=ORIENTED_EDGE('',*,*,#3073,.T.);
#4441=ORIENTED_EDGE('',*,*,#3170,.T.);
#4442=ORIENTED_EDGE('',*,*,#3171,.T.);
#4443=ORIENTED_EDGE('',*,*,#3172,.T.);
#4444=ORIENTED_EDGE('',*,*,#3104,.T.);
#4445=ORIENTED_EDGE('',*,*,#3173,.T.);
#4446=ORIENTED_EDGE('',*,*,#3105,.T.);
#4447=ORIENTED_EDGE('',*,*,#3172,.F.);
#4448=ORIENTED_EDGE('',*,*,#3174,.T.);
#4449=ORIENTED_EDGE('',*,*,#3169,.T.);
#4450=ORIENTED_EDGE('',*,*,#3106,.T.);
#4451=ORIENTED_EDGE('',*,*,#3173,.F.);
#4452=ORIENTED_EDGE('',*,*,#3175,.T.);
#4453=ORIENTED_EDGE('',*,*,#3068,.F.);
#4454=ORIENTED_EDGE('',*,*,#3176,.T.);
#4455=ORIENTED_EDGE('',*,*,#3159,.T.);
#4456=ORIENTED_EDGE('',*,*,#3072,.T.);
#4457=ORIENTED_EDGE('',*,*,#3170,.F.);
#4458=ORIENTED_EDGE('',*,*,#3143,.T.);
#4459=ORIENTED_EDGE('',*,*,#3156,.F.);
#4460=ORIENTED_EDGE('',*,*,#3177,.T.);
#4461=ORIENTED_EDGE('',*,*,#3178,.T.);
#4462=ORIENTED_EDGE('',*,*,#3179,.T.);
#4463=ORIENTED_EDGE('',*,*,#3114,.T.);
#4464=ORIENTED_EDGE('',*,*,#3177,.F.);
#4465=ORIENTED_EDGE('',*,*,#3095,.T.);
#4466=ORIENTED_EDGE('',*,*,#3166,.F.);
#4467=ORIENTED_EDGE('',*,*,#3174,.F.);
#4468=ORIENTED_EDGE('',*,*,#3180,.T.);
#4469=ORIENTED_EDGE('',*,*,#3181,.T.);
#4470=ORIENTED_EDGE('',*,*,#3182,.F.);
#4471=ORIENTED_EDGE('',*,*,#3171,.F.);
#4472=ORIENTED_EDGE('',*,*,#3158,.F.);
#4473=ORIENTED_EDGE('',*,*,#3183,.F.);
#4474=ORIENTED_EDGE('',*,*,#3184,.F.);
#4475=ORIENTED_EDGE('',*,*,#3185,.T.);
#4476=ORIENTED_EDGE('',*,*,#3186,.T.);
#4477=ORIENTED_EDGE('',*,*,#3180,.F.);
#4478=ORIENTED_EDGE('',*,*,#3187,.F.);
#4479=ORIENTED_EDGE('',*,*,#3188,.T.);
#4480=ORIENTED_EDGE('',*,*,#3188,.F.);
#4481=ORIENTED_EDGE('',*,*,#3189,.F.);
#4482=ORIENTED_EDGE('',*,*,#3190,.T.);
#4483=ORIENTED_EDGE('',*,*,#3187,.T.);
#4484=ORIENTED_EDGE('',*,*,#3190,.F.);
#4485=ORIENTED_EDGE('',*,*,#3191,.F.);
#4486=ORIENTED_EDGE('',*,*,#3192,.T.);
#4487=ORIENTED_EDGE('',*,*,#3192,.F.);
#4488=ORIENTED_EDGE('',*,*,#3193,.F.);
#4489=ORIENTED_EDGE('',*,*,#3194,.T.);
#4490=ORIENTED_EDGE('',*,*,#3191,.T.);
#4491=ORIENTED_EDGE('',*,*,#3194,.F.);
#4492=ORIENTED_EDGE('',*,*,#3195,.F.);
#4493=ORIENTED_EDGE('',*,*,#3196,.T.);
#4494=ORIENTED_EDGE('',*,*,#3196,.F.);
#4495=ORIENTED_EDGE('',*,*,#3197,.F.);
#4496=ORIENTED_EDGE('',*,*,#3198,.T.);
#4497=ORIENTED_EDGE('',*,*,#3195,.T.);
#4498=ORIENTED_EDGE('',*,*,#3198,.F.);
#4499=ORIENTED_EDGE('',*,*,#3199,.F.);
#4500=ORIENTED_EDGE('',*,*,#3200,.T.);
#4501=ORIENTED_EDGE('',*,*,#3200,.F.);
#4502=ORIENTED_EDGE('',*,*,#3201,.F.);
#4503=ORIENTED_EDGE('',*,*,#3202,.T.);
#4504=ORIENTED_EDGE('',*,*,#3199,.T.);
#4505=ORIENTED_EDGE('',*,*,#3202,.F.);
#4506=ORIENTED_EDGE('',*,*,#3203,.F.);
#4507=ORIENTED_EDGE('',*,*,#3204,.T.);
#4508=ORIENTED_EDGE('',*,*,#3205,.T.);
#4509=ORIENTED_EDGE('',*,*,#3206,.F.);
#4510=ORIENTED_EDGE('',*,*,#3207,.F.);
#4511=ORIENTED_EDGE('',*,*,#3208,.F.);
#4512=ORIENTED_EDGE('',*,*,#3209,.T.);
#4513=ORIENTED_EDGE('',*,*,#3210,.T.);
#4514=ORIENTED_EDGE('',*,*,#3204,.F.);
#4515=ORIENTED_EDGE('',*,*,#3211,.F.);
#4516=ORIENTED_EDGE('',*,*,#3212,.T.);
#4517=ORIENTED_EDGE('',*,*,#3213,.T.);
#4518=ORIENTED_EDGE('',*,*,#3209,.F.);
#4519=ORIENTED_EDGE('',*,*,#3214,.F.);
#4520=ORIENTED_EDGE('',*,*,#3206,.T.);
#4521=ORIENTED_EDGE('',*,*,#3215,.T.);
#4522=ORIENTED_EDGE('',*,*,#3212,.F.);
#4523=ORIENTED_EDGE('',*,*,#3215,.F.);
#4524=ORIENTED_EDGE('',*,*,#3205,.F.);
#4525=ORIENTED_EDGE('',*,*,#3210,.F.);
#4526=ORIENTED_EDGE('',*,*,#3213,.F.);
#4527=ORIENTED_EDGE('',*,*,#3216,.F.);
#4528=ORIENTED_EDGE('',*,*,#3217,.F.);
#4529=ORIENTED_EDGE('',*,*,#3218,.T.);
#4530=ORIENTED_EDGE('',*,*,#3185,.F.);
#4531=ORIENTED_EDGE('',*,*,#3219,.F.);
#4532=ORIENTED_EDGE('',*,*,#3220,.F.);
#4533=ORIENTED_EDGE('',*,*,#3181,.F.);
#4534=ORIENTED_EDGE('',*,*,#3186,.F.);
#4535=ORIENTED_EDGE('',*,*,#3218,.F.);
#4536=ORIENTED_EDGE('',*,*,#3221,.F.);
#4537=ORIENTED_EDGE('',*,*,#3222,.T.);
#4538=ORIENTED_EDGE('',*,*,#3223,.F.);
#4539=ORIENTED_EDGE('',*,*,#3224,.F.);
#4540=ORIENTED_EDGE('',*,*,#3225,.F.);
#4541=ORIENTED_EDGE('',*,*,#3226,.F.);
#4542=ORIENTED_EDGE('',*,*,#3227,.F.);
#4543=ORIENTED_EDGE('',*,*,#3222,.F.);
#4544=ORIENTED_EDGE('',*,*,#3216,.T.);
#4545=ORIENTED_EDGE('',*,*,#3228,.T.);
#4546=ORIENTED_EDGE('',*,*,#3229,.F.);
#4547=ORIENTED_EDGE('',*,*,#3228,.F.);
#4548=ORIENTED_EDGE('',*,*,#3219,.T.);
#4549=ORIENTED_EDGE('',*,*,#3184,.T.);
#4550=ORIENTED_EDGE('',*,*,#3230,.F.);
#4551=ORIENTED_EDGE('',*,*,#3231,.F.);
#4552=ORIENTED_EDGE('',*,*,#3165,.F.);
#4553=ORIENTED_EDGE('',*,*,#3232,.T.);
#4554=ORIENTED_EDGE('',*,*,#3226,.T.);
#4555=ORIENTED_EDGE('',*,*,#3233,.F.);
#4556=ORIENTED_EDGE('',*,*,#3224,.T.);
#4557=ORIENTED_EDGE('',*,*,#3234,.T.);
#4558=ORIENTED_EDGE('',*,*,#3235,.F.);
#4559=ORIENTED_EDGE('',*,*,#3236,.F.);
#4560=ORIENTED_EDGE('',*,*,#3237,.F.);
#4561=ORIENTED_EDGE('',*,*,#3238,.T.);
#4562=ORIENTED_EDGE('',*,*,#3238,.F.);
#4563=ORIENTED_EDGE('',*,*,#3239,.F.);
#4564=ORIENTED_EDGE('',*,*,#3240,.T.);
#4565=ORIENTED_EDGE('',*,*,#3237,.T.);
#4566=ORIENTED_EDGE('',*,*,#3240,.F.);
#4567=ORIENTED_EDGE('',*,*,#3241,.F.);
#4568=ORIENTED_EDGE('',*,*,#3242,.T.);
#4569=ORIENTED_EDGE('',*,*,#3207,.T.);
#4570=ORIENTED_EDGE('',*,*,#3242,.F.);
#4571=ORIENTED_EDGE('',*,*,#3243,.F.);
#4572=ORIENTED_EDGE('',*,*,#3244,.T.);
#4573=ORIENTED_EDGE('',*,*,#3245,.T.);
#4574=ORIENTED_EDGE('',*,*,#3244,.F.);
#4575=ORIENTED_EDGE('',*,*,#3245,.F.);
#4576=ORIENTED_EDGE('',*,*,#3241,.T.);
#4577=ORIENTED_EDGE('',*,*,#3246,.F.);
#4578=ORIENTED_EDGE('',*,*,#3247,.T.);
#4579=ORIENTED_EDGE('',*,*,#3248,.T.);
#4580=ORIENTED_EDGE('',*,*,#3247,.F.);
#4581=ORIENTED_EDGE('',*,*,#3248,.F.);
#4582=ORIENTED_EDGE('',*,*,#3239,.T.);
#4583=ORIENTED_EDGE('',*,*,#3048,.F.);
#4584=ORIENTED_EDGE('',*,*,#3150,.F.);
#4585=ORIENTED_EDGE('',*,*,#3147,.F.);
#4586=ORIENTED_EDGE('',*,*,#3144,.F.);
#4587=ORIENTED_EDGE('',*,*,#3058,.F.);
#4588=ORIENTED_EDGE('',*,*,#3249,.F.);
#4589=ORIENTED_EDGE('',*,*,#3250,.T.);
#4590=ORIENTED_EDGE('',*,*,#3251,.T.);
#4591=ORIENTED_EDGE('',*,*,#3252,.F.);
#4592=ORIENTED_EDGE('',*,*,#3230,.T.);
#4593=ORIENTED_EDGE('',*,*,#3253,.F.);
#4594=ORIENTED_EDGE('',*,*,#3251,.F.);
#4595=ORIENTED_EDGE('',*,*,#3250,.F.);
#4596=ORIENTED_EDGE('',*,*,#3254,.T.);
#4597=ORIENTED_EDGE('',*,*,#3255,.T.);
#4598=ORIENTED_EDGE('',*,*,#3256,.T.);
#4599=ORIENTED_EDGE('',*,*,#3257,.F.);
#4600=ORIENTED_EDGE('',*,*,#3235,.T.);
#4601=ORIENTED_EDGE('',*,*,#3258,.F.);
#4602=ORIENTED_EDGE('',*,*,#3256,.F.);
#4603=ORIENTED_EDGE('',*,*,#3255,.F.);
#4604=ORIENTED_EDGE('',*,*,#3259,.T.);
#4605=ORIENTED_EDGE('',*,*,#3260,.T.);
#4606=ORIENTED_EDGE('',*,*,#3261,.T.);
#4607=ORIENTED_EDGE('',*,*,#3262,.T.);
#4608=ORIENTED_EDGE('',*,*,#3263,.F.);
#4609=ORIENTED_EDGE('',*,*,#3264,.T.);
#4610=ORIENTED_EDGE('',*,*,#3261,.F.);
#4611=ORIENTED_EDGE('',*,*,#3084,.F.);
#4612=ORIENTED_EDGE('',*,*,#3265,.T.);
#4613=ORIENTED_EDGE('',*,*,#3262,.F.);
#4614=ORIENTED_EDGE('',*,*,#3264,.F.);
#4615=ORIENTED_EDGE('',*,*,#3266,.F.);
#4616=ORIENTED_EDGE('',*,*,#3260,.F.);
#4617=ORIENTED_EDGE('',*,*,#3267,.T.);
#4618=ORIENTED_EDGE('',*,*,#3268,.T.);
#4619=ORIENTED_EDGE('',*,*,#3269,.T.);
#4620=ORIENTED_EDGE('',*,*,#3270,.F.);
#4621=ORIENTED_EDGE('',*,*,#3271,.T.);
#4622=ORIENTED_EDGE('',*,*,#3272,.F.);
#4623=ORIENTED_EDGE('',*,*,#3269,.F.);
#4624=ORIENTED_EDGE('',*,*,#3134,.F.);
#4625=ORIENTED_EDGE('',*,*,#3273,.T.);
#4626=ORIENTED_EDGE('',*,*,#3271,.F.);
#4627=ORIENTED_EDGE('',*,*,#3274,.F.);
#4628=ORIENTED_EDGE('',*,*,#3268,.F.);
#4629=ORIENTED_EDGE('',*,*,#3275,.T.);
#4630=ORIENTED_EDGE('',*,*,#3275,.F.);
#4631=ORIENTED_EDGE('',*,*,#3276,.T.);
#4632=ORIENTED_EDGE('',*,*,#3277,.F.);
#4633=ORIENTED_EDGE('',*,*,#3276,.F.);
#4634=ORIENTED_EDGE('',*,*,#3277,.T.);
#4635=ORIENTED_EDGE('',*,*,#3254,.F.);
#4636=ORIENTED_EDGE('',*,*,#3278,.T.);
#4637=ORIENTED_EDGE('',*,*,#3279,.F.);
#4638=ORIENTED_EDGE('',*,*,#3278,.F.);
#4639=ORIENTED_EDGE('',*,*,#3252,.T.);
#4640=ORIENTED_EDGE('',*,*,#3253,.T.);
#4641=ORIENTED_EDGE('',*,*,#3183,.T.);
#4642=ORIENTED_EDGE('',*,*,#3157,.F.);
#4643=ORIENTED_EDGE('',*,*,#3118,.F.);
#4644=ORIENTED_EDGE('',*,*,#3115,.F.);
#4645=ORIENTED_EDGE('',*,*,#3179,.F.);
#4646=ORIENTED_EDGE('',*,*,#3280,.T.);
#4647=ORIENTED_EDGE('',*,*,#3257,.T.);
#4648=ORIENTED_EDGE('',*,*,#3258,.T.);
#4649=ORIENTED_EDGE('',*,*,#3281,.T.);
#4650=ORIENTED_EDGE('',*,*,#3267,.F.);
#4651=ORIENTED_EDGE('',*,*,#3282,.T.);
#4652=ORIENTED_EDGE('',*,*,#3283,.F.);
#4653=ORIENTED_EDGE('',*,*,#3282,.F.);
#4654=ORIENTED_EDGE('',*,*,#3263,.T.);
#4655=ORIENTED_EDGE('',*,*,#3284,.T.);
#4656=ORIENTED_EDGE('',*,*,#3076,.F.);
#4657=ORIENTED_EDGE('',*,*,#3113,.F.);
#4658=ORIENTED_EDGE('',*,*,#3091,.F.);
#4659=ORIENTED_EDGE('',*,*,#3285,.T.);
#4660=ORIENTED_EDGE('',*,*,#3259,.F.);
#4661=ORIENTED_EDGE('',*,*,#3286,.T.);
#4662=ORIENTED_EDGE('',*,*,#3287,.F.);
#4663=ORIENTED_EDGE('',*,*,#3286,.F.);
#4664=ORIENTED_EDGE('',*,*,#3279,.T.);
#4665=ORIENTED_EDGE('',*,*,#3129,.F.);
#4666=ORIENTED_EDGE('',*,*,#3288,.F.);
#4667=ORIENTED_EDGE('',*,*,#3273,.F.);
#4668=ORIENTED_EDGE('',*,*,#3131,.F.);
#4669=ORIENTED_EDGE('',*,*,#3136,.F.);
#4670=ORIENTED_EDGE('',*,*,#3274,.T.);
#4671=ORIENTED_EDGE('',*,*,#3289,.F.);
#4672=ORIENTED_EDGE('',*,*,#3139,.F.);
#4673=ORIENTED_EDGE('',*,*,#3270,.T.);
#4674=ORIENTED_EDGE('',*,*,#3272,.T.);
#4675=ORIENTED_EDGE('',*,*,#3288,.T.);
#4676=ORIENTED_EDGE('',*,*,#3128,.F.);
#4677=ORIENTED_EDGE('',*,*,#3122,.F.);
#4678=ORIENTED_EDGE('',*,*,#3140,.F.);
#4679=ORIENTED_EDGE('',*,*,#3289,.T.);
#4680=ORIENTED_EDGE('',*,*,#3287,.T.);
#4681=ORIENTED_EDGE('',*,*,#3025,.F.);
#4682=ORIENTED_EDGE('',*,*,#3037,.T.);
#4683=ORIENTED_EDGE('',*,*,#3290,.F.);
#4684=ORIENTED_EDGE('',*,*,#3040,.F.);
#4685=ORIENTED_EDGE('',*,*,#3032,.F.);
#4686=ORIENTED_EDGE('',*,*,#3291,.F.);
#4687=ORIENTED_EDGE('',*,*,#3221,.T.);
#4688=ORIENTED_EDGE('',*,*,#3217,.T.);
#4689=ORIENTED_EDGE('',*,*,#3203,.T.);
#4690=ORIENTED_EDGE('',*,*,#3214,.T.);
#4691=ORIENTED_EDGE('',*,*,#3211,.T.);
#4692=ORIENTED_EDGE('',*,*,#3208,.T.);
#4693=ORIENTED_EDGE('',*,*,#3201,.T.);
#4694=ORIENTED_EDGE('',*,*,#3197,.T.);
#4695=ORIENTED_EDGE('',*,*,#3193,.T.);
#4696=ORIENTED_EDGE('',*,*,#3189,.T.);
#4697=ORIENTED_EDGE('',*,*,#3175,.F.);
#4698=ORIENTED_EDGE('',*,*,#3182,.T.);
#4699=ORIENTED_EDGE('',*,*,#3220,.T.);
#4700=ORIENTED_EDGE('',*,*,#3231,.T.);
#4701=ORIENTED_EDGE('',*,*,#3281,.F.);
#4702=ORIENTED_EDGE('',*,*,#3234,.F.);
#4703=ORIENTED_EDGE('',*,*,#3223,.T.);
#4704=ORIENTED_EDGE('',*,*,#3227,.T.);
#4705=ORIENTED_EDGE('',*,*,#3232,.F.);
#4706=ORIENTED_EDGE('',*,*,#3163,.F.);
#4707=ORIENTED_EDGE('',*,*,#3176,.F.);
#4708=ORIENTED_EDGE('',*,*,#3067,.T.);
#4709=ORIENTED_EDGE('',*,*,#3064,.T.);
#4710=ORIENTED_EDGE('',*,*,#3249,.T.);
#4711=ORIENTED_EDGE('',*,*,#3059,.F.);
#4712=ORIENTED_EDGE('',*,*,#3062,.F.);
#4713=ORIENTED_EDGE('',*,*,#3071,.F.);
#4714=ORIENTED_EDGE('',*,*,#3229,.T.);
#4715=ORIENTED_EDGE('',*,*,#3167,.F.);
#4716=ORIENTED_EDGE('',*,*,#3233,.T.);
#4717=ORIENTED_EDGE('',*,*,#3225,.T.);
#4718=ORIENTED_EDGE('',*,*,#3236,.T.);
#4719=ORIENTED_EDGE('',*,*,#3280,.F.);
#4720=ORIENTED_EDGE('',*,*,#3178,.F.);
#4721=ORIENTED_EDGE('',*,*,#3026,.F.);
#4722=ORIENTED_EDGE('',*,*,#3291,.T.);
#4723=ORIENTED_EDGE('',*,*,#3031,.F.);
#4724=ORIENTED_EDGE('',*,*,#3028,.F.);
#4725=ORIENTED_EDGE('',*,*,#3243,.T.);
#4726=ORIENTED_EDGE('',*,*,#3246,.T.);
#4727=ORIENTED_EDGE('',*,*,#3087,.F.);
#4728=ORIENTED_EDGE('',*,*,#3266,.T.);
#4729=ORIENTED_EDGE('',*,*,#3285,.F.);
#4730=ORIENTED_EDGE('',*,*,#3090,.F.);
#4731=ORIENTED_EDGE('',*,*,#3077,.F.);
#4732=ORIENTED_EDGE('',*,*,#3284,.F.);
#4733=ORIENTED_EDGE('',*,*,#3265,.F.);
#4734=ORIENTED_EDGE('',*,*,#3079,.F.);
#4735=ORIENTED_EDGE('',*,*,#3283,.T.);
#4736=ORIENTED_EDGE('',*,*,#3292,.F.);
#4737=ORIENTED_EDGE('',*,*,#3293,.T.);
#4738=ORIENTED_EDGE('',*,*,#3294,.T.);
#4739=ORIENTED_EDGE('',*,*,#3293,.F.);
#4740=ORIENTED_EDGE('',*,*,#3295,.F.);
#4741=ORIENTED_EDGE('',*,*,#3296,.T.);
#4742=ORIENTED_EDGE('',*,*,#3292,.T.);
#4743=ORIENTED_EDGE('',*,*,#3296,.F.);
#4744=ORIENTED_EDGE('',*,*,#3297,.F.);
#4745=ORIENTED_EDGE('',*,*,#3298,.T.);
#4746=ORIENTED_EDGE('',*,*,#3295,.T.);
#4747=ORIENTED_EDGE('',*,*,#3298,.F.);
#4748=ORIENTED_EDGE('',*,*,#3299,.F.);
#4749=ORIENTED_EDGE('',*,*,#3300,.T.);
#4750=ORIENTED_EDGE('',*,*,#3022,.T.);
#4751=ORIENTED_EDGE('',*,*,#3020,.T.);
#4752=ORIENTED_EDGE('',*,*,#3014,.T.);
#4753=ORIENTED_EDGE('',*,*,#3301,.T.);
#4754=ORIENTED_EDGE('',*,*,#3297,.T.);
#4755=ORIENTED_EDGE('',*,*,#3301,.F.);
#4756=ORIENTED_EDGE('',*,*,#3013,.T.);
#4757=ORIENTED_EDGE('',*,*,#3017,.T.);
#4758=ORIENTED_EDGE('',*,*,#3023,.T.);
#4759=ORIENTED_EDGE('',*,*,#3300,.F.);
#4760=ORIENTED_EDGE('',*,*,#2995,.T.);
#4761=ORIENTED_EDGE('',*,*,#2989,.T.);
#4762=ORIENTED_EDGE('',*,*,#2992,.T.);
#4763=ORIENTED_EDGE('',*,*,#2997,.T.);
#4764=ORIENTED_EDGE('',*,*,#3007,.T.);
#4765=ORIENTED_EDGE('',*,*,#3001,.T.);
#4766=ORIENTED_EDGE('',*,*,#3004,.T.);
#4767=ORIENTED_EDGE('',*,*,#3009,.T.);
#4768=ORIENTED_EDGE('',*,*,#3302,.F.);
#4769=ORIENTED_EDGE('',*,*,#3041,.T.);
#4770=ORIENTED_EDGE('',*,*,#3290,.T.);
#4771=ORIENTED_EDGE('',*,*,#3036,.T.);
#4772=ORIENTED_EDGE('',*,*,#3299,.T.);
#4773=ORIENTED_EDGE('',*,*,#3035,.T.);
#4774=ORIENTED_EDGE('',*,*,#3039,.F.);
#4775=ORIENTED_EDGE('',*,*,#3042,.T.);
#4776=ORIENTED_EDGE('',*,*,#3302,.T.);
#4777=ORIENTED_EDGE('',*,*,#3303,.F.);
#4778=ORIENTED_EDGE('',*,*,#3117,.T.);
#4779=ORIENTED_EDGE('',*,*,#3294,.F.);
#4780=ORIENTED_EDGE('',*,*,#3304,.T.);
#4781=ORIENTED_EDGE('',*,*,#3303,.T.);
#4782=ORIENTED_EDGE('',*,*,#3304,.F.);
#4783=PLANE('',#5276);
#4784=PLANE('',#5277);
#4785=PLANE('',#5278);
#4786=PLANE('',#5279);
#4787=PLANE('',#5280);
#4788=PLANE('',#5281);
#4789=PLANE('',#5282);
#4790=PLANE('',#5283);
#4791=PLANE('',#5284);
#4792=PLANE('',#5285);
#4793=PLANE('',#5286);
#4794=PLANE('',#5287);
#4795=PLANE('',#5288);
#4796=PLANE('',#5289);
#4797=PLANE('',#5290);
#4798=PLANE('',#5291);
#4799=PLANE('',#5292);
#4800=PLANE('',#5293);
#4801=PLANE('',#5294);
#4802=PLANE('',#5295);
#4803=PLANE('',#5296);
#4804=PLANE('',#5297);
#4805=PLANE('',#5298);
#4806=PLANE('',#5299);
#4807=PLANE('',#5300);
#4808=PLANE('',#5301);
#4809=PLANE('',#5302);
#4810=PLANE('',#5303);
#4811=PLANE('',#5304);
#4812=PLANE('',#5305);
#4813=PLANE('',#5306);
#4814=PLANE('',#5307);
#4815=PLANE('',#5308);
#4816=PLANE('',#5309);
#4817=PLANE('',#5310);
#4818=PLANE('',#5311);
#4819=PLANE('',#5312);
#4820=PLANE('',#5313);
#4821=PLANE('',#5314);
#4822=PLANE('',#5315);
#4823=PLANE('',#5316);
#4824=PLANE('',#5317);
#4825=PLANE('',#5318);
#4826=PLANE('',#5319);
#4827=PLANE('',#5320);
#4828=PLANE('',#5321);
#4829=PLANE('',#5322);
#4830=PLANE('',#5323);
#4831=PLANE('',#5324);
#4832=PLANE('',#5325);
#4833=PLANE('',#5326);
#4834=PLANE('',#5327);
#4835=PLANE('',#5328);
#4836=PLANE('',#5329);
#4837=PLANE('',#5330);
#4838=PLANE('',#5331);
#4839=PLANE('',#5332);
#4840=PLANE('',#5333);
#4841=PLANE('',#5334);
#4842=PLANE('',#5335);
#4843=PLANE('',#5336);
#4844=PLANE('',#5337);
#4845=PLANE('',#5338);
#4846=PLANE('',#5339);
#4847=PLANE('',#5340);
#4848=PLANE('',#5341);
#4849=PLANE('',#5342);
#4850=PLANE('',#5343);
#4851=PLANE('',#5344);
#4852=PLANE('',#5345);
#4853=PLANE('',#5346);
#4854=PLANE('',#5347);
#4855=PLANE('',#5348);
#4856=PLANE('',#5349);
#4857=PLANE('',#5350);
#4858=PLANE('',#5351);
#4859=PLANE('',#5352);
#4860=PLANE('',#5353);
#4861=PLANE('',#5354);
#4862=PLANE('',#5355);
#4863=PLANE('',#5356);
#4864=PLANE('',#5357);
#4865=PLANE('',#5358);
#4866=PLANE('',#5359);
#4867=PLANE('',#5360);
#4868=PLANE('',#5361);
#4869=PLANE('',#5362);
#4870=PLANE('',#5363);
#4871=PLANE('',#5364);
#4872=PLANE('',#5365);
#4873=PLANE('',#5366);
#4874=PLANE('',#5367);
#4875=PLANE('',#5368);
#4876=PLANE('',#5369);
#4877=PLANE('',#5370);
#4878=PLANE('',#5371);
#4879=PLANE('',#5372);
#4880=PLANE('',#5373);
#4881=PLANE('',#5374);
#4882=PLANE('',#5375);
#4883=PLANE('',#5376);
#4884=PLANE('',#5377);
#4885=PLANE('',#5378);
#4886=PLANE('',#5379);
#4887=PLANE('',#5380);
#4888=PLANE('',#5381);
#4889=PLANE('',#5382);
#4890=PLANE('',#5383);
#4891=PLANE('',#5384);
#4892=PLANE('',#5385);
#4893=PLANE('',#5386);
#4894=PLANE('',#5387);
#4895=PLANE('',#5388);
#4896=PLANE('',#5389);
#4897=PLANE('',#5390);
#4898=PLANE('',#5391);
#4899=PLANE('',#5392);
#4900=PLANE('',#5393);
#4901=PLANE('',#5394);
#4902=PLANE('',#5395);
#4903=PLANE('',#5396);
#4904=PLANE('',#5397);
#4905=PLANE('',#5398);
#4906=PLANE('',#5399);
#4907=PLANE('',#5400);
#4908=PLANE('',#5401);
#4909=PLANE('',#5402);
#4910=PLANE('',#5403);
#4911=PLANE('',#5404);
#4912=PLANE('',#5405);
#4913=PLANE('',#5406);
#4914=PLANE('',#5407);
#4915=PLANE('',#5408);
#4916=PLANE('',#5412);
#4917=PLANE('',#5416);
#4918=PLANE('',#5417);
#4919=PLANE('',#5420);
#4920=PLANE('',#5432);
#4921=PLANE('',#5477);
#4922=PLANE('',#5536);
#4923=PLANE('',#5571);
#4924=PLANE('',#5590);
#4925=PLANE('',#5595);
#4926=PLANE('',#5599);
#4927=PLANE('',#5621);
#4928=PLANE('',#5625);
#4929=PLANE('',#5627);
#4930=PLANE('',#5633);
#4931=PLANE('',#5639);
#4932=PLANE('',#5647);
#4933=PLANE('',#5655);
#4934=PLANE('',#5659);
#4935=PLANE('',#5662);
#4936=PLANE('',#5666);
#4937=PLANE('',#5669);
#4938=PLANE('',#5670);
#4939=PLANE('',#5671);
#4940=PLANE('',#5672);
#4941=PLANE('',#5673);
#4942=PLANE('',#5674);
#4943=PLANE('',#5676);
#4944=PLANE('',#5677);
#4945=PLANE('',#5678);
#4946=PLANE('',#5679);
#4947=PLANE('',#5680);
#4948=PLANE('',#5690);
#4949=PLANE('',#5693);
#4950=ADVANCED_FACE('',(#375),#4783,.T.);
#4951=ADVANCED_FACE('',(#376),#4784,.F.);
#4952=ADVANCED_FACE('',(#377),#325,.T.);
#4953=ADVANCED_FACE('',(#378),#4785,.F.);
#4954=ADVANCED_FACE('',(#379),#326,.T.);
#4955=ADVANCED_FACE('',(#380),#4786,.F.);
#4956=ADVANCED_FACE('',(#381),#4787,.F.);
#4957=ADVANCED_FACE('',(#382),#4788,.F.);
#4958=ADVANCED_FACE('',(#383),#4789,.T.);
#4959=ADVANCED_FACE('',(#384),#4790,.F.);
#4960=ADVANCED_FACE('',(#385),#4791,.F.);
#4961=ADVANCED_FACE('',(#386),#4792,.F.);
#4962=ADVANCED_FACE('',(#387),#4793,.F.);
#4963=ADVANCED_FACE('',(#388),#4794,.T.);
#4964=ADVANCED_FACE('',(#389),#4795,.F.);
#4965=ADVANCED_FACE('',(#390),#4796,.F.);
#4966=ADVANCED_FACE('',(#391),#4797,.F.);
#4967=ADVANCED_FACE('',(#392),#4798,.F.);
#4968=ADVANCED_FACE('',(#393),#4799,.F.);
#4969=ADVANCED_FACE('',(#394),#4800,.F.);
#4970=ADVANCED_FACE('',(#395),#4801,.F.);
#4971=ADVANCED_FACE('',(#396),#4802,.F.);
#4972=ADVANCED_FACE('',(#397),#4803,.F.);
#4973=ADVANCED_FACE('',(#398),#4804,.F.);
#4974=ADVANCED_FACE('',(#399),#4805,.F.);
#4975=ADVANCED_FACE('',(#400),#4806,.F.);
#4976=ADVANCED_FACE('',(#401,#271),#4807,.T.);
#4977=ADVANCED_FACE('',(#402),#327,.T.);
#4978=ADVANCED_FACE('',(#403),#4808,.F.);
#4979=ADVANCED_FACE('',(#404),#328,.T.);
#4980=ADVANCED_FACE('',(#405),#4809,.F.);
#4981=ADVANCED_FACE('',(#406),#329,.T.);
#4982=ADVANCED_FACE('',(#407),#330,.T.);
#4983=ADVANCED_FACE('',(#408),#331,.T.);
#4984=ADVANCED_FACE('',(#409),#4810,.T.);
#4985=ADVANCED_FACE('',(#410),#4811,.T.);
#4986=ADVANCED_FACE('',(#411),#332,.T.);
#4987=ADVANCED_FACE('',(#412),#4812,.F.);
#4988=ADVANCED_FACE('',(#413),#333,.T.);
#4989=ADVANCED_FACE('',(#414),#4813,.F.);
#4990=ADVANCED_FACE('',(#415),#4814,.T.);
#4991=ADVANCED_FACE('',(#416),#4815,.F.);
#4992=ADVANCED_FACE('',(#417),#4816,.F.);
#4993=ADVANCED_FACE('',(#418),#334,.T.);
#4994=ADVANCED_FACE('',(#419),#4817,.F.);
#4995=ADVANCED_FACE('',(#420),#335,.T.);
#4996=ADVANCED_FACE('',(#421),#4818,.F.);
#4997=ADVANCED_FACE('',(#422),#4819,.F.);
#4998=ADVANCED_FACE('',(#423,#272),#4820,.T.);
#4999=ADVANCED_FACE('',(#424),#336,.T.);
#5000=ADVANCED_FACE('',(#425),#337,.T.);
#5001=ADVANCED_FACE('',(#426),#4821,.T.);
#5002=ADVANCED_FACE('',(#427),#4822,.T.);
#5003=ADVANCED_FACE('',(#428),#4823,.F.);
#5004=ADVANCED_FACE('',(#429),#338,.T.);
#5005=ADVANCED_FACE('',(#430),#4824,.F.);
#5006=ADVANCED_FACE('',(#431),#339,.T.);
#5007=ADVANCED_FACE('',(#432),#4825,.F.);
#5008=ADVANCED_FACE('',(#433),#4826,.F.);
#5009=ADVANCED_FACE('',(#434),#4827,.F.);
#5010=ADVANCED_FACE('',(#435),#4828,.T.);
#5011=ADVANCED_FACE('',(#436),#4829,.F.);
#5012=ADVANCED_FACE('',(#437),#4830,.F.);
#5013=ADVANCED_FACE('',(#438),#4831,.F.);
#5014=ADVANCED_FACE('',(#439),#4832,.F.);
#5015=ADVANCED_FACE('',(#440),#4833,.T.);
#5016=ADVANCED_FACE('',(#441),#4834,.F.);
#5017=ADVANCED_FACE('',(#442),#4835,.F.);
#5018=ADVANCED_FACE('',(#443),#4836,.F.);
#5019=ADVANCED_FACE('',(#444),#4837,.F.);
#5020=ADVANCED_FACE('',(#445,#273),#4838,.T.);
#5021=ADVANCED_FACE('',(#446),#4839,.F.);
#5022=ADVANCED_FACE('',(#447),#4840,.F.);
#5023=ADVANCED_FACE('',(#448),#340,.T.);
#5024=ADVANCED_FACE('',(#449),#4841,.F.);
#5025=ADVANCED_FACE('',(#450),#4842,.F.);
#5026=ADVANCED_FACE('',(#451),#4843,.F.);
#5027=ADVANCED_FACE('',(#452),#341,.T.);
#5028=ADVANCED_FACE('',(#453),#4844,.T.);
#5029=ADVANCED_FACE('',(#454,#274),#4845,.T.);
#5030=ADVANCED_FACE('',(#455),#342,.T.);
#5031=ADVANCED_FACE('',(#456),#4846,.F.);
#5032=ADVANCED_FACE('',(#457),#343,.T.);
#5033=ADVANCED_FACE('',(#458),#4847,.F.);
#5034=ADVANCED_FACE('',(#459),#4848,.F.);
#5035=ADVANCED_FACE('',(#460),#344,.T.);
#5036=ADVANCED_FACE('',(#461),#345,.T.);
#5037=ADVANCED_FACE('',(#462),#4849,.T.);
#5038=ADVANCED_FACE('',(#463),#4850,.T.);
#5039=ADVANCED_FACE('',(#464),#4851,.F.);
#5040=ADVANCED_FACE('',(#465),#4852,.F.);
#5041=ADVANCED_FACE('',(#466),#4853,.F.);
#5042=ADVANCED_FACE('',(#467),#4854,.F.);
#5043=ADVANCED_FACE('',(#468),#4855,.T.);
#5044=ADVANCED_FACE('',(#469),#4856,.F.);
#5045=ADVANCED_FACE('',(#470),#4857,.F.);
#5046=ADVANCED_FACE('',(#471),#4858,.F.);
#5047=ADVANCED_FACE('',(#472),#4859,.F.);
#5048=ADVANCED_FACE('',(#473),#4860,.F.);
#5049=ADVANCED_FACE('',(#474),#4861,.F.);
#5050=ADVANCED_FACE('',(#475),#4862,.F.);
#5051=ADVANCED_FACE('',(#476),#4863,.F.);
#5052=ADVANCED_FACE('',(#477),#4864,.F.);
#5053=ADVANCED_FACE('',(#478),#4865,.F.);
#5054=ADVANCED_FACE('',(#479),#4866,.F.);
#5055=ADVANCED_FACE('',(#480),#4867,.F.);
#5056=ADVANCED_FACE('',(#481),#4868,.T.);
#5057=ADVANCED_FACE('',(#482),#4869,.F.);
#5058=ADVANCED_FACE('',(#483),#4870,.F.);
#5059=ADVANCED_FACE('',(#484),#4871,.F.);
#5060=ADVANCED_FACE('',(#485),#4872,.F.);
#5061=ADVANCED_FACE('',(#486),#4873,.F.);
#5062=ADVANCED_FACE('',(#487),#4874,.F.);
#5063=ADVANCED_FACE('',(#488,#275),#4875,.T.);
#5064=ADVANCED_FACE('',(#489),#346,.T.);
#5065=ADVANCED_FACE('',(#490),#4876,.F.);
#5066=ADVANCED_FACE('',(#491),#4877,.F.);
#5067=ADVANCED_FACE('',(#492),#347,.T.);
#5068=ADVANCED_FACE('',(#493),#4878,.T.);
#5069=ADVANCED_FACE('',(#494,#276),#4879,.T.);
#5070=ADVANCED_FACE('',(#495),#348,.T.);
#5071=ADVANCED_FACE('',(#496),#4880,.F.);
#5072=ADVANCED_FACE('',(#497),#349,.T.);
#5073=ADVANCED_FACE('',(#498),#4881,.F.);
#5074=ADVANCED_FACE('',(#499),#350,.T.);
#5075=ADVANCED_FACE('',(#500),#4882,.F.);
#5076=ADVANCED_FACE('',(#501),#4883,.T.);
#5077=ADVANCED_FACE('',(#502),#4884,.T.);
#5078=ADVANCED_FACE('',(#503),#4885,.F.);
#5079=ADVANCED_FACE('',(#504),#4886,.F.);
#5080=ADVANCED_FACE('',(#505),#4887,.F.);
#5081=ADVANCED_FACE('',(#506),#351,.T.);
#5082=ADVANCED_FACE('',(#507),#352,.T.);
#5083=ADVANCED_FACE('',(#508),#4888,.F.);
#5084=ADVANCED_FACE('',(#509),#4889,.F.);
#5085=ADVANCED_FACE('',(#510),#4890,.T.);
#5086=ADVANCED_FACE('',(#511),#4891,.F.);
#5087=ADVANCED_FACE('',(#512),#353,.T.);
#5088=ADVANCED_FACE('',(#513),#4892,.F.);
#5089=ADVANCED_FACE('',(#514),#354,.T.);
#5090=ADVANCED_FACE('',(#515),#4893,.F.);
#5091=ADVANCED_FACE('',(#516),#4894,.F.);
#5092=ADVANCED_FACE('',(#517),#4895,.F.);
#5093=ADVANCED_FACE('',(#518,#277,#278),#4896,.T.);
#5094=ADVANCED_FACE('',(#519),#355,.T.);
#5095=ADVANCED_FACE('',(#520),#356,.T.);
#5096=ADVANCED_FACE('',(#521),#4897,.F.);
#5097=ADVANCED_FACE('',(#522),#4898,.F.);
#5098=ADVANCED_FACE('',(#523),#357,.T.);
#5099=ADVANCED_FACE('',(#524),#4899,.F.);
#5100=ADVANCED_FACE('',(#525),#358,.T.);
#5101=ADVANCED_FACE('',(#526),#4900,.T.);
#5102=ADVANCED_FACE('',(#527),#4901,.T.);
#5103=ADVANCED_FACE('',(#528),#4902,.T.);
#5104=ADVANCED_FACE('',(#529),#4903,.F.);
#5105=ADVANCED_FACE('',(#530),#4904,.F.);
#5106=ADVANCED_FACE('',(#531),#359,.T.);
#5107=ADVANCED_FACE('',(#532),#4905,.F.);
#5108=ADVANCED_FACE('',(#533),#360,.T.);
#5109=ADVANCED_FACE('',(#534),#4906,.F.);
#5110=ADVANCED_FACE('',(#535),#4907,.F.);
#5111=ADVANCED_FACE('',(#536),#4908,.T.);
#5112=ADVANCED_FACE('',(#537),#361,.T.);
#5113=ADVANCED_FACE('',(#538),#4909,.F.);
#5114=ADVANCED_FACE('',(#539),#362,.T.);
#5115=ADVANCED_FACE('',(#540),#4910,.F.);
#5116=ADVANCED_FACE('',(#541),#4911,.T.);
#5117=ADVANCED_FACE('',(#542),#4912,.F.);
#5118=ADVANCED_FACE('',(#543),#4913,.F.);
#5119=ADVANCED_FACE('',(#544),#4914,.F.);
#5120=ADVANCED_FACE('',(#545),#4915,.F.);
#5121=ADVANCED_FACE('',(#546),#363,.T.);
#5122=ADVANCED_FACE('',(#547),#364,.T.);
#5123=ADVANCED_FACE('',(#548),#365,.T.);
#5124=ADVANCED_FACE('',(#549),#366,.T.);
#5125=ADVANCED_FACE('',(#550),#252,.T.);
#5126=ADVANCED_FACE('',(#551),#367,.T.);
#5127=ADVANCED_FACE('',(#552),#368,.T.);
#5128=ADVANCED_FACE('',(#553),#369,.T.);
#5129=ADVANCED_FACE('',(#554),#370,.T.);
#5130=ADVANCED_FACE('',(#555),#253,.T.);
#5131=ADVANCED_FACE('',(#556),#371,.T.);
#5132=ADVANCED_FACE('',(#557),#372,.T.);
#5133=ADVANCED_FACE('',(#558),#373,.T.);
#5134=ADVANCED_FACE('',(#559),#374,.T.);
#5135=ADVANCED_FACE('',(#560),#254,.T.);
#5136=ADVANCED_FACE('',(#561),#4916,.T.);
#5137=ADVANCED_FACE('',(#562),#255,.T.);
#5138=ADVANCED_FACE('',(#563),#4917,.T.);
#5139=ADVANCED_FACE('',(#564),#4918,.T.);
#5140=ADVANCED_FACE('',(#565),#49,.T.);
#5141=ADVANCED_FACE('',(#566),#4919,.T.);
#5142=ADVANCED_FACE('',(#567),#29,.T.);
#5143=ADVANCED_FACE('',(#568),#30,.T.);
#5144=ADVANCED_FACE('',(#569),#31,.T.);
#5145=ADVANCED_FACE('',(#570,#279),#4920,.F.);
#5146=ADVANCED_FACE('',(#571),#32,.T.);
#5147=ADVANCED_FACE('',(#572),#33,.T.);
#5148=ADVANCED_FACE('',(#573),#34,.T.);
#5149=ADVANCED_FACE('',(#574),#35,.T.);
#5150=ADVANCED_FACE('',(#575),#36,.T.);
#5151=ADVANCED_FACE('',(#576),#50,.F.);
#5152=ADVANCED_FACE('',(#577),#51,.T.);
#5153=ADVANCED_FACE('',(#578),#52,.F.);
#5154=ADVANCED_FACE('',(#579),#53,.F.);
#5155=ADVANCED_FACE('',(#580),#37,.F.);
#5156=ADVANCED_FACE('',(#581),#54,.F.);
#5157=ADVANCED_FACE('',(#582),#19,.F.);
#5158=ADVANCED_FACE('',(#583),#55,.F.);
#5159=ADVANCED_FACE('',(#584),#20,.F.);
#5160=ADVANCED_FACE('',(#585),#38,.F.);
#5161=ADVANCED_FACE('',(#586,#280,#281,#282,#283,#284,#285,#286,#287,#288,
#289,#290,#291,#292,#293,#294,#295,#296,#297,#298,#299,#300,#301,#302),
#4921,.T.);
#5162=ADVANCED_FACE('',(#587),#39,.F.);
#5163=ADVANCED_FACE('',(#588),#56,.F.);
#5164=ADVANCED_FACE('',(#589),#57,.F.);
#5165=ADVANCED_FACE('',(#590),#58,.F.);
#5166=ADVANCED_FACE('',(#591),#40,.F.);
#5167=ADVANCED_FACE('',(#592),#59,.F.);
#5168=ADVANCED_FACE('',(#593),#21,.F.);
#5169=ADVANCED_FACE('',(#594),#60,.F.);
#5170=ADVANCED_FACE('',(#595),#22,.F.);
#5171=ADVANCED_FACE('',(#596),#41,.F.);
#5172=ADVANCED_FACE('',(#597),#42,.F.);
#5173=ADVANCED_FACE('',(#598),#61,.F.);
#5174=ADVANCED_FACE('',(#599),#43,.F.);
#5175=ADVANCED_FACE('',(#600),#23,.F.);
#5176=ADVANCED_FACE('',(#601),#62,.F.);
#5177=ADVANCED_FACE('',(#602),#24,.F.);
#5178=ADVANCED_FACE('',(#603),#18,.F.);
#5179=ADVANCED_FACE('',(#604),#63,.T.);
#5180=ADVANCED_FACE('',(#605),#4922,.F.);
#5181=ADVANCED_FACE('',(#606),#64,.F.);
#5182=ADVANCED_FACE('',(#607),#25,.F.);
#5183=ADVANCED_FACE('',(#608),#44,.F.);
#5184=ADVANCED_FACE('',(#609),#45,.F.);
#5185=ADVANCED_FACE('',(#610),#65,.F.);
#5186=ADVANCED_FACE('',(#611),#26,.F.);
#5187=ADVANCED_FACE('',(#612),#46,.F.);
#5188=ADVANCED_FACE('',(#613),#66,.F.);
#5189=ADVANCED_FACE('',(#614),#47,.F.);
#5190=ADVANCED_FACE('',(#615),#48,.F.);
#5191=ADVANCED_FACE('',(#616),#67,.F.);
#5192=ADVANCED_FACE('',(#617),#27,.F.);
#5193=ADVANCED_FACE('',(#618),#68,.F.);
#5194=ADVANCED_FACE('',(#619),#28,.F.);
#5195=ADVANCED_FACE('',(#620),#69,.T.);
#5196=ADVANCED_FACE('',(#621),#4923,.T.);
#5197=ADVANCED_FACE('',(#622),#256,.F.);
#5198=ADVANCED_FACE('',(#623),#70,.F.);
#5199=ADVANCED_FACE('',(#624),#257,.F.);
#5200=ADVANCED_FACE('',(#625),#71,.F.);
#5201=ADVANCED_FACE('',(#626),#258,.F.);
#5202=ADVANCED_FACE('',(#627),#72,.F.);
#5203=ADVANCED_FACE('',(#628),#259,.F.);
#5204=ADVANCED_FACE('',(#629),#73,.F.);
#5205=ADVANCED_FACE('',(#630,#303),#4924,.F.);
#5206=ADVANCED_FACE('',(#631),#74,.F.);
#5207=ADVANCED_FACE('',(#632),#4925,.F.);
#5208=ADVANCED_FACE('',(#633),#75,.F.);
#5209=ADVANCED_FACE('',(#634,#304),#4926,.T.);
#5210=ADVANCED_FACE('',(#635),#76,.F.);
#5211=ADVANCED_FACE('',(#636),#77,.F.);
#5212=ADVANCED_FACE('',(#637),#78,.F.);
#5213=ADVANCED_FACE('',(#638),#79,.T.);
#5214=ADVANCED_FACE('',(#639),#80,.T.);
#5215=ADVANCED_FACE('',(#640),#81,.T.);
#5216=ADVANCED_FACE('',(#641),#260,.F.);
#5217=ADVANCED_FACE('',(#642),#82,.F.);
#5218=ADVANCED_FACE('',(#643),#83,.F.);
#5219=ADVANCED_FACE('',(#644),#84,.F.);
#5220=ADVANCED_FACE('',(#645,#305),#4927,.T.);
#5221=ADVANCED_FACE('',(#646),#85,.F.);
#5222=ADVANCED_FACE('',(#647,#306),#4928,.T.);
#5223=ADVANCED_FACE('',(#648),#86,.T.);
#5224=ADVANCED_FACE('',(#649),#4929,.F.);
#5225=ADVANCED_FACE('',(#650),#261,.T.);
#5226=ADVANCED_FACE('',(#651,#307),#4930,.F.);
#5227=ADVANCED_FACE('',(#652),#262,.T.);
#5228=ADVANCED_FACE('',(#653,#308),#4931,.F.);
#5229=ADVANCED_FACE('',(#654),#263,.T.);
#5230=ADVANCED_FACE('',(#655),#87,.T.);
#5231=ADVANCED_FACE('',(#656,#309),#4932,.F.);
#5232=ADVANCED_FACE('',(#657),#264,.T.);
#5233=ADVANCED_FACE('',(#658),#88,.T.);
#5234=ADVANCED_FACE('',(#659,#310),#4933,.F.);
#5235=ADVANCED_FACE('',(#660),#89,.F.);
#5236=ADVANCED_FACE('',(#661),#4934,.F.);
#5237=ADVANCED_FACE('',(#662),#90,.F.);
#5238=ADVANCED_FACE('',(#663),#4935,.F.);
#5239=ADVANCED_FACE('',(#664),#91,.F.);
#5240=ADVANCED_FACE('',(#665),#4936,.F.);
#5241=ADVANCED_FACE('',(#666),#92,.F.);
#5242=ADVANCED_FACE('',(#667),#4937,.F.);
#5243=ADVANCED_FACE('',(#668),#4938,.T.);
#5244=ADVANCED_FACE('',(#669),#4939,.T.);
#5245=ADVANCED_FACE('',(#670),#4940,.F.);
#5246=ADVANCED_FACE('',(#671),#4941,.F.);
#5247=ADVANCED_FACE('',(#672,#311,#312,#313,#314,#315,#316,#317),#4942,
 .T.);
#5248=ADVANCED_FACE('',(#673,#318),#93,.F.);
#5249=ADVANCED_FACE('',(#674),#4943,.T.);
#5250=ADVANCED_FACE('',(#675,#319,#320),#4944,.T.);
#5251=ADVANCED_FACE('',(#676),#4945,.T.);
#5252=ADVANCED_FACE('',(#677),#4946,.T.);
#5253=ADVANCED_FACE('',(#678),#4947,.F.);
#5254=ADVANCED_FACE('',(#679),#265,.T.);
#5255=ADVANCED_FACE('',(#680),#266,.T.);
#5256=ADVANCED_FACE('',(#681),#267,.T.);
#5257=ADVANCED_FACE('',(#682,#321,#322),#268,.T.);
#5258=ADVANCED_FACE('',(#683,#323),#4948,.T.);
#5259=ADVANCED_FACE('',(#684),#269,.T.);
#5260=ADVANCED_FACE('',(#685,#324),#4949,.T.);
#5261=ADVANCED_FACE('',(#686),#270,.T.);
#5262=CLOSED_SHELL('',(#4950,#4951,#4952,#4953,#4954,#4955,#4956,#4957,
#4958,#4959,#4960,#4961,#4962,#4963,#4964,#4965,#4966,#4967,#4968,#4969,
#4970,#4971,#4972,#4973,#4974,#4975,#4976,#4977,#4978,#4979,#4980,#4981,
#4982,#4983,#4984,#4985,#4986,#4987,#4988,#4989,#4990,#4991,#4992,#4993,
#4994,#4995,#4996,#4997,#4998,#4999,#5000,#5001,#5002,#5003,#5004,#5005,
#5006,#5007,#5008,#5009,#5010,#5011,#5012,#5013,#5014,#5015,#5016,#5017,
#5018,#5019,#5020,#5021,#5022,#5023,#5024,#5025,#5026,#5027,#5028,#5029,
#5030,#5031,#5032,#5033,#5034,#5035,#5036,#5037,#5038,#5039,#5040,#5041,
#5042,#5043,#5044,#5045,#5046,#5047,#5048,#5049,#5050,#5051,#5052,#5053,
#5054,#5055,#5056,#5057,#5058,#5059,#5060,#5061,#5062,#5063,#5064,#5065,
#5066,#5067,#5068,#5069,#5070,#5071,#5072,#5073,#5074,#5075,#5076,#5077,
#5078,#5079,#5080,#5081,#5082,#5083,#5084,#5085,#5086,#5087,#5088,#5089,
#5090,#5091,#5092,#5093,#5094,#5095,#5096,#5097,#5098,#5099,#5100,#5101,
#5102,#5103,#5104,#5105,#5106,#5107,#5108,#5109,#5110,#5111,#5112,#5113,
#5114,#5115,#5116,#5117,#5118,#5119,#5120,#5121,#5122,#5123,#5124,#5125,
#5126,#5127,#5128,#5129,#5130,#5131,#5132,#5133,#5134,#5135,#5136,#5137,
#5138,#5139,#5140,#5141,#5142,#5143,#5144,#5145,#5146,#5147,#5148,#5149,
#5150,#5151,#5152,#5153,#5154,#5155,#5156,#5157,#5158,#5159,#5160,#5161,
#5162,#5163,#5164,#5165,#5166,#5167,#5168,#5169,#5170,#5171,#5172,#5173,
#5174,#5175,#5176,#5177,#5178,#5179,#5180,#5181,#5182,#5183,#5184,#5185,
#5186,#5187,#5188,#5189,#5190,#5191,#5192,#5193,#5194,#5195,#5196,#5197,
#5198,#5199,#5200,#5201,#5202,#5203,#5204,#5205,#5206,#5207,#5208,#5209,
#5210,#5211,#5212,#5213,#5214,#5215,#5216,#5217,#5218,#5219,#5220,#5221,
#5222,#5223,#5224,#5225,#5226,#5227,#5228,#5229,#5230,#5231,#5232,#5233,
#5234,#5235,#5236,#5237,#5238,#5239,#5240,#5241,#5242,#5243,#5244,#5245,
#5246,#5247,#5248,#5249,#5250,#5251,#5252,#5253,#5254,#5255,#5256,#5257,
#5258,#5259,#5260,#5261));
#5263=DERIVED_UNIT_ELEMENT(#5265,1.);
#5264=DERIVED_UNIT_ELEMENT(#10508,-3.);
#5265=(
MASS_UNIT()
NAMED_UNIT(*)
SI_UNIT(.KILO.,.GRAM.)
);
#5266=DERIVED_UNIT((#5263,#5264));
#5267=MEASURE_REPRESENTATION_ITEM('density measure',
POSITIVE_RATIO_MEASURE(7850.),#5266);
#5268=PROPERTY_DEFINITION_REPRESENTATION(#5273,#5270);
#5269=PROPERTY_DEFINITION_REPRESENTATION(#5274,#5271);
#5270=REPRESENTATION('material name',(#5272),#10505);
#5271=REPRESENTATION('density',(#5267),#10505);
#5272=DESCRIPTIVE_REPRESENTATION_ITEM('Steel','Steel');
#5273=PROPERTY_DEFINITION('material property','material name',#10515);
#5274=PROPERTY_DEFINITION('material property','density of part',#10515);
#5275=AXIS2_PLACEMENT_3D('',#6998,#5696,#5697);
#5276=AXIS2_PLACEMENT_3D('',#6999,#5698,#5699);
#5277=AXIS2_PLACEMENT_3D('',#7034,#5705,#5706);
#5278=AXIS2_PLACEMENT_3D('',#7078,#5711,#5712);
#5279=AXIS2_PLACEMENT_3D('',#7114,#5716,#5717);
#5280=AXIS2_PLACEMENT_3D('',#7118,#5720,#5721);
#5281=AXIS2_PLACEMENT_3D('',#7122,#5724,#5725);
#5282=AXIS2_PLACEMENT_3D('',#7124,#5727,#5728);
#5283=AXIS2_PLACEMENT_3D('',#7133,#5733,#5734);
#5284=AXIS2_PLACEMENT_3D('',#7139,#5738,#5739);
#5285=AXIS2_PLACEMENT_3D('',#7143,#5742,#5743);
#5286=AXIS2_PLACEMENT_3D('',#7147,#5746,#5747);
#5287=AXIS2_PLACEMENT_3D('',#7149,#5749,#5750);
#5288=AXIS2_PLACEMENT_3D('',#7174,#5763,#5764);
#5289=AXIS2_PLACEMENT_3D('',#7180,#5768,#5769);
#5290=AXIS2_PLACEMENT_3D('',#7184,#5772,#5773);
#5291=AXIS2_PLACEMENT_3D('',#7188,#5776,#5777);
#5292=AXIS2_PLACEMENT_3D('',#7192,#5780,#5781);
#5293=AXIS2_PLACEMENT_3D('',#7196,#5784,#5785);
#5294=AXIS2_PLACEMENT_3D('',#7200,#5788,#5789);
#5295=AXIS2_PLACEMENT_3D('',#7204,#5792,#5793);
#5296=AXIS2_PLACEMENT_3D('',#7208,#5796,#5797);
#5297=AXIS2_PLACEMENT_3D('',#7212,#5800,#5801);
#5298=AXIS2_PLACEMENT_3D('',#7216,#5804,#5805);
#5299=AXIS2_PLACEMENT_3D('',#7220,#5808,#5809);
#5300=AXIS2_PLACEMENT_3D('',#7222,#5811,#5812);
#5301=AXIS2_PLACEMENT_3D('',#7299,#5817,#5818);
#5302=AXIS2_PLACEMENT_3D('',#7341,#5822,#5823);
#5303=AXIS2_PLACEMENT_3D('',#7442,#5828,#5829);
#5304=AXIS2_PLACEMENT_3D('',#7443,#5830,#5831);
#5305=AXIS2_PLACEMENT_3D('',#7511,#5836,#5837);
#5306=AXIS2_PLACEMENT_3D('',#7556,#5841,#5842);
#5307=AXIS2_PLACEMENT_3D('',#7558,#5844,#5845);
#5308=AXIS2_PLACEMENT_3D('',#7579,#5851,#5852);
#5309=AXIS2_PLACEMENT_3D('',#7585,#5856,#5857);
#5310=AXIS2_PLACEMENT_3D('',#7603,#5861,#5862);
#5311=AXIS2_PLACEMENT_3D('',#7621,#5866,#5867);
#5312=AXIS2_PLACEMENT_3D('',#7625,#5870,#5871);
#5313=AXIS2_PLACEMENT_3D('',#7627,#5873,#5874);
#5314=AXIS2_PLACEMENT_3D('',#7722,#5877,#5878);
#5315=AXIS2_PLACEMENT_3D('',#7723,#5879,#5880);
#5316=AXIS2_PLACEMENT_3D('',#7744,#5886,#5887);
#5317=AXIS2_PLACEMENT_3D('',#7764,#5892,#5893);
#5318=AXIS2_PLACEMENT_3D('',#7782,#5897,#5898);
#5319=AXIS2_PLACEMENT_3D('',#7786,#5901,#5902);
#5320=AXIS2_PLACEMENT_3D('',#7790,#5905,#5906);
#5321=AXIS2_PLACEMENT_3D('',#7792,#5908,#5909);
#5322=AXIS2_PLACEMENT_3D('',#7801,#5914,#5915);
#5323=AXIS2_PLACEMENT_3D('',#7807,#5919,#5920);
#5324=AXIS2_PLACEMENT_3D('',#7811,#5923,#5924);
#5325=AXIS2_PLACEMENT_3D('',#7815,#5927,#5928);
#5326=AXIS2_PLACEMENT_3D('',#7817,#5930,#5931);
#5327=AXIS2_PLACEMENT_3D('',#7826,#5936,#5937);
#5328=AXIS2_PLACEMENT_3D('',#7832,#5941,#5942);
#5329=AXIS2_PLACEMENT_3D('',#7836,#5945,#5946);
#5330=AXIS2_PLACEMENT_3D('',#7840,#5949,#5950);
#5331=AXIS2_PLACEMENT_3D('',#7842,#5952,#5953);
#5332=AXIS2_PLACEMENT_3D('',#7879,#5959,#5960);
#5333=AXIS2_PLACEMENT_3D('',#7885,#5964,#5965);
#5334=AXIS2_PLACEMENT_3D('',#7918,#5969,#5970);
#5335=AXIS2_PLACEMENT_3D('',#7922,#5973,#5974);
#5336=AXIS2_PLACEMENT_3D('',#7926,#5977,#5978);
#5337=AXIS2_PLACEMENT_3D('',#7975,#5981,#5982);
#5338=AXIS2_PLACEMENT_3D('',#7976,#5983,#5984);
#5339=AXIS2_PLACEMENT_3D('',#8095,#5990,#5991);
#5340=AXIS2_PLACEMENT_3D('',#8155,#5995,#5996);
#5341=AXIS2_PLACEMENT_3D('',#8159,#5999,#6000);
#5342=AXIS2_PLACEMENT_3D('',#8243,#6004,#6005);
#5343=AXIS2_PLACEMENT_3D('',#8244,#6006,#6007);
#5344=AXIS2_PLACEMENT_3D('',#8253,#6012,#6013);
#5345=AXIS2_PLACEMENT_3D('',#8259,#6017,#6018);
#5346=AXIS2_PLACEMENT_3D('',#8263,#6021,#6022);
#5347=AXIS2_PLACEMENT_3D('',#8267,#6025,#6026);
#5348=AXIS2_PLACEMENT_3D('',#8269,#6028,#6029);
#5349=AXIS2_PLACEMENT_3D('',#8294,#6042,#6043);
#5350=AXIS2_PLACEMENT_3D('',#8300,#6047,#6048);
#5351=AXIS2_PLACEMENT_3D('',#8304,#6051,#6052);
#5352=AXIS2_PLACEMENT_3D('',#8308,#6055,#6056);
#5353=AXIS2_PLACEMENT_3D('',#8312,#6059,#6060);
#5354=AXIS2_PLACEMENT_3D('',#8316,#6063,#6064);
#5355=AXIS2_PLACEMENT_3D('',#8320,#6067,#6068);
#5356=AXIS2_PLACEMENT_3D('',#8324,#6071,#6072);
#5357=AXIS2_PLACEMENT_3D('',#8328,#6075,#6076);
#5358=AXIS2_PLACEMENT_3D('',#8332,#6079,#6080);
#5359=AXIS2_PLACEMENT_3D('',#8336,#6083,#6084);
#5360=AXIS2_PLACEMENT_3D('',#8340,#6087,#6088);
#5361=AXIS2_PLACEMENT_3D('',#8342,#6090,#6091);
#5362=AXIS2_PLACEMENT_3D('',#8355,#6098,#6099);
#5363=AXIS2_PLACEMENT_3D('',#8361,#6103,#6104);
#5364=AXIS2_PLACEMENT_3D('',#8365,#6107,#6108);
#5365=AXIS2_PLACEMENT_3D('',#8369,#6111,#6112);
#5366=AXIS2_PLACEMENT_3D('',#8373,#6115,#6116);
#5367=AXIS2_PLACEMENT_3D('',#8377,#6119,#6120);
#5368=AXIS2_PLACEMENT_3D('',#8379,#6122,#6123);
#5369=AXIS2_PLACEMENT_3D('',#8454,#6128,#6129);
#5370=AXIS2_PLACEMENT_3D('',#8456,#6131,#6132);
#5371=AXIS2_PLACEMENT_3D('',#8498,#6136,#6137);
#5372=AXIS2_PLACEMENT_3D('',#8499,#6138,#6139);
#5373=AXIS2_PLACEMENT_3D('',#8561,#6145,#6146);
#5374=AXIS2_PLACEMENT_3D('',#8606,#6150,#6151);
#5375=AXIS2_PLACEMENT_3D('',#8633,#6155,#6156);
#5376=AXIS2_PLACEMENT_3D('',#8635,#6158,#6159);
#5377=AXIS2_PLACEMENT_3D('',#8636,#6160,#6161);
#5378=AXIS2_PLACEMENT_3D('',#8657,#6167,#6168);
#5379=AXIS2_PLACEMENT_3D('',#8663,#6172,#6173);
#5380=AXIS2_PLACEMENT_3D('',#8667,#6176,#6177);
#5381=AXIS2_PLACEMENT_3D('',#8699,#6182,#6183);
#5382=AXIS2_PLACEMENT_3D('',#8703,#6186,#6187);
#5383=AXIS2_PLACEMENT_3D('',#8705,#6189,#6190);
#5384=AXIS2_PLACEMENT_3D('',#8738,#6196,#6197);
#5385=AXIS2_PLACEMENT_3D('',#8779,#6202,#6203);
#5386=AXIS2_PLACEMENT_3D('',#8812,#6207,#6208);
#5387=AXIS2_PLACEMENT_3D('',#8816,#6211,#6212);
#5388=AXIS2_PLACEMENT_3D('',#8820,#6215,#6216);
#5389=AXIS2_PLACEMENT_3D('',#8822,#6218,#6219);
#5390=AXIS2_PLACEMENT_3D('',#8926,#6226,#6227);
#5391=AXIS2_PLACEMENT_3D('',#8928,#6229,#6230);
#5392=AXIS2_PLACEMENT_3D('',#8970,#6234,#6235);
#5393=AXIS2_PLACEMENT_3D('',#9009,#6239,#6240);
#5394=AXIS2_PLACEMENT_3D('',#9010,#6241,#6242);
#5395=AXIS2_PLACEMENT_3D('',#9011,#6243,#6244);
#5396=AXIS2_PLACEMENT_3D('',#9032,#6250,#6251);
#5397=AXIS2_PLACEMENT_3D('',#9038,#6255,#6256);
#5398=AXIS2_PLACEMENT_3D('',#9056,#6260,#6261);
#5399=AXIS2_PLACEMENT_3D('',#9074,#6265,#6266);
#5400=AXIS2_PLACEMENT_3D('',#9078,#6269,#6270);
#5401=AXIS2_PLACEMENT_3D('',#9080,#6272,#6273);
#5402=AXIS2_PLACEMENT_3D('',#9183,#6278,#6279);
#5403=AXIS2_PLACEMENT_3D('',#9249,#6283,#6284);
#5404=AXIS2_PLACEMENT_3D('',#9251,#6286,#6287);
#5405=AXIS2_PLACEMENT_3D('',#9260,#6292,#6293);
#5406=AXIS2_PLACEMENT_3D('',#9266,#6297,#6298);
#5407=AXIS2_PLACEMENT_3D('',#9270,#6301,#6302);
#5408=AXIS2_PLACEMENT_3D('',#9274,#6305,#6306);
#5409=AXIS2_PLACEMENT_3D('',#9420,#6312,#6313);
#5410=AXIS2_PLACEMENT_3D('',#9565,#6318,#6319);
#5411=AXIS2_PLACEMENT_3D('',#9720,#6324,#6325);
#5412=AXIS2_PLACEMENT_3D('',#9721,#6326,#6327);
#5413=AXIS2_PLACEMENT_3D('',#9733,#6331,#6332);
#5414=AXIS2_PLACEMENT_3D('',#9735,#6333,#6334);
#5415=AXIS2_PLACEMENT_3D('',#9741,#6335,#6336);
#5416=AXIS2_PLACEMENT_3D('',#9742,#6337,#6338);
#5417=AXIS2_PLACEMENT_3D('',#9748,#6342,#6343);
#5418=AXIS2_PLACEMENT_3D('',#9758,#6347,#6348);
#5419=AXIS2_PLACEMENT_3D('',#9761,#6350,#6351);
#5420=AXIS2_PLACEMENT_3D('',#9762,#6352,#6353);
#5421=AXIS2_PLACEMENT_3D('',#9770,#6356,#6357);
#5422=AXIS2_PLACEMENT_3D('',#9773,#6358,#6359);
#5423=AXIS2_PLACEMENT_3D('',#9775,#6360,#6361);
#5424=AXIS2_PLACEMENT_3D('',#9787,#6362,#6363);
#5425=AXIS2_PLACEMENT_3D('',#9788,#6364,#6365);
#5426=AXIS2_PLACEMENT_3D('',#9791,#6366,#6367);
#5427=AXIS2_PLACEMENT_3D('',#9792,#6368,#6369);
#5428=AXIS2_PLACEMENT_3D('',#9793,#6370,#6371);
#5429=AXIS2_PLACEMENT_3D('',#9794,#6372,#6373);
#5430=AXIS2_PLACEMENT_3D('',#9807,#6374,#6375);
#5431=AXIS2_PLACEMENT_3D('',#9808,#6376,#6377);
#5432=AXIS2_PLACEMENT_3D('',#9809,#6378,#6379);
#5433=AXIS2_PLACEMENT_3D('',#9810,#6380,#6381);
#5434=AXIS2_PLACEMENT_3D('',#9812,#6382,#6383);
#5435=AXIS2_PLACEMENT_3D('',#9813,#6384,#6385);
#5436=AXIS2_PLACEMENT_3D('',#9816,#6386,#6387);
#5437=AXIS2_PLACEMENT_3D('',#9818,#6388,#6389);
#5438=AXIS2_PLACEMENT_3D('',#9820,#6390,#6391);
#5439=AXIS2_PLACEMENT_3D('',#9821,#6392,#6393);
#5440=AXIS2_PLACEMENT_3D('',#9822,#6394,#6395);
#5441=AXIS2_PLACEMENT_3D('',#9831,#6396,#6397);
#5442=AXIS2_PLACEMENT_3D('',#9832,#6398,#6399);
#5443=AXIS2_PLACEMENT_3D('',#9833,#6400,#6401);
#5444=AXIS2_PLACEMENT_3D('',#9843,#6402,#6403);
#5445=AXIS2_PLACEMENT_3D('',#9844,#6404,#6405);
#5446=AXIS2_PLACEMENT_3D('',#9853,#6406,#6407);
#5447=AXIS2_PLACEMENT_3D('',#9854,#6408,#6409);
#5448=AXIS2_PLACEMENT_3D('',#9855,#6410,#6411);
#5449=AXIS2_PLACEMENT_3D('',#9865,#6412,#6413);
#5450=AXIS2_PLACEMENT_3D('',#9866,#6414,#6415);
#5451=AXIS2_PLACEMENT_3D('',#9870,#6417,#6418);
#5452=AXIS2_PLACEMENT_3D('',#9872,#6420,#6421);
#5453=AXIS2_PLACEMENT_3D('',#9875,#6423,#6424);
#5454=AXIS2_PLACEMENT_3D('',#9876,#6425,#6426);
#5455=AXIS2_PLACEMENT_3D('',#9879,#6427,#6428);
#5456=AXIS2_PLACEMENT_3D('',#9883,#6430,#6431);
#5457=AXIS2_PLACEMENT_3D('',#9885,#6433,#6434);
#5458=AXIS2_PLACEMENT_3D('',#9887,#6435,#6436);
#5459=AXIS2_PLACEMENT_3D('',#9891,#6438,#6439);
#5460=AXIS2_PLACEMENT_3D('',#9893,#6441,#6442);
#5461=AXIS2_PLACEMENT_3D('',#9896,#6443,#6444);
#5462=AXIS2_PLACEMENT_3D('',#9897,#6445,#6446);
#5463=AXIS2_PLACEMENT_3D('',#9898,#6447,#6448);
#5464=AXIS2_PLACEMENT_3D('',#9899,#6449,#6450);
#5465=AXIS2_PLACEMENT_3D('',#9902,#6451,#6452);
#5466=AXIS2_PLACEMENT_3D('',#9905,#6455,#6456);
#5467=AXIS2_PLACEMENT_3D('',#9906,#6457,#6458);
#5468=AXIS2_PLACEMENT_3D('',#9907,#6459,#6460);
#5469=AXIS2_PLACEMENT_3D('',#9909,#6461,#6462);
#5470=AXIS2_PLACEMENT_3D('',#9913,#6464,#6465);
#5471=AXIS2_PLACEMENT_3D('',#9915,#6467,#6468);
#5472=AXIS2_PLACEMENT_3D('',#9916,#6469,#6470);
#5473=AXIS2_PLACEMENT_3D('',#9917,#6471,#6472);
#5474=AXIS2_PLACEMENT_3D('',#9919,#6473,#6474);
#5475=AXIS2_PLACEMENT_3D('',#9921,#6475,#6476);
#5476=AXIS2_PLACEMENT_3D('',#9922,#6477,#6478);
#5477=AXIS2_PLACEMENT_3D('',#9923,#6479,#6480);
#5478=AXIS2_PLACEMENT_3D('',#9925,#6481,#6482);
#5479=AXIS2_PLACEMENT_3D('',#9927,#6483,#6484);
#5480=AXIS2_PLACEMENT_3D('',#9929,#6485,#6486);
#5481=AXIS2_PLACEMENT_3D('',#9933,#6488,#6489);
#5482=AXIS2_PLACEMENT_3D('',#9937,#6491,#6492);
#5483=AXIS2_PLACEMENT_3D('',#9941,#6494,#6495);
#5484=AXIS2_PLACEMENT_3D('',#9943,#6496,#6497);
#5485=AXIS2_PLACEMENT_3D('',#9945,#6498,#6499);
#5486=AXIS2_PLACEMENT_3D('',#9947,#6500,#6501);
#5487=AXIS2_PLACEMENT_3D('',#9949,#6502,#6503);
#5488=AXIS2_PLACEMENT_3D('',#9951,#6505,#6506);
#5489=AXIS2_PLACEMENT_3D('',#9953,#6507,#6508);
#5490=AXIS2_PLACEMENT_3D('',#9954,#6509,#6510);
#5491=AXIS2_PLACEMENT_3D('',#9955,#6511,#6512);
#5492=AXIS2_PLACEMENT_3D('',#9956,#6513,#6514);
#5493=AXIS2_PLACEMENT_3D('',#9960,#6516,#6517);
#5494=AXIS2_PLACEMENT_3D('',#9963,#6519,#6520);
#5495=AXIS2_PLACEMENT_3D('',#9965,#6521,#6522);
#5496=AXIS2_PLACEMENT_3D('',#9969,#6524,#6525);
#5497=AXIS2_PLACEMENT_3D('',#9973,#6527,#6528);
#5498=AXIS2_PLACEMENT_3D('',#9977,#6530,#6531);
#5499=AXIS2_PLACEMENT_3D('',#9980,#6534,#6535);
#5500=AXIS2_PLACEMENT_3D('',#9982,#6536,#6537);
#5501=AXIS2_PLACEMENT_3D('',#9984,#6538,#6539);
#5502=AXIS2_PLACEMENT_3D('',#9986,#6541,#6542);
#5503=AXIS2_PLACEMENT_3D('',#9987,#6543,#6544);
#5504=AXIS2_PLACEMENT_3D('',#9990,#6546,#6547);
#5505=AXIS2_PLACEMENT_3D('',#9991,#6548,#6549);
#5506=AXIS2_PLACEMENT_3D('',#9993,#6550,#6551);
#5507=AXIS2_PLACEMENT_3D('',#9994,#6552,#6553);
#5508=AXIS2_PLACEMENT_3D('',#9995,#6554,#6555);
#5509=AXIS2_PLACEMENT_3D('',#9997,#6556,#6557);
#5510=AXIS2_PLACEMENT_3D('',#9999,#6559,#6560);
#5511=AXIS2_PLACEMENT_3D('',#10000,#6561,#6562);
#5512=AXIS2_PLACEMENT_3D('',#10001,#6563,#6564);
#5513=AXIS2_PLACEMENT_3D('',#10002,#6565,#6566);
#5514=AXIS2_PLACEMENT_3D('',#10005,#6568,#6569);
#5515=AXIS2_PLACEMENT_3D('',#10006,#6570,#6571);
#5516=AXIS2_PLACEMENT_3D('',#10007,#6572,#6573);
#5517=AXIS2_PLACEMENT_3D('',#10008,#6574,#6575);
#5518=AXIS2_PLACEMENT_3D('',#10009,#6576,#6577);
#5519=AXIS2_PLACEMENT_3D('',#10010,#6578,#6579);
#5520=AXIS2_PLACEMENT_3D('',#10011,#6580,#6581);
#5521=AXIS2_PLACEMENT_3D('',#10012,#6582,#6583);
#5522=AXIS2_PLACEMENT_3D('',#10015,#6585,#6586);
#5523=AXIS2_PLACEMENT_3D('',#10016,#6587,#6588);
#5524=AXIS2_PLACEMENT_3D('',#10017,#6589,#6590);
#5525=AXIS2_PLACEMENT_3D('',#10019,#6591,#6592);
#5526=AXIS2_PLACEMENT_3D('',#10020,#6593,#6594);
#5527=AXIS2_PLACEMENT_3D('',#10021,#6595,#6596);
#5528=AXIS2_PLACEMENT_3D('',#10022,#6597,#6598);
#5529=AXIS2_PLACEMENT_3D('',#10023,#6599,#6600);
#5530=AXIS2_PLACEMENT_3D('',#10025,#6602,#6603);
#5531=AXIS2_PLACEMENT_3D('',#10054,#6604,#6605);
#5532=AXIS2_PLACEMENT_3D('',#10056,#6606,#6607);
#5533=AXIS2_PLACEMENT_3D('',#10058,#6608,#6609);
#5534=AXIS2_PLACEMENT_3D('',#10059,#6610,#6611);
#5535=AXIS2_PLACEMENT_3D('',#10060,#6612,#6613);
#5536=AXIS2_PLACEMENT_3D('',#10062,#6615,#6616);
#5537=AXIS2_PLACEMENT_3D('',#10063,#6617,#6618);
#5538=AXIS2_PLACEMENT_3D('',#10065,#6619,#6620);
#5539=AXIS2_PLACEMENT_3D('',#10067,#6621,#6622);
#5540=AXIS2_PLACEMENT_3D('',#10069,#6624,#6625);
#5541=AXIS2_PLACEMENT_3D('',#10071,#6626,#6627);
#5542=AXIS2_PLACEMENT_3D('',#10072,#6628,#6629);
#5543=AXIS2_PLACEMENT_3D('',#10073,#6630,#6631);
#5544=AXIS2_PLACEMENT_3D('',#10074,#6632,#6633);
#5545=AXIS2_PLACEMENT_3D('',#10076,#6634,#6635);
#5546=AXIS2_PLACEMENT_3D('',#10077,#6636,#6637);
#5547=AXIS2_PLACEMENT_3D('',#10078,#6638,#6639);
#5548=AXIS2_PLACEMENT_3D('',#10080,#6640,#6641);
#5549=AXIS2_PLACEMENT_3D('',#10081,#6642,#6643);
#5550=AXIS2_PLACEMENT_3D('',#10082,#6644,#6645);
#5551=AXIS2_PLACEMENT_3D('',#10084,#6646,#6647);
#5552=AXIS2_PLACEMENT_3D('',#10086,#6649,#6650);
#5553=AXIS2_PLACEMENT_3D('',#10087,#6651,#6652);
#5554=AXIS2_PLACEMENT_3D('',#10088,#6653,#6654);
#5555=AXIS2_PLACEMENT_3D('',#10089,#6655,#6656);
#5556=AXIS2_PLACEMENT_3D('',#10090,#6657,#6658);
#5557=AXIS2_PLACEMENT_3D('',#10091,#6659,#6660);
#5558=AXIS2_PLACEMENT_3D('',#10094,#6662,#6663);
#5559=AXIS2_PLACEMENT_3D('',#10095,#6664,#6665);
#5560=AXIS2_PLACEMENT_3D('',#10097,#6666,#6667);
#5561=AXIS2_PLACEMENT_3D('',#10098,#6668,#6669);
#5562=AXIS2_PLACEMENT_3D('',#10099,#6670,#6671);
#5563=AXIS2_PLACEMENT_3D('',#10100,#6672,#6673);
#5564=AXIS2_PLACEMENT_3D('',#10101,#6674,#6675);
#5565=AXIS2_PLACEMENT_3D('',#10103,#6677,#6678);
#5566=AXIS2_PLACEMENT_3D('',#10104,#6679,#6680);
#5567=AXIS2_PLACEMENT_3D('',#10105,#6681,#6682);
#5568=AXIS2_PLACEMENT_3D('',#10108,#6684,#6685);
#5569=AXIS2_PLACEMENT_3D('',#10109,#6686,#6687);
#5570=AXIS2_PLACEMENT_3D('',#10110,#6688,#6689);
#5571=AXIS2_PLACEMENT_3D('',#10127,#6692,#6693);
#5572=AXIS2_PLACEMENT_3D('',#10133,#6696,#6697);
#5573=AXIS2_PLACEMENT_3D('',#10134,#6698,#6699);
#5574=AXIS2_PLACEMENT_3D('',#10135,#6700,#6701);
#5575=AXIS2_PLACEMENT_3D('',#10137,#6702,#6703);
#5576=AXIS2_PLACEMENT_3D('',#10140,#6705,#6706);
#5577=AXIS2_PLACEMENT_3D('',#10142,#6707,#6708);
#5578=AXIS2_PLACEMENT_3D('',#10144,#6710,#6711);
#5579=AXIS2_PLACEMENT_3D('',#10146,#6712,#6713);
#5580=AXIS2_PLACEMENT_3D('',#10149,#6715,#6716);
#5581=AXIS2_PLACEMENT_3D('',#10151,#6717,#6718);
#5582=AXIS2_PLACEMENT_3D('',#10153,#6720,#6721);
#5583=AXIS2_PLACEMENT_3D('',#10155,#6722,#6723);
#5584=AXIS2_PLACEMENT_3D('',#10158,#6725,#6726);
#5585=AXIS2_PLACEMENT_3D('',#10160,#6727,#6728);
#5586=AXIS2_PLACEMENT_3D('',#10162,#6730,#6731);
#5587=AXIS2_PLACEMENT_3D('',#10164,#6732,#6733);
#5588=AXIS2_PLACEMENT_3D('',#10167,#6735,#6736);
#5589=AXIS2_PLACEMENT_3D('',#10169,#6737,#6738);
#5590=AXIS2_PLACEMENT_3D('',#10171,#6740,#6741);
#5591=AXIS2_PLACEMENT_3D('',#10181,#6746,#6747);
#5592=AXIS2_PLACEMENT_3D('',#10182,#6748,#6749);
#5593=AXIS2_PLACEMENT_3D('',#10184,#6750,#6751);
#5594=AXIS2_PLACEMENT_3D('',#10187,#6753,#6754);
#5595=AXIS2_PLACEMENT_3D('',#10188,#6755,#6756);
#5596=AXIS2_PLACEMENT_3D('',#10194,#6760,#6761);
#5597=AXIS2_PLACEMENT_3D('',#10195,#6762,#6763);
#5598=AXIS2_PLACEMENT_3D('',#10196,#6764,#6765);
#5599=AXIS2_PLACEMENT_3D('',#10197,#6766,#6767);
#5600=AXIS2_PLACEMENT_3D('',#10199,#6768,#6769);
#5601=AXIS2_PLACEMENT_3D('',#10200,#6770,#6771);
#5602=AXIS2_PLACEMENT_3D('',#10202,#6772,#6773);
#5603=AXIS2_PLACEMENT_3D('',#10243,#6775,#6776);
#5604=AXIS2_PLACEMENT_3D('',#10245,#6777,#6778);
#5605=AXIS2_PLACEMENT_3D('',#10277,#6780,#6781);
#5606=AXIS2_PLACEMENT_3D('',#10305,#6782,#6783);
#5607=AXIS2_PLACEMENT_3D('',#10342,#6785,#6786);
#5608=AXIS2_PLACEMENT_3D('',#10344,#6787,#6788);
#5609=AXIS2_PLACEMENT_3D('',#10346,#6790,#6791);
#5610=AXIS2_PLACEMENT_3D('',#10349,#6794,#6795);
#5611=AXIS2_PLACEMENT_3D('',#10353,#6797,#6798);
#5612=AXIS2_PLACEMENT_3D('',#10355,#6800,#6801);
#5613=AXIS2_PLACEMENT_3D('',#10357,#6802,#6803);
#5614=AXIS2_PLACEMENT_3D('',#10360,#6805,#6806);
#5615=AXIS2_PLACEMENT_3D('',#10362,#6807,#6808);
#5616=AXIS2_PLACEMENT_3D('',#10364,#6810,#6811);
#5617=AXIS2_PLACEMENT_3D('',#10366,#6812,#6813);
#5618=AXIS2_PLACEMENT_3D('',#10368,#6815,#6816);
#5619=AXIS2_PLACEMENT_3D('',#10370,#6817,#6818);
#5620=AXIS2_PLACEMENT_3D('',#10373,#6820,#6821);
#5621=AXIS2_PLACEMENT_3D('',#10374,#6822,#6823);
#5622=AXIS2_PLACEMENT_3D('',#10375,#6824,#6825);
#5623=AXIS2_PLACEMENT_3D('',#10377,#6826,#6827);
#5624=AXIS2_PLACEMENT_3D('',#10380,#6829,#6830);
#5625=AXIS2_PLACEMENT_3D('',#10381,#6831,#6832);
#5626=AXIS2_PLACEMENT_3D('',#10382,#6833,#6834);
#5627=AXIS2_PLACEMENT_3D('',#10383,#6835,#6836);
#5628=AXIS2_PLACEMENT_3D('',#10384,#6837,#6838);
#5629=AXIS2_PLACEMENT_3D('',#10385,#6839,#6840);
#5630=AXIS2_PLACEMENT_3D('',#10387,#6841,#6842);
#5631=AXIS2_PLACEMENT_3D('',#10390,#6844,#6845);
#5632=AXIS2_PLACEMENT_3D('',#10391,#6846,#6847);
#5633=AXIS2_PLACEMENT_3D('',#10392,#6848,#6849);
#5634=AXIS2_PLACEMENT_3D('',#10394,#6850,#6851);
#5635=AXIS2_PLACEMENT_3D('',#10395,#6852,#6853);
#5636=AXIS2_PLACEMENT_3D('',#10397,#6854,#6855);
#5637=AXIS2_PLACEMENT_3D('',#10400,#6857,#6858);
#5638=AXIS2_PLACEMENT_3D('',#10401,#6859,#6860);
#5639=AXIS2_PLACEMENT_3D('',#10402,#6861,#6862);
#5640=AXIS2_PLACEMENT_3D('',#10404,#6863,#6864);
#5641=AXIS2_PLACEMENT_3D('',#10405,#6865,#6866);
#5642=AXIS2_PLACEMENT_3D('',#10407,#6867,#6868);
#5643=AXIS2_PLACEMENT_3D('',#10411,#6870,#6871);
#5644=AXIS2_PLACEMENT_3D('',#10413,#6872,#6873);
#5645=AXIS2_PLACEMENT_3D('',#10414,#6874,#6875);
#5646=AXIS2_PLACEMENT_3D('',#10415,#6876,#6877);
#5647=AXIS2_PLACEMENT_3D('',#10418,#6880,#6881);
#5648=AXIS2_PLACEMENT_3D('',#10420,#6882,#6883);
#5649=AXIS2_PLACEMENT_3D('',#10421,#6884,#6885);
#5650=AXIS2_PLACEMENT_3D('',#10423,#6886,#6887);
#5651=AXIS2_PLACEMENT_3D('',#10427,#6889,#6890);
#5652=AXIS2_PLACEMENT_3D('',#10429,#6891,#6892);
#5653=AXIS2_PLACEMENT_3D('',#10430,#6893,#6894);
#5654=AXIS2_PLACEMENT_3D('',#10431,#6895,#6896);
#5655=AXIS2_PLACEMENT_3D('',#10434,#6899,#6900);
#5656=AXIS2_PLACEMENT_3D('',#10436,#6901,#6902);
#5657=AXIS2_PLACEMENT_3D('',#10437,#6903,#6904);
#5658=AXIS2_PLACEMENT_3D('',#10440,#6906,#6907);
#5659=AXIS2_PLACEMENT_3D('',#10441,#6908,#6909);
#5660=AXIS2_PLACEMENT_3D('',#10442,#6910,#6911);
#5661=AXIS2_PLACEMENT_3D('',#10445,#6913,#6914);
#5662=AXIS2_PLACEMENT_3D('',#10446,#6915,#6916);
#5663=AXIS2_PLACEMENT_3D('',#10448,#6918,#6919);
#5664=AXIS2_PLACEMENT_3D('',#10449,#6920,#6921);
#5665=AXIS2_PLACEMENT_3D('',#10452,#6923,#6924);
#5666=AXIS2_PLACEMENT_3D('',#10453,#6925,#6926);
#5667=AXIS2_PLACEMENT_3D('',#10456,#6929,#6930);
#5668=AXIS2_PLACEMENT_3D('',#10459,#6932,#6933);
#5669=AXIS2_PLACEMENT_3D('',#10460,#6934,#6935);
#5670=AXIS2_PLACEMENT_3D('',#10461,#6936,#6937);
#5671=AXIS2_PLACEMENT_3D('',#10463,#6939,#6940);
#5672=AXIS2_PLACEMENT_3D('',#10465,#6942,#6943);
#5673=AXIS2_PLACEMENT_3D('',#10466,#6944,#6945);
#5674=AXIS2_PLACEMENT_3D('',#10467,#6946,#6947);
#5675=AXIS2_PLACEMENT_3D('',#10470,#6950,#6951);
#5676=AXIS2_PLACEMENT_3D('',#10471,#6952,#6953);
#5677=AXIS2_PLACEMENT_3D('',#10472,#6954,#6955);
#5678=AXIS2_PLACEMENT_3D('',#10473,#6956,#6957);
#5679=AXIS2_PLACEMENT_3D('',#10474,#6958,#6959);
#5680=AXIS2_PLACEMENT_3D('',#10475,#6960,#6961);
#5681=AXIS2_PLACEMENT_3D('',#10476,#6962,#6963);
#5682=AXIS2_PLACEMENT_3D('',#10478,#6964,#6965);
#5683=AXIS2_PLACEMENT_3D('',#10481,#6967,#6968);
#5684=AXIS2_PLACEMENT_3D('',#10482,#6969,#6970);
#5685=AXIS2_PLACEMENT_3D('',#10484,#6971,#6972);
#5686=AXIS2_PLACEMENT_3D('',#10486,#6974,#6975);
#5687=AXIS2_PLACEMENT_3D('',#10488,#6976,#6977);
#5688=AXIS2_PLACEMENT_3D('',#10490,#6979,#6980);
#5689=AXIS2_PLACEMENT_3D('',#10492,#6981,#6982);
#5690=AXIS2_PLACEMENT_3D('',#10495,#6985,#6986);
#5691=AXIS2_PLACEMENT_3D('',#10496,#6987,#6988);
#5692=AXIS2_PLACEMENT_3D('',#10497,#6989,#6990);
#5693=AXIS2_PLACEMENT_3D('',#10498,#6991,#6992);
#5694=AXIS2_PLACEMENT_3D('',#10500,#6993,#6994);
#5695=AXIS2_PLACEMENT_3D('',#10501,#6995,#6996);
#5696=DIRECTION('axis',(0.,0.,1.));
#5697=DIRECTION('refdir',(1.,0.,0.));
#5698=DIRECTION('center_axis',(0.,1.,-6.17596693362248E-17));
#5699=DIRECTION('ref_axis',(0.,6.17596693362248E-17,1.));
#5700=DIRECTION('',(0.999999999988217,0.,4.85446613913127E-6));
#5701=DIRECTION('',(1.,0.,0.));
#5702=DIRECTION('',(7.23350327243499E-7,0.,-0.999999999999738));
#5703=DIRECTION('',(-1.,0.,0.));
#5704=DIRECTION('',(-9.25640996104506E-7,0.,0.999999999999572));
#5705=DIRECTION('center_axis',(4.85446613913127E-6,-6.17596693354971E-17,
-0.999999999988217));
#5706=DIRECTION('ref_axis',(-0.999999999988217,0.,-4.85446613913127E-6));
#5707=DIRECTION('',(-0.999999999988217,-2.99810223556647E-22,-4.85446613913127E-6));
#5708=DIRECTION('',(0.,1.,-6.17596693362248E-17));
#5709=DIRECTION('',(0.,1.,-6.17596693362248E-17));
#5710=DIRECTION('',(0.,1.,-6.17596693362248E-17));
#5711=DIRECTION('center_axis',(0.,-6.17596693362248E-17,-1.));
#5712=DIRECTION('ref_axis',(-1.,0.,0.));
#5713=DIRECTION('',(-1.,0.,0.));
#5714=DIRECTION('',(0.,1.,-6.17596693362248E-17));
#5715=DIRECTION('',(0.,1.,-6.17596693362248E-17));
#5716=DIRECTION('center_axis',(-0.999999999999738,-4.46738770248085E-23,
-7.23350327243499E-7));
#5717=DIRECTION('ref_axis',(-7.23350327243499E-7,0.,0.999999999999738));
#5718=DIRECTION('',(-7.23350327243499E-7,6.17596693362087E-17,0.999999999999738));
#5719=DIRECTION('',(0.,1.,-6.17596693362248E-17));
#5720=DIRECTION('center_axis',(0.,6.17596693362248E-17,1.));
#5721=DIRECTION('ref_axis',(1.,0.,0.));
#5722=DIRECTION('',(1.,0.,0.));
#5723=DIRECTION('',(0.,1.,-6.17596693362248E-17));
#5724=DIRECTION('center_axis',(0.999999999999572,5.71672818434681E-23,9.25640996104506E-7));
#5725=DIRECTION('ref_axis',(9.25640996104506E-7,0.,-0.999999999999572));
#5726=DIRECTION('',(9.25640996104506E-7,-6.17596693361984E-17,-0.999999999999572));
#5727=DIRECTION('center_axis',(0.,1.,-6.17596693362248E-17));
#5728=DIRECTION('ref_axis',(0.,6.17596693362248E-17,1.));
#5729=DIRECTION('',(1.,0.,0.));
#5730=DIRECTION('',(1.05531541266995E-6,0.,-0.999999999999443));
#5731=DIRECTION('',(-1.,0.,0.));
#5732=DIRECTION('',(-1.05531541266995E-6,0.,0.999999999999443));
#5733=DIRECTION('center_axis',(0.,-6.17596693362248E-17,-1.));
#5734=DIRECTION('ref_axis',(-1.,0.,0.));
#5735=DIRECTION('',(-1.,0.,0.));
#5736=DIRECTION('',(0.,1.,-6.17596693362248E-17));
#5737=DIRECTION('',(0.,1.,-6.17596693362248E-17));
#5738=DIRECTION('center_axis',(-0.999999999999443,-6.51759309319179E-23,
-1.05531541266995E-6));
#5739=DIRECTION('ref_axis',(-1.05531541266995E-6,0.,0.999999999999443));
#5740=DIRECTION('',(-1.05531541266995E-6,6.17596693361904E-17,0.999999999999443));
#5741=DIRECTION('',(0.,1.,-6.17596693362248E-17));
#5742=DIRECTION('center_axis',(0.,6.17596693362248E-17,1.));
#5743=DIRECTION('ref_axis',(1.,0.,0.));
#5744=DIRECTION('',(1.,0.,0.));
#5745=DIRECTION('',(0.,1.,-6.17596693362248E-17));
#5746=DIRECTION('center_axis',(0.999999999999443,6.51759309319179E-23,1.05531541266995E-6));
#5747=DIRECTION('ref_axis',(1.05531541266995E-6,0.,-0.999999999999443));
#5748=DIRECTION('',(1.05531541266995E-6,-6.17596693361904E-17,-0.999999999999443));
#5749=DIRECTION('center_axis',(0.,1.,-6.17596693362248E-17));
#5750=DIRECTION('ref_axis',(0.,6.17596693362248E-17,1.));
#5751=DIRECTION('',(0.999999999999596,0.,8.98564498285401E-7));
#5752=DIRECTION('',(1.10488028779854E-6,0.,-0.99999999999939));
#5753=DIRECTION('',(-0.999999999999735,0.,-7.28170119714919E-7));
#5754=DIRECTION('',(9.84999982488411E-7,0.,-0.999999999999515));
#5755=DIRECTION('',(0.999999999999673,0.,8.08080372751051E-7));
#5756=DIRECTION('',(4.76273937528046E-7,-2.95709779813914E-16,-0.999999999999887));
#5757=DIRECTION('',(-0.999999999999419,0.,-1.07744060583345E-6));
#5758=DIRECTION('',(8.51423653327225E-7,0.,-0.999999999999637));
#5759=DIRECTION('',(0.999999999999873,0.,5.04506043020617E-7));
#5760=DIRECTION('',(7.89205188297799E-7,0.,-0.999999999999689));
#5761=DIRECTION('',(-0.99999999999966,0.,-8.24343651144494E-7));
#5762=DIRECTION('',(-8.94069791534605E-7,3.46944741724138E-17,0.9999999999996));
#5763=DIRECTION('center_axis',(8.98564498285401E-7,-6.17596693361999E-17,
-0.999999999999596));
#5764=DIRECTION('ref_axis',(-0.999999999999596,0.,-8.98564498285401E-7));
#5765=DIRECTION('',(-0.999999999999596,-5.54950462913771E-23,-8.98564498285401E-7));
#5766=DIRECTION('',(0.,1.,-6.17596693362248E-17));
#5767=DIRECTION('',(0.,1.,-6.17596693362248E-17));
#5768=DIRECTION('center_axis',(-0.99999999999939,-6.82370412305509E-23,
-1.10488028779854E-6));
#5769=DIRECTION('ref_axis',(-1.10488028779854E-6,0.,0.99999999999939));
#5770=DIRECTION('',(-1.10488028779854E-6,6.17596693361871E-17,0.99999999999939));
#5771=DIRECTION('',(0.,1.,-6.17596693362248E-17));
#5772=DIRECTION('center_axis',(-7.28170119714919E-7,6.17596693362085E-17,
0.999999999999735));
#5773=DIRECTION('ref_axis',(0.999999999999735,0.,7.28170119714919E-7));
#5774=DIRECTION('',(0.999999999999735,4.49715458141126E-23,7.28170119714919E-7));
#5775=DIRECTION('',(0.,1.,-6.17596693362248E-17));
#5776=DIRECTION('center_axis',(-0.999999999999515,-6.08332732146716E-23,
-9.84999982488412E-7));
#5777=DIRECTION('ref_axis',(-9.84999982488412E-7,0.,0.999999999999515));
#5778=DIRECTION('',(-9.84999982488412E-7,6.17596693361949E-17,0.999999999999515));
#5779=DIRECTION('',(0.,1.,-6.17596693362248E-17));
#5780=DIRECTION('center_axis',(8.08080372751051E-7,-6.17596693362047E-17,
-0.999999999999673));
#5781=DIRECTION('ref_axis',(-0.999999999999673,0.,-8.08080372751051E-7));
#5782=DIRECTION('',(-0.999999999999673,-4.99067766181982E-23,-8.08080372751051E-7));
#5783=DIRECTION('',(0.,1.,-6.17596693362248E-17));
#5784=DIRECTION('center_axis',(-0.999999999999887,-2.94145208951939E-23,
-4.76273937528046E-7));
#5785=DIRECTION('ref_axis',(-4.76273937528046E-7,0.,0.999999999999887));
#5786=DIRECTION('',(-4.76273937528046E-7,6.17596693362178E-17,0.999999999999887));
#5787=DIRECTION('',(0.,1.,-6.17596693362248E-17));
#5788=DIRECTION('center_axis',(-1.07744060583345E-6,6.1759669336189E-17,
0.99999999999942));
#5789=DIRECTION('ref_axis',(0.999999999999419,0.,1.07744060583345E-6));
#5790=DIRECTION('',(0.999999999999419,6.65423755456958E-23,1.07744060583345E-6));
#5791=DIRECTION('',(0.,1.,-6.17596693362248E-17));
#5792=DIRECTION('center_axis',(-0.999999999999638,-5.258364329453E-23,-8.51423653327225E-7));
#5793=DIRECTION('ref_axis',(-8.51423653327225E-7,0.,0.999999999999637));
#5794=DIRECTION('',(-8.51423653327225E-7,6.17596693362025E-17,0.999999999999637));
#5795=DIRECTION('',(0.,1.,-6.17596693362248E-17));
#5796=DIRECTION('center_axis',(5.04506043020617E-7,-6.1759669336217E-17,
-0.999999999999873));
#5797=DIRECTION('ref_axis',(-0.999999999999873,0.,-5.04506043020617E-7));
#5798=DIRECTION('',(-0.999999999999873,-3.11581263950805E-23,-5.04506043020617E-7));
#5799=DIRECTION('',(0.,1.,-6.17596693362248E-17));
#5800=DIRECTION('center_axis',(-0.999999999999689,-4.87410514677051E-23,
-7.89205188297799E-7));
#5801=DIRECTION('ref_axis',(-7.89205188297799E-7,0.,0.999999999999689));
#5802=DIRECTION('',(-7.89205188297799E-7,6.17596693362056E-17,0.999999999999689));
#5803=DIRECTION('',(0.,1.,-6.17596693362248E-17));
#5804=DIRECTION('center_axis',(-8.24343651144494E-7,6.17596693362039E-17,
0.99999999999966));
#5805=DIRECTION('ref_axis',(0.99999999999966,0.,8.24343651144494E-7));
#5806=DIRECTION('',(0.99999999999966,5.09111913141002E-23,8.24343651144494E-7));
#5807=DIRECTION('',(0.,1.,-6.17596693362248E-17));
#5808=DIRECTION('center_axis',(0.9999999999996,5.52174546886847E-23,8.94069791534605E-7));
#5809=DIRECTION('ref_axis',(8.94069791534605E-7,0.,-0.9999999999996));
#5810=DIRECTION('',(8.94069791534605E-7,-6.17596693362001E-17,-0.9999999999996));
#5811=DIRECTION('center_axis',(0.,1.,-6.17596693362248E-17));
#5812=DIRECTION('ref_axis',(0.,6.17596693362248E-17,1.));
#5813=DIRECTION('',(0.999999999999831,0.,5.80987306589228E-7));
#5814=DIRECTION('',(0.990829760179447,0.,0.13511619570851));
#5815=DIRECTION('',(0.,1.,-6.17596693362248E-17));
#5816=DIRECTION('',(0.,1.,-6.17596693362248E-17));
#5817=DIRECTION('center_axis',(5.80987306589228E-7,-6.17596693362144E-17,
-0.999999999999831));
#5818=DIRECTION('ref_axis',(-0.999999999999831,0.,-5.80987306589228E-7));
#5819=DIRECTION('',(-0.999999999999831,-3.58815839434946E-23,-5.80987306589228E-7));
#5820=DIRECTION('',(0.,1.,-6.17596693362248E-17));
#5821=DIRECTION('',(0.,1.,-6.17596693362248E-17));
#5822=DIRECTION('center_axis',(0.13511619570851,-6.11933183571736E-17,-0.990829760179447));
#5823=DIRECTION('ref_axis',(-0.990829760179447,0.,-0.13511619570851));
#5824=DIRECTION('',(-0.990829760179447,-8.34473156892619E-18,-0.13511619570851));
#5825=DIRECTION('',(0.,1.,-6.17596693362248E-17));
#5826=DIRECTION('',(0.,1.,-6.17596693362248E-17));
#5827=DIRECTION('',(0.,1.,-6.17596693362248E-17));
#5828=DIRECTION('center_axis',(0.,1.,-6.17596693362248E-17));
#5829=DIRECTION('ref_axis',(0.,6.17596693362248E-17,1.));
#5830=DIRECTION('center_axis',(0.,1.,-6.17596693362248E-17));
#5831=DIRECTION('ref_axis',(0.,6.17596693362248E-17,1.));
#5832=DIRECTION('',(0.988306408103904,0.,-0.152480961764933));
#5833=DIRECTION('',(-0.991662510436033,0.,-0.128862195370499));
#5834=DIRECTION('',(0.,1.,-6.17596693362248E-17));
#5835=DIRECTION('',(0.,1.,-6.17596693362248E-17));
#5836=DIRECTION('center_axis',(-0.152480961764933,-6.10374769673692E-17,
-0.988306408103904));
#5837=DIRECTION('ref_axis',(-0.988306408103904,0.,0.152480961764933));
#5838=DIRECTION('',(-0.988306408103904,9.41717377867181E-18,0.152480961764933));
#5839=DIRECTION('',(0.,1.,-6.17596693362248E-17));
#5840=DIRECTION('',(0.,1.,-6.17596693362248E-17));
#5841=DIRECTION('center_axis',(-0.128862195370499,6.124474873766E-17,0.991662510436033));
#5842=DIRECTION('ref_axis',(0.991662510436033,0.,0.128862195370499));
#5843=DIRECTION('',(0.991662510436033,7.958486576022E-18,0.128862195370499));
#5844=DIRECTION('center_axis',(0.,1.,-6.17596693362248E-17));
#5845=DIRECTION('ref_axis',(0.,6.17596693362248E-17,1.));
#5846=DIRECTION('',(8.9064084022397E-7,-6.91060986724136E-17,-0.999999999999603));
#5847=DIRECTION('',(-0.999999999999557,0.,-9.41598306629188E-7));
#5848=DIRECTION('',(-1.25546756122816E-6,0.,0.999999999999212));
#5849=DIRECTION('',(-7.85624051180165E-7,4.43436008499972E-17,0.999999999999691));
#5850=DIRECTION('',(0.999999999997054,0.,2.42723270137087E-6));
#5851=DIRECTION('center_axis',(-0.999999999999603,-5.50056837895699E-23,
-8.90640840223971E-7));
#5852=DIRECTION('ref_axis',(-8.9064084022397E-7,0.,0.999999999999603));
#5853=DIRECTION('',(-8.9064084022397E-7,6.17596693362003E-17,0.999999999999603));
#5854=DIRECTION('',(0.,1.,-6.17596693362248E-17));
#5855=DIRECTION('',(0.,1.,-6.17596693362248E-17));
#5856=DIRECTION('center_axis',(-9.41598306629188E-7,6.17596693361975E-17,
0.999999999999557));
#5857=DIRECTION('ref_axis',(0.999999999999557,0.,9.41598306629188E-7));
#5858=DIRECTION('',(0.999999999999557,5.81528000649679E-23,9.41598306629188E-7));
#5859=DIRECTION('',(0.,1.,-6.17596693362248E-17));
#5860=DIRECTION('',(0.,1.,-6.17596693362248E-17));
#5861=DIRECTION('center_axis',(0.999999999999212,7.7537261443808E-23,1.25546756122816E-6));
#5862=DIRECTION('ref_axis',(1.25546756122816E-6,0.,-0.999999999999212));
#5863=DIRECTION('',(1.25546756122816E-6,-6.17596693361762E-17,-0.999999999999212));
#5864=DIRECTION('',(0.,1.,-6.17596693362248E-17));
#5865=DIRECTION('',(0.,1.,-6.17596693362248E-17));
#5866=DIRECTION('center_axis',(0.999999999999691,4.85198816234724E-23,7.85624051180165E-7));
#5867=DIRECTION('ref_axis',(7.85624051180165E-7,0.,-0.999999999999691));
#5868=DIRECTION('',(7.85624051180165E-7,-6.17596693362058E-17,-0.999999999999691));
#5869=DIRECTION('',(0.,1.,-6.17596693362248E-17));
#5870=DIRECTION('center_axis',(2.42723270137087E-6,-6.17596693360429E-17,
-0.999999999997054));
#5871=DIRECTION('ref_axis',(-0.999999999997054,0.,-2.42723270137087E-6));
#5872=DIRECTION('',(-0.999999999997054,-1.49905089038736E-22,-2.42723270137087E-6));
#5873=DIRECTION('center_axis',(0.,1.,-6.17596693362248E-17));
#5874=DIRECTION('ref_axis',(0.,6.17596693362248E-17,1.));
#5875=DIRECTION('',(0.,1.,-6.17596693362248E-17));
#5876=DIRECTION('',(0.,1.,-6.17596693362248E-17));
#5877=DIRECTION('center_axis',(0.,1.,-6.17596693362248E-17));
#5878=DIRECTION('ref_axis',(0.,6.17596693362248E-17,1.));
#5879=DIRECTION('center_axis',(0.,1.,-6.17596693362248E-17));
#5880=DIRECTION('ref_axis',(0.,6.17596693362248E-17,1.));
#5881=DIRECTION('',(0.999999999999711,0.,7.60623321684421E-7));
#5882=DIRECTION('',(1.,0.,0.));
#5883=DIRECTION('',(0.,0.,-1.));
#5884=DIRECTION('',(-0.999999999999675,0.,-8.05667479393067E-7));
#5885=DIRECTION('',(0.,0.,1.));
#5886=DIRECTION('center_axis',(7.60623321684421E-7,-6.1759669336207E-17,
-0.999999999999711));
#5887=DIRECTION('ref_axis',(-0.999999999999711,0.,-7.60623321684421E-7));
#5888=DIRECTION('',(-0.999999999999711,-4.69758448366508E-23,-7.60623321684421E-7));
#5889=DIRECTION('',(0.,1.,-6.17596693362248E-17));
#5890=DIRECTION('',(0.,1.,-6.17596693362248E-17));
#5891=DIRECTION('',(0.,1.,-6.17596693362248E-17));
#5892=DIRECTION('center_axis',(0.,-6.17596693362248E-17,-1.));
#5893=DIRECTION('ref_axis',(-1.,0.,0.));
#5894=DIRECTION('',(-1.,0.,0.));
#5895=DIRECTION('',(0.,1.,-6.17596693362248E-17));
#5896=DIRECTION('',(0.,1.,-6.17596693362248E-17));
#5897=DIRECTION('center_axis',(-1.,0.,0.));
#5898=DIRECTION('ref_axis',(0.,0.,1.));
#5899=DIRECTION('',(0.,6.17596693362248E-17,1.));
#5900=DIRECTION('',(0.,1.,-6.17596693362248E-17));
#5901=DIRECTION('center_axis',(-8.05667479393066E-7,6.17596693362048E-17,
0.999999999999675));
#5902=DIRECTION('ref_axis',(0.999999999999675,0.,8.05667479393066E-7));
#5903=DIRECTION('',(0.999999999999675,4.97577571222655E-23,8.05667479393066E-7));
#5904=DIRECTION('',(0.,1.,-6.17596693362248E-17));
#5905=DIRECTION('center_axis',(1.,0.,0.));
#5906=DIRECTION('ref_axis',(0.,0.,-1.));
#5907=DIRECTION('',(0.,-6.17596693362248E-17,-1.));
#5908=DIRECTION('center_axis',(0.,1.,-6.17596693362248E-17));
#5909=DIRECTION('ref_axis',(0.,6.17596693362248E-17,1.));
#5910=DIRECTION('',(1.,0.,0.));
#5911=DIRECTION('',(8.2384251271867E-7,0.,-0.999999999999661));
#5912=DIRECTION('',(-1.,0.,0.));
#5913=DIRECTION('',(-8.227913195513E-7,0.,0.999999999999661));
#5914=DIRECTION('center_axis',(0.,-6.17596693362248E-17,-1.));
#5915=DIRECTION('ref_axis',(-1.,0.,0.));
#5916=DIRECTION('',(-1.,0.,0.));
#5917=DIRECTION('',(0.,1.,-6.17596693362248E-17));
#5918=DIRECTION('',(0.,1.,-6.17596693362248E-17));
#5919=DIRECTION('center_axis',(-0.999999999999661,-5.08802411706296E-23,
-8.2384251271867E-7));
#5920=DIRECTION('ref_axis',(-8.2384251271867E-7,0.,0.999999999999661));
#5921=DIRECTION('',(-8.2384251271867E-7,6.17596693362039E-17,0.999999999999661));
#5922=DIRECTION('',(0.,1.,-6.17596693362248E-17));
#5923=DIRECTION('center_axis',(0.,6.17596693362248E-17,1.));
#5924=DIRECTION('ref_axis',(1.,0.,0.));
#5925=DIRECTION('',(1.,0.,0.));
#5926=DIRECTION('',(0.,1.,-6.17596693362248E-17));
#5927=DIRECTION('center_axis',(0.999999999999661,5.08153198282044E-23,8.227913195513E-7));
#5928=DIRECTION('ref_axis',(8.227913195513E-7,0.,-0.999999999999661));
#5929=DIRECTION('',(8.227913195513E-7,-6.17596693362039E-17,-0.999999999999661));
#5930=DIRECTION('center_axis',(0.,1.,-6.17596693362248E-17));
#5931=DIRECTION('ref_axis',(0.,6.17596693362248E-17,1.));
#5932=DIRECTION('',(0.999999999998927,0.,1.46488380541498E-6));
#5933=DIRECTION('',(0.,0.,-1.));
#5934=DIRECTION('',(-0.999999999999732,0.,-7.3244176859049E-7));
#5935=DIRECTION('',(1.68040114535905E-6,0.,0.999999999998588));
#5936=DIRECTION('center_axis',(1.46488380541498E-6,-6.17596693361586E-17,
-0.999999999998927));
#5937=DIRECTION('ref_axis',(-0.999999999998927,0.,-1.46488380541498E-6));
#5938=DIRECTION('',(-0.999999999998927,-9.04707394384201E-23,-1.46488380541498E-6));
#5939=DIRECTION('',(0.,1.,-6.17596693362248E-17));
#5940=DIRECTION('',(0.,1.,-6.17596693362248E-17));
#5941=DIRECTION('center_axis',(-1.,0.,0.));
#5942=DIRECTION('ref_axis',(0.,0.,1.));
#5943=DIRECTION('',(0.,6.17596693362248E-17,1.));
#5944=DIRECTION('',(0.,1.,-6.17596693362248E-17));
#5945=DIRECTION('center_axis',(-7.3244176859049E-7,6.17596693362083E-17,
0.999999999999732));
#5946=DIRECTION('ref_axis',(0.999999999999732,0.,7.3244176859049E-7));
#5947=DIRECTION('',(0.999999999999732,4.52353614361884E-23,7.3244176859049E-7));
#5948=DIRECTION('',(0.,1.,-6.17596693362248E-17));
#5949=DIRECTION('center_axis',(0.999999999998588,-1.03781019089588E-22,
-1.68040114535905E-6));
#5950=DIRECTION('ref_axis',(-1.68040114535905E-6,0.,-0.999999999998588));
#5951=DIRECTION('',(-1.68040114535905E-6,-6.17596693361376E-17,-0.999999999998588));
#5952=DIRECTION('center_axis',(0.,1.,-6.17596693362248E-17));
#5953=DIRECTION('ref_axis',(0.,6.17596693362248E-17,1.));
#5954=DIRECTION('',(1.,0.,0.));
#5955=DIRECTION('',(8.45072803021679E-7,0.,-0.999999999999643));
#5956=DIRECTION('',(1.58298982453942E-6,0.,-0.999999999998747));
#5957=DIRECTION('',(-1.,0.,0.));
#5958=DIRECTION('',(-8.92244256028539E-7,0.,0.999999999999602));
#5959=DIRECTION('center_axis',(0.,-6.17596693362248E-17,-1.));
#5960=DIRECTION('ref_axis',(-1.,0.,0.));
#5961=DIRECTION('',(-1.,0.,0.));
#5962=DIRECTION('',(0.,1.,-6.17596693362248E-17));
#5963=DIRECTION('',(0.,1.,-6.17596693362248E-17));
#5964=DIRECTION('center_axis',(-0.999999999999643,-5.21914168796555E-23,
-8.45072803021679E-7));
#5965=DIRECTION('ref_axis',(-8.45072803021679E-7,0.,0.999999999999643));
#5966=DIRECTION('',(-8.45072803021679E-7,6.17596693362028E-17,0.999999999999643));
#5967=DIRECTION('',(0.,1.,-6.17596693362248E-17));
#5968=DIRECTION('',(0.,1.,-6.17596693362248E-17));
#5969=DIRECTION('center_axis',(-0.999999999998747,-9.77649281261635E-23,
-1.58298982453942E-6));
#5970=DIRECTION('ref_axis',(-1.58298982453942E-6,0.,0.999999999998747));
#5971=DIRECTION('',(-1.58298982453942E-6,6.17596693361475E-17,0.999999999998747));
#5972=DIRECTION('',(0.,1.,-6.17596693362248E-17));
#5973=DIRECTION('center_axis',(0.,6.17596693362248E-17,1.));
#5974=DIRECTION('ref_axis',(1.,0.,0.));
#5975=DIRECTION('',(1.,0.,0.));
#5976=DIRECTION('',(0.,1.,-6.17596693362248E-17));
#5977=DIRECTION('center_axis',(0.999999999999602,5.51047102194685E-23,8.92244256028539E-7));
#5978=DIRECTION('ref_axis',(8.92244256028539E-7,0.,-0.999999999999602));
#5979=DIRECTION('',(8.92244256028539E-7,-6.17596693362003E-17,-0.999999999999602));
#5980=DIRECTION('',(0.,1.,-6.17596693362248E-17));
#5981=DIRECTION('center_axis',(0.,1.,-6.17596693362248E-17));
#5982=DIRECTION('ref_axis',(0.,6.17596693362248E-17,1.));
#5983=DIRECTION('center_axis',(0.,1.,-6.17596693362248E-17));
#5984=DIRECTION('ref_axis',(0.,6.17596693362248E-17,1.));
#5985=DIRECTION('',(-1.,0.,0.));
#5986=DIRECTION('',(-1.,0.,0.));
#5987=DIRECTION('',(-0.21425930033074,0.,0.976776818020259));
#5988=DIRECTION('',(0.,1.,-6.17596693362248E-17));
#5989=DIRECTION('',(0.,1.,-6.17596693362248E-17));
#5990=DIRECTION('center_axis',(0.,6.17596693362248E-17,1.));
#5991=DIRECTION('ref_axis',(1.,0.,0.));
#5992=DIRECTION('',(1.,0.,0.));
#5993=DIRECTION('',(0.,1.,-6.17596693362248E-17));
#5994=DIRECTION('',(0.,1.,-6.17596693362248E-17));
#5995=DIRECTION('center_axis',(0.,6.17596693362248E-17,1.));
#5996=DIRECTION('ref_axis',(1.,0.,0.));
#5997=DIRECTION('',(1.,0.,0.));
#5998=DIRECTION('',(0.,1.,-6.17596693362248E-17));
#5999=DIRECTION('center_axis',(0.976776818020259,1.32325835406374E-17,0.21425930033074));
#6000=DIRECTION('ref_axis',(0.21425930033074,0.,-0.976776818020259));
#6001=DIRECTION('',(0.21425930033074,-6.03254132962211E-17,-0.976776818020259));
#6002=DIRECTION('',(0.,1.,-6.17596693362248E-17));
#6003=DIRECTION('',(0.,1.,-6.17596693362248E-17));
#6004=DIRECTION('center_axis',(0.,1.,-6.17596693362248E-17));
#6005=DIRECTION('ref_axis',(0.,6.17596693362248E-17,1.));
#6006=DIRECTION('center_axis',(0.,1.,-6.17596693362248E-17));
#6007=DIRECTION('ref_axis',(0.,6.17596693362248E-17,1.));
#6008=DIRECTION('',(0.999999999988217,0.,4.85449265084774E-6));
#6009=DIRECTION('',(6.17093489663567E-7,0.,-0.99999999999981));
#6010=DIRECTION('',(-0.999999999988217,0.,-4.85449854237961E-6));
#6011=DIRECTION('',(-8.23030550774748E-7,0.,0.999999999999661));
#6012=DIRECTION('center_axis',(4.85449265084774E-6,-6.17596693354971E-17,
-0.999999999988217));
#6013=DIRECTION('ref_axis',(-0.999999999988217,0.,-4.85449265084774E-6));
#6014=DIRECTION('',(-0.999999999988217,-2.9981186091149E-22,-4.85449265084774E-6));
#6015=DIRECTION('',(0.,1.,-6.17596693362248E-17));
#6016=DIRECTION('',(0.,1.,-6.17596693362248E-17));
#6017=DIRECTION('center_axis',(-0.99999999999981,-3.8111489871159E-23,-6.17093489663567E-7));
#6018=DIRECTION('ref_axis',(-6.17093489663567E-7,0.,0.99999999999981));
#6019=DIRECTION('',(-6.17093489663567E-7,6.17596693362131E-17,0.99999999999981));
#6020=DIRECTION('',(0.,1.,-6.17596693362248E-17));
#6021=DIRECTION('center_axis',(-4.85449854237961E-6,6.17596693354971E-17,
0.999999999988217));
#6022=DIRECTION('ref_axis',(0.999999999988217,0.,4.85449854237961E-6));
#6023=DIRECTION('',(0.999999999988217,2.9981222477055E-22,4.85449854237961E-6));
#6024=DIRECTION('',(0.,1.,-6.17596693362248E-17));
#6025=DIRECTION('center_axis',(0.999999999999661,5.08300946694594E-23,8.23030550774748E-7));
#6026=DIRECTION('ref_axis',(8.23030550774748E-7,0.,-0.999999999999661));
#6027=DIRECTION('',(8.23030550774748E-7,-6.17596693362039E-17,-0.999999999999661));
#6028=DIRECTION('center_axis',(0.,1.,-6.17596693362248E-17));
#6029=DIRECTION('ref_axis',(0.,6.17596693362248E-17,1.));
#6030=DIRECTION('',(0.999999999988217,0.,-4.85446024767804E-6));
#6031=DIRECTION('',(1.29721607053425E-6,0.,-0.999999999999159));
#6032=DIRECTION('',(0.721160022002028,0.,-0.692768520262024));
#6033=DIRECTION('',(0.542865450314057,0.,0.839819684727213));
#6034=DIRECTION('',(1.,0.,0.));
#6035=DIRECTION('',(-0.556133836490287,0.,-0.831092748079656));
#6036=DIRECTION('',(0.71763375839635,0.,-0.696420698148705));
#6037=DIRECTION('',(-0.999999999992968,0.,-3.75023087356178E-6));
#6038=DIRECTION('',(-0.702145378457396,0.,0.712033614031613));
#6039=DIRECTION('',(1.04522041608077E-6,0.,-0.999999999999454));
#6040=DIRECTION('',(-0.999999999988217,0.,-4.85446024767804E-6));
#6041=DIRECTION('',(-9.68574669357956E-7,0.,0.999999999999531));
#6042=DIRECTION('center_axis',(-4.85446024767804E-6,-6.17596693354971E-17,
-0.999999999988217));
#6043=DIRECTION('ref_axis',(-0.999999999988217,0.,4.85446024767804E-6));
#6044=DIRECTION('',(-0.999999999988217,2.99809859702444E-22,4.85446024767804E-6));
#6045=DIRECTION('',(0.,1.,-6.17596693362248E-17));
#6046=DIRECTION('',(0.,1.,-6.17596693362248E-17));
#6047=DIRECTION('center_axis',(-0.999999999999159,-8.01156355738324E-23,
-1.29721607053425E-6));
#6048=DIRECTION('ref_axis',(-1.29721607053425E-6,0.,0.999999999999159));
#6049=DIRECTION('',(-1.29721607053425E-6,6.17596693361729E-17,0.999999999999159));
#6050=DIRECTION('',(0.,1.,-6.17596693362248E-17));
#6051=DIRECTION('center_axis',(-0.692768520262024,-4.45386044973499E-17,
-0.721160022002028));
#6052=DIRECTION('ref_axis',(-0.721160022002028,0.,0.692768520262024));
#6053=DIRECTION('',(-0.721160022002028,4.27851547379284E-17,0.692768520262024));
#6054=DIRECTION('',(0.,1.,-6.17596693362248E-17));
#6055=DIRECTION('center_axis',(0.839819684727213,-3.3527190705457E-17,-0.542865450314057));
#6056=DIRECTION('ref_axis',(-0.542865450314057,0.,-0.839819684727213));
#6057=DIRECTION('',(-0.542865450314057,-5.18669860308053E-17,-0.839819684727213));
#6058=DIRECTION('',(0.,1.,-6.17596693362248E-17));
#6059=DIRECTION('center_axis',(0.,-6.17596693362248E-17,-1.));
#6060=DIRECTION('ref_axis',(-1.,0.,0.));
#6061=DIRECTION('',(-1.,0.,0.));
#6062=DIRECTION('',(0.,1.,-6.17596693362248E-17));
#6063=DIRECTION('center_axis',(-0.831092748079656,3.43466418483263E-17,
0.556133836490287));
#6064=DIRECTION('ref_axis',(0.556133836490287,0.,0.831092748079656));
#6065=DIRECTION('',(0.556133836490287,5.1328013309134E-17,0.831092748079656));
#6066=DIRECTION('',(0.,1.,-6.17596693362248E-17));
#6067=DIRECTION('center_axis',(-0.696420698148705,-4.43208236230708E-17,
-0.71763375839635));
#6068=DIRECTION('ref_axis',(-0.71763375839635,0.,0.696420698148705));
#6069=DIRECTION('',(-0.71763375839635,4.30107120365669E-17,0.696420698148705));
#6070=DIRECTION('',(0.,1.,-6.17596693362248E-17));
#6071=DIRECTION('center_axis',(-3.75023087356178E-6,6.17596693357905E-17,
0.999999999992968));
#6072=DIRECTION('ref_axis',(0.999999999992968,0.,3.75023087356178E-6));
#6073=DIRECTION('',(0.999999999992968,2.31613018685677E-22,3.75023087356178E-6));
#6074=DIRECTION('',(0.,1.,-6.17596693362248E-17));
#6075=DIRECTION('center_axis',(0.712033614031613,4.33642663994872E-17,0.702145378457396));
#6076=DIRECTION('ref_axis',(0.702145378457396,0.,-0.712033614031613));
#6077=DIRECTION('',(0.702145378457396,-4.39749605588696E-17,-0.712033614031613));
#6078=DIRECTION('',(0.,1.,-6.17596693362248E-17));
#6079=DIRECTION('center_axis',(-0.999999999999454,-6.45524672806198E-23,
-1.04522041608077E-6));
#6080=DIRECTION('ref_axis',(-1.04522041608077E-6,0.,0.999999999999454));
#6081=DIRECTION('',(-1.04522041608077E-6,6.17596693361911E-17,0.999999999999454));
#6082=DIRECTION('',(0.,1.,-6.17596693362248E-17));
#6083=DIRECTION('center_axis',(-4.85446024767804E-6,6.17596693354971E-17,
0.999999999988217));
#6084=DIRECTION('ref_axis',(0.999999999988217,0.,4.85446024767804E-6));
#6085=DIRECTION('',(0.999999999988217,2.99809859702444E-22,4.85446024767804E-6));
#6086=DIRECTION('',(0.,1.,-6.17596693362248E-17));
#6087=DIRECTION('center_axis',(0.999999999999531,5.98188513069907E-23,9.68574669357956E-7));
#6088=DIRECTION('ref_axis',(9.68574669357956E-7,0.,-0.999999999999531));
#6089=DIRECTION('',(9.68574669357956E-7,-6.17596693361959E-17,-0.999999999999531));
#6090=DIRECTION('center_axis',(0.,1.,-6.17596693362248E-17));
#6091=DIRECTION('ref_axis',(0.,6.17596693362248E-17,1.));
#6092=DIRECTION('',(0.999999999999652,0.,8.34692590469363E-7));
#6093=DIRECTION('',(-6.31361360305807E-7,0.,-0.999999999999801));
#6094=DIRECTION('',(-0.999999999999714,0.,-7.56409511637598E-7));
#6095=DIRECTION('',(1.01369390650801E-6,-3.93365007867109E-17,-0.999999999999486));
#6096=DIRECTION('',(-0.999999999999366,0.,-1.12603355805138E-6));
#6097=DIRECTION('',(-7.450581041011E-7,3.46944715874782E-17,0.999999999999723));
#6098=DIRECTION('center_axis',(8.34692590469363E-7,-6.17596693362033E-17,
-0.999999999999652));
#6099=DIRECTION('ref_axis',(-0.999999999999652,0.,-8.34692590469363E-7));
#6100=DIRECTION('',(-0.999999999999652,-5.15503383847848E-23,-8.34692590469363E-7));
#6101=DIRECTION('',(0.,1.,-6.17596693362248E-17));
#6102=DIRECTION('',(0.,1.,-6.17596693362248E-17));
#6103=DIRECTION('center_axis',(-0.999999999999801,3.89926688441557E-23,
6.31361360305807E-7));
#6104=DIRECTION('ref_axis',(6.31361360305807E-7,0.,0.999999999999801));
#6105=DIRECTION('',(6.31361360305807E-7,6.17596693362125E-17,0.999999999999801));
#6106=DIRECTION('',(0.,1.,-6.17596693362248E-17));
#6107=DIRECTION('center_axis',(-7.56409511637598E-7,6.17596693362072E-17,
0.999999999999714));
#6108=DIRECTION('ref_axis',(0.999999999999714,0.,7.56409511637598E-7));
#6109=DIRECTION('',(0.999999999999714,4.67156013215134E-23,7.56409511637598E-7));
#6110=DIRECTION('',(0.,1.,-6.17596693362248E-17));
#6111=DIRECTION('center_axis',(-0.999999999999486,-6.26054004740808E-23,
-1.01369390650801E-6));
#6112=DIRECTION('ref_axis',(-1.01369390650801E-6,0.,0.999999999999486));
#6113=DIRECTION('',(-1.01369390650801E-6,6.17596693361931E-17,0.999999999999486));
#6114=DIRECTION('',(0.,1.,-6.17596693362248E-17));
#6115=DIRECTION('center_axis',(-1.12603355805138E-6,6.17596693361857E-17,
0.999999999999366));
#6116=DIRECTION('ref_axis',(0.999999999999366,0.,1.12603355805138E-6));
#6117=DIRECTION('',(0.999999999999366,6.95434602067462E-23,1.12603355805138E-6));
#6118=DIRECTION('',(0.,1.,-6.17596693362248E-17));
#6119=DIRECTION('center_axis',(0.999999999999722,4.60145421455585E-23,7.450581041011E-7));
#6120=DIRECTION('ref_axis',(7.450581041011E-7,0.,-0.999999999999723));
#6121=DIRECTION('',(7.450581041011E-7,-6.17596693362077E-17,-0.999999999999723));
#6122=DIRECTION('center_axis',(0.,1.,-6.17596693362248E-17));
#6123=DIRECTION('ref_axis',(0.,6.17596693362248E-17,1.));
#6124=DIRECTION('',(-7.81212714635514E-7,3.46944767573574E-17,0.999999999999695));
#6125=DIRECTION('',(8.28943266049837E-7,-4.54125633380999E-17,-0.999999999999656));
#6126=DIRECTION('',(0.,1.,-6.17596693362248E-17));
#6127=DIRECTION('',(0.,1.,-6.17596693362248E-17));
#6128=DIRECTION('center_axis',(0.999999999999695,4.82474389371439E-23,7.81212714635514E-7));
#6129=DIRECTION('ref_axis',(7.81212714635514E-7,0.,-0.999999999999695));
#6130=DIRECTION('',(7.81212714635514E-7,-6.1759669336206E-17,-0.999999999999695));
#6131=DIRECTION('center_axis',(-0.999999999999656,-5.11952620097282E-23,
-8.28943266049837E-7));
#6132=DIRECTION('ref_axis',(-8.28943266049837E-7,0.,0.999999999999656));
#6133=DIRECTION('',(-8.28943266049837E-7,6.17596693362036E-17,0.999999999999656));
#6134=DIRECTION('',(0.,1.,-6.17596693362248E-17));
#6135=DIRECTION('',(0.,1.,-6.17596693362248E-17));
#6136=DIRECTION('center_axis',(0.,1.,-6.17596693362248E-17));
#6137=DIRECTION('ref_axis',(0.,6.17596693362248E-17,1.));
#6138=DIRECTION('center_axis',(0.,1.,-6.17596693362248E-17));
#6139=DIRECTION('ref_axis',(0.,6.17596693362248E-17,1.));
#6140=DIRECTION('',(0.999999999999686,0.,7.92988054841425E-7));
#6141=DIRECTION('',(-0.992441265080038,0.,-0.12272055804279));
#6142=DIRECTION('',(-0.999999999999777,0.,-6.68027386952541E-7));
#6143=DIRECTION('',(0.,1.,-6.17596693362248E-17));
#6144=DIRECTION('',(0.,1.,-6.17596693362248E-17));
#6145=DIRECTION('center_axis',(7.92988054841425E-7,-6.17596693362054E-17,
-0.999999999999686));
#6146=DIRECTION('ref_axis',(-0.999999999999686,0.,-7.92988054841425E-7));
#6147=DIRECTION('',(-0.999999999999686,-4.89746800545826E-23,-7.92988054841425E-7));
#6148=DIRECTION('',(0.,1.,-6.17596693362248E-17));
#6149=DIRECTION('',(0.,1.,-6.17596693362248E-17));
#6150=DIRECTION('center_axis',(-0.12272055804279,6.12928443669678E-17,0.992441265080038));
#6151=DIRECTION('ref_axis',(0.992441265080038,0.,0.12272055804279));
#6152=DIRECTION('',(0.992441265080038,7.57918108547967E-18,0.12272055804279));
#6153=DIRECTION('',(0.,1.,-6.17596693362248E-17));
#6154=DIRECTION('',(0.,1.,-6.17596693362248E-17));
#6155=DIRECTION('center_axis',(-6.68027386952541E-7,6.17596693362111E-17,
0.999999999999777));
#6156=DIRECTION('ref_axis',(0.999999999999777,0.,6.68027386952541E-7));
#6157=DIRECTION('',(0.999999999999777,4.12571505257313E-23,6.68027386952541E-7));
#6158=DIRECTION('center_axis',(0.,1.,-6.17596693362248E-17));
#6159=DIRECTION('ref_axis',(0.,6.17596693362248E-17,1.));
#6160=DIRECTION('center_axis',(0.,1.,-6.17596693362248E-17));
#6161=DIRECTION('ref_axis',(0.,6.17596693362248E-17,1.));
#6162=DIRECTION('',(0.999999999999155,0.,1.30030134483557E-6));
#6163=DIRECTION('',(0.354017446032975,-4.4791157322743E-17,-0.935238818647029));
#6164=DIRECTION('',(-0.999999999999303,0.,-1.18081668824527E-6));
#6165=DIRECTION('',(-0.999999999999339,0.,-1.14974179673524E-6));
#6166=DIRECTION('',(0.35555507324799,4.47631849270138E-17,0.934655332134588));
#6167=DIRECTION('center_axis',(1.30030134483557E-6,-6.17596693361726E-17,
-0.999999999999155));
#6168=DIRECTION('ref_axis',(-0.999999999999155,0.,-1.30030134483557E-6));
#6169=DIRECTION('',(-0.999999999999155,-8.03061810944931E-23,-1.30030134483557E-6));
#6170=DIRECTION('',(0.,1.,-6.17596693362248E-17));
#6171=DIRECTION('',(0.,1.,-6.17596693362248E-17));
#6172=DIRECTION('center_axis',(-0.935238818647029,-2.18640004062514E-17,
-0.354017446032975));
#6173=DIRECTION('ref_axis',(-0.354017446032975,0.,0.935238818647029));
#6174=DIRECTION('',(-0.354017446032975,5.7760040190042E-17,0.935238818647029));
#6175=DIRECTION('',(0.,1.,-6.17596693362248E-17));
#6176=DIRECTION('center_axis',(-1.18081668824527E-6,6.17596693361818E-17,
0.999999999999303));
#6177=DIRECTION('ref_axis',(0.999999999999303,0.,1.18081668824527E-6));
#6178=DIRECTION('',(0.999999999999303,7.29268482127239E-23,1.18081668824527E-6));
#6179=DIRECTION('',(0.,1.,-6.17596693362248E-17));
#6180=DIRECTION('',(0.,1.,-6.17596693362248E-17));
#6181=DIRECTION('',(0.,1.,-6.17596693362248E-17));
#6182=DIRECTION('center_axis',(-1.14974179673524E-6,6.1759669336184E-17,
0.999999999999339));
#6183=DIRECTION('ref_axis',(0.999999999999339,0.,1.14974179673524E-6));
#6184=DIRECTION('',(0.999999999999339,7.10076731884053E-23,1.14974179673524E-6));
#6185=DIRECTION('',(0.,1.,-6.17596693362248E-17));
#6186=DIRECTION('center_axis',(0.934655332134588,-2.19589637546131E-17,
-0.35555507324799));
#6187=DIRECTION('ref_axis',(-0.35555507324799,0.,-0.934655332134588));
#6188=DIRECTION('',(-0.35555507324799,-5.77240042559715E-17,-0.934655332134588));
#6189=DIRECTION('center_axis',(0.,1.,-6.17596693362248E-17));
#6190=DIRECTION('ref_axis',(0.,6.17596693362248E-17,1.));
#6191=DIRECTION('',(0.999999999999954,0.,3.0340394959124E-7));
#6192=DIRECTION('',(0.999999999999263,0.,1.21361874409789E-6));
#6193=DIRECTION('',(2.89339398368144E-6,0.,-0.999999999995814));
#6194=DIRECTION('',(-0.999999999998579,0.,-1.68557886149022E-6));
#6195=DIRECTION('',(-8.22790769500904E-7,4.78927261138395E-17,0.999999999999661));
#6196=DIRECTION('center_axis',(3.0340394959124E-7,-6.1759669336222E-17,
-0.999999999999954));
#6197=DIRECTION('ref_axis',(-0.999999999999954,0.,-3.0340394959124E-7));
#6198=DIRECTION('',(-0.999999999999954,-1.87381276020596E-23,-3.0340394959124E-7));
#6199=DIRECTION('',(0.,1.,-6.17596693362248E-17));
#6200=DIRECTION('',(0.,1.,-6.17596693362248E-17));
#6201=DIRECTION('',(0.,1.,-6.17596693362248E-17));
#6202=DIRECTION('center_axis',(1.21361874409789E-6,-6.17596693361794E-17,
-0.999999999999264));
#6203=DIRECTION('ref_axis',(-0.999999999999263,0.,-1.21361874409789E-6));
#6204=DIRECTION('',(-0.999999999999263,-7.49526923357299E-23,-1.21361874409789E-6));
#6205=DIRECTION('',(0.,1.,-6.17596693362248E-17));
#6206=DIRECTION('',(0.,1.,-6.17596693362248E-17));
#6207=DIRECTION('center_axis',(-0.999999999995814,-1.78695055691588E-22,
-2.89339398368144E-6));
#6208=DIRECTION('ref_axis',(-2.89339398368144E-6,0.,0.999999999995814));
#6209=DIRECTION('',(-2.89339398368144E-6,6.17596693359663E-17,0.999999999995814));
#6210=DIRECTION('',(0.,1.,-6.17596693362248E-17));
#6211=DIRECTION('center_axis',(-1.68557886149022E-6,6.17596693361371E-17,
0.999999999998579));
#6212=DIRECTION('ref_axis',(0.999999999998579,0.,1.68557886149022E-6));
#6213=DIRECTION('',(0.999999999998579,1.04100793125766E-22,1.68557886149022E-6));
#6214=DIRECTION('',(0.,1.,-6.17596693362248E-17));
#6215=DIRECTION('center_axis',(0.999999999999661,5.08152858572738E-23,8.22790769500904E-7));
#6216=DIRECTION('ref_axis',(8.22790769500904E-7,0.,-0.999999999999661));
#6217=DIRECTION('',(8.22790769500904E-7,-6.17596693362039E-17,-0.999999999999661));
#6218=DIRECTION('center_axis',(0.,1.,-6.17596693362248E-17));
#6219=DIRECTION('ref_axis',(0.,6.17596693362248E-17,1.));
#6220=DIRECTION('',(-1.19209278892556E-6,6.93889328351689E-17,0.999999999999289));
#6221=DIRECTION('',(9.86234022237865E-7,0.,-0.999999999999514));
#6222=DIRECTION('',(8.66869535809459E-7,-1.00916895993224E-16,-0.999999999999624));
#6223=DIRECTION('',(0.,1.,-6.17596693362248E-17));
#6224=DIRECTION('',(0.,1.,-6.17596693362248E-17));
#6225=DIRECTION('',(0.,1.,-6.17596693362248E-17));
#6226=DIRECTION('center_axis',(0.999999999999289,7.36232564621409E-23,1.19209278892556E-6));
#6227=DIRECTION('ref_axis',(1.19209278892556E-6,0.,-0.999999999999289));
#6228=DIRECTION('',(1.19209278892556E-6,-6.1759669336181E-17,-0.999999999999289));
#6229=DIRECTION('center_axis',(-0.999999999999514,-6.09094871015456E-23,
-9.86234022237865E-7));
#6230=DIRECTION('ref_axis',(-9.86234022237865E-7,0.,0.999999999999514));
#6231=DIRECTION('',(-9.86234022237865E-7,6.17596693361948E-17,0.999999999999514));
#6232=DIRECTION('',(0.,1.,-6.17596693362248E-17));
#6233=DIRECTION('',(0.,1.,-6.17596693362248E-17));
#6234=DIRECTION('center_axis',(-0.999999999999624,-5.35375758892389E-23,
-8.66869535809459E-7));
#6235=DIRECTION('ref_axis',(-8.66869535809459E-7,0.,0.999999999999624));
#6236=DIRECTION('',(-8.66869535809459E-7,6.17596693362016E-17,0.999999999999624));
#6237=DIRECTION('',(0.,1.,-6.17596693362248E-17));
#6238=DIRECTION('',(0.,1.,-6.17596693362248E-17));
#6239=DIRECTION('center_axis',(0.,1.,-6.17596693362248E-17));
#6240=DIRECTION('ref_axis',(0.,6.17596693362248E-17,1.));
#6241=DIRECTION('center_axis',(0.,1.,-6.17596693362248E-17));
#6242=DIRECTION('ref_axis',(0.,6.17596693362248E-17,1.));
#6243=DIRECTION('center_axis',(0.,1.,-6.17596693362248E-17));
#6244=DIRECTION('ref_axis',(0.,6.17596693362248E-17,1.));
#6245=DIRECTION('',(8.90507096641223E-7,0.,-0.999999999999604));
#6246=DIRECTION('',(-0.999999999971628,0.,-7.53287156809247E-6));
#6247=DIRECTION('',(-1.25546125646464E-6,0.,0.999999999999212));
#6248=DIRECTION('',(-9.52270670367648E-7,0.,0.999999999999547));
#6249=DIRECTION('',(1.,0.,0.));
#6250=DIRECTION('center_axis',(-0.999999999999604,-5.49974238301236E-23,
-8.90507096641223E-7));
#6251=DIRECTION('ref_axis',(-8.90507096641223E-7,0.,0.999999999999604));
#6252=DIRECTION('',(-8.90507096641223E-7,6.17596693362004E-17,0.999999999999604));
#6253=DIRECTION('',(0.,1.,-6.17596693362248E-17));
#6254=DIRECTION('',(0.,1.,-6.17596693362248E-17));
#6255=DIRECTION('center_axis',(-7.53287156809247E-6,6.17596693344726E-17,
0.999999999971628));
#6256=DIRECTION('ref_axis',(0.999999999971628,0.,7.53287156809247E-6));
#6257=DIRECTION('',(0.999999999971628,4.65227657197641E-22,7.53287156809247E-6));
#6258=DIRECTION('',(0.,1.,-6.17596693362248E-17));
#6259=DIRECTION('',(0.,1.,-6.17596693362248E-17));
#6260=DIRECTION('center_axis',(0.999999999999212,7.75368720636973E-23,1.25546125646464E-6));
#6261=DIRECTION('ref_axis',(1.25546125646464E-6,0.,-0.999999999999212));
#6262=DIRECTION('',(1.25546125646464E-6,-6.17596693361762E-17,-0.999999999999212));
#6263=DIRECTION('',(0.,1.,-6.17596693362248E-17));
#6264=DIRECTION('',(0.,1.,-6.17596693362248E-17));
#6265=DIRECTION('center_axis',(0.999999999999547,5.88119217204911E-23,9.52270670367648E-7));
#6266=DIRECTION('ref_axis',(9.52270670367648E-7,0.,-0.999999999999547));
#6267=DIRECTION('',(9.52270670367648E-7,-6.17596693361968E-17,-0.999999999999547));
#6268=DIRECTION('',(0.,1.,-6.17596693362248E-17));
#6269=DIRECTION('center_axis',(0.,-6.17596693362248E-17,-1.));
#6270=DIRECTION('ref_axis',(-1.,0.,0.));
#6271=DIRECTION('',(-1.,0.,0.));
#6272=DIRECTION('center_axis',(0.,1.,-6.17596693362248E-17));
#6273=DIRECTION('ref_axis',(0.,6.17596693362248E-17,1.));
#6274=DIRECTION('',(0.990830227913656,0.,-0.135112765690636));
#6275=DIRECTION('',(-0.987853375789059,0.,0.155388892595838));
#6276=DIRECTION('',(0.,1.,-6.17596693362248E-17));
#6277=DIRECTION('',(0.,1.,-6.17596693362248E-17));
#6278=DIRECTION('center_axis',(-0.135112765690636,-6.11933472442837E-17,
-0.990830227913656));
#6279=DIRECTION('ref_axis',(-0.990830227913656,0.,0.135112765690636));
#6280=DIRECTION('',(-0.990830227913656,8.34451973215649E-18,0.135112765690636));
#6281=DIRECTION('',(0.,1.,-6.17596693362248E-17));
#6282=DIRECTION('',(0.,1.,-6.17596693362248E-17));
#6283=DIRECTION('center_axis',(0.155388892595838,6.10094978414057E-17,0.987853375789059));
#6284=DIRECTION('ref_axis',(0.987853375789059,0.,-0.155388892595838));
#6285=DIRECTION('',(0.987853375789059,-9.59676662524111E-18,-0.155388892595838));
#6286=DIRECTION('center_axis',(0.,1.,-6.17596693362248E-17));
#6287=DIRECTION('ref_axis',(0.,6.17596693362248E-17,1.));
#6288=DIRECTION('',(0.999999999988197,0.,4.85866743113195E-6));
#6289=DIRECTION('',(1.05531541266995E-6,0.,-0.999999999999443));
#6290=DIRECTION('',(-0.999999999988217,0.,-4.85448381357674E-6));
#6291=DIRECTION('',(-1.58297311900383E-6,0.,0.999999999998747));
#6292=DIRECTION('center_axis',(4.85866743113195E-6,-6.17596693354959E-17,
-0.999999999988197));
#6293=DIRECTION('ref_axis',(-0.999999999988197,0.,-4.85866743113195E-6));
#6294=DIRECTION('',(-0.999999999988197,-3.00069693961394E-22,-4.85866743113195E-6));
#6295=DIRECTION('',(0.,1.,-6.17596693362248E-17));
#6296=DIRECTION('',(0.,1.,-6.17596693362248E-17));
#6297=DIRECTION('center_axis',(-0.999999999999443,-6.51759309319179E-23,
-1.05531541266995E-6));
#6298=DIRECTION('ref_axis',(-1.05531541266995E-6,0.,0.999999999999443));
#6299=DIRECTION('',(-1.05531541266995E-6,6.17596693361904E-17,0.999999999999443));
#6300=DIRECTION('',(0.,1.,-6.17596693362248E-17));
#6301=DIRECTION('center_axis',(-4.85448381357674E-6,6.17596693354971E-17,
0.999999999988217));
#6302=DIRECTION('ref_axis',(0.999999999988217,0.,4.85448381357674E-6));
#6303=DIRECTION('',(0.999999999988217,2.99811315124555E-22,4.85448381357674E-6));
#6304=DIRECTION('',(0.,1.,-6.17596693362248E-17));
#6305=DIRECTION('center_axis',(0.999999999998747,9.77638963978087E-23,1.58297311900383E-6));
#6306=DIRECTION('ref_axis',(1.58297311900383E-6,0.,-0.999999999998747));
#6307=DIRECTION('',(1.58297311900383E-6,-6.17596693361475E-17,-0.999999999998747));
#6308=DIRECTION('',(0.887590009780988,-0.0996214170232596,-0.449732751539472));
#6309=DIRECTION('',(-0.823394855658141,0.0996765287703111,0.558646132438067));
#6310=DIRECTION('',(-0.823140932217168,-0.182173691208346,0.537821301121645));
#6311=DIRECTION('',(0.885231486958077,0.182118780606757,-0.4280163130633));
#6312=DIRECTION('center_axis',(0.,-1.,6.17596693362248E-17));
#6313=DIRECTION('ref_axis',(0.866014325304209,-4.29766546332767E-17,-0.500019187999716));
#6314=DIRECTION('',(-0.833274992637554,-0.0996214170232594,-0.543809120845874));
#6315=DIRECTION('',(0.895499170246366,0.0996765287703118,0.43375779612633));
#6316=DIRECTION('',(0.877337375576322,-0.182173691208347,0.44395030763406));
#6317=DIRECTION('',(-0.813288743826019,0.182118780606758,-0.552624799403902));
#6318=DIRECTION('center_axis',(6.16297582203915E-33,-1.,6.17596693362248E-17));
#6319=DIRECTION('ref_axis',(-0.866036481839525,-4.29742845290821E-17,-0.499980811754829));
#6320=DIRECTION('',(-0.0543150171434317,-0.0996214170232642,0.993541872385349));
#6321=DIRECTION('',(-0.0721043145882288,0.0996765287703162,-0.992403928564404));
#6322=DIRECTION('',(-0.0541964433591469,-0.182173691208347,-0.981771608755695));
#6323=DIRECTION('',(-0.0719427431320632,0.182118780606758,0.980641112467217));
#6324=DIRECTION('center_axis',(0.,-1.,6.17596693362248E-17));
#6325=DIRECTION('ref_axis',(2.21565353212022E-5,4.9664034400419E-17,0.999999999754544));
#6326=DIRECTION('center_axis',(0.447213595499958,-0.894427190999916,2.22036353992303E-16));
#6327=DIRECTION('ref_axis',(0.,-2.48244190501498E-16,-1.));
#6328=DIRECTION('',(-3.72969042330546E-16,6.17596693362248E-17,1.));
#6329=DIRECTION('',(-0.894427190999916,-0.447213595499958,0.));
#6330=DIRECTION('',(3.72969042330546E-16,-6.17596693362248E-17,-1.));
#6331=DIRECTION('center_axis',(0.,1.,-6.17596693362248E-17));
#6332=DIRECTION('ref_axis',(0.,-6.79099921772316E-17,-1.));
#6333=DIRECTION('center_axis',(0.,1.,-6.17596693362248E-17));
#6334=DIRECTION('ref_axis',(0.,-6.17596693362248E-17,-1.));
#6335=DIRECTION('center_axis',(0.,-1.,6.17596693362248E-17));
#6336=DIRECTION('ref_axis',(0.,-7.38553042568714E-17,-1.));
#6337=DIRECTION('center_axis',(-0.447213595499956,-0.894427190999917,5.52395275614833E-17));
#6338=DIRECTION('ref_axis',(0.,-6.17596693362248E-17,-1.));
#6339=DIRECTION('',(0.,6.17596693362248E-17,1.));
#6340=DIRECTION('',(-0.894427190999917,0.447213595499956,0.));
#6341=DIRECTION('',(0.,-6.17596693362248E-17,-1.));
#6342=DIRECTION('center_axis',(1.,0.,3.72969042330546E-16));
#6343=DIRECTION('ref_axis',(3.72969042330546E-16,0.,-1.));
#6344=DIRECTION('',(0.,-1.,6.17596693362248E-17));
#6345=DIRECTION('',(3.72969042330546E-16,0.,-1.));
#6346=DIRECTION('',(0.,1.,0.));
#6347=DIRECTION('center_axis',(0.,-1.,6.17596693362248E-17));
#6348=DIRECTION('ref_axis',(0.,-7.38553042568714E-17,-1.));
#6349=DIRECTION('',(0.,1.,-6.17596693362248E-17));
#6350=DIRECTION('center_axis',(0.,-1.,6.17596693362248E-17));
#6351=DIRECTION('ref_axis',(1.,0.,0.));
#6352=DIRECTION('center_axis',(-1.,0.,0.));
#6353=DIRECTION('ref_axis',(0.,0.,1.));
#6354=DIRECTION('',(0.,1.,0.));
#6355=DIRECTION('',(0.,0.,1.));
#6356=DIRECTION('center_axis',(0.,1.,0.));
#6357=DIRECTION('ref_axis',(-0.846411343356268,0.,-0.532529659115656));
#6358=DIRECTION('center_axis',(-0.615000000000001,0.,-0.788527107967759));
#6359=DIRECTION('ref_axis',(0.,1.,0.));
#6360=DIRECTION('center_axis',(0.,-1.,0.));
#6361=DIRECTION('ref_axis',(-0.846411343356267,0.,-0.532529659115659));
#6362=DIRECTION('center_axis',(0.,1.,0.));
#6363=DIRECTION('ref_axis',(-0.846411343356267,0.,-0.532529659115659));
#6364=DIRECTION('center_axis',(0.,1.,0.));
#6365=DIRECTION('ref_axis',(0.,0.,1.));
#6366=DIRECTION('center_axis',(-0.614999999999999,0.,0.788527107967762));
#6367=DIRECTION('ref_axis',(0.,1.,0.));
#6368=DIRECTION('center_axis',(0.,1.,0.));
#6369=DIRECTION('ref_axis',(6.12323399573677E-17,0.,1.));
#6370=DIRECTION('center_axis',(0.,-1.,0.));
#6371=DIRECTION('ref_axis',(6.12323399573677E-17,0.,1.));
#6372=DIRECTION('center_axis',(0.,1.,0.));
#6373=DIRECTION('ref_axis',(0.846411343356268,0.,-0.532529659115656));
#6374=DIRECTION('center_axis',(0.,-1.,0.));
#6375=DIRECTION('ref_axis',(0.846411343356267,0.,-0.532529659115659));
#6376=DIRECTION('center_axis',(0.,1.,0.));
#6377=DIRECTION('ref_axis',(0.846411343356267,0.,-0.532529659115659));
#6378=DIRECTION('center_axis',(0.,-1.,0.));
#6379=DIRECTION('ref_axis',(1.,0.,0.));
#6380=DIRECTION('center_axis',(0.,-1.,0.));
#6381=DIRECTION('ref_axis',(0.,-7.38553042568714E-17,-1.));
#6382=DIRECTION('center_axis',(0.,-1.,0.));
#6383=DIRECTION('ref_axis',(1.,0.,0.));
#6384=DIRECTION('center_axis',(0.,1.,0.));
#6385=DIRECTION('ref_axis',(1.22464679914735E-16,0.,-1.));
#6386=DIRECTION('center_axis',(-0.862041607562518,8.15223055198313E-16,
-0.506837515216692));
#6387=DIRECTION('ref_axis',(-1.66533453693774E-15,1.,4.44089209850063E-15));
#6388=DIRECTION('center_axis',(0.,1.,0.));
#6389=DIRECTION('ref_axis',(6.12323399573677E-17,0.,-1.));
#6390=DIRECTION('center_axis',(0.862041607562519,-9.57058440900792E-16,
-0.50683751521669));
#6391=DIRECTION('ref_axis',(-0.50683751521669,0.,-0.862041607562519));
#6392=DIRECTION('center_axis',(0.,-1.,0.));
#6393=DIRECTION('ref_axis',(6.12323399573677E-17,0.,-1.));
#6394=DIRECTION('center_axis',(0.,-1.,0.));
#6395=DIRECTION('ref_axis',(0.,0.,-1.));
#6396=DIRECTION('center_axis',(0.,1.,0.));
#6397=DIRECTION('ref_axis',(-0.581095751991018,0.,-0.813835196472845));
#6398=DIRECTION('center_axis',(0.813835196472845,0.,-0.581095751991017));
#6399=DIRECTION('ref_axis',(-0.581095751991017,0.,-0.813835196472845));
#6400=DIRECTION('center_axis',(0.,1.,0.));
#6401=DIRECTION('ref_axis',(0.,0.,1.));
#6402=DIRECTION('center_axis',(0.,-1.,0.));
#6403=DIRECTION('ref_axis',(0.1754708698039,0.,0.984484623470709));
#6404=DIRECTION('center_axis',(0.,-1.,0.));
#6405=DIRECTION('ref_axis',(0.,0.,-1.));
#6406=DIRECTION('center_axis',(-0.813835196472845,0.,-0.581095751991017));
#6407=DIRECTION('ref_axis',(0.,1.,0.));
#6408=DIRECTION('center_axis',(0.,1.,0.));
#6409=DIRECTION('ref_axis',(0.581095751991017,0.,-0.813835196472845));
#6410=DIRECTION('center_axis',(0.,1.,0.));
#6411=DIRECTION('ref_axis',(0.,0.,1.));
#6412=DIRECTION('center_axis',(0.,-1.,0.));
#6413=DIRECTION('ref_axis',(-0.175470869803899,0.,0.984484623470709));
#6414=DIRECTION('center_axis',(0.,-1.,0.));
#6415=DIRECTION('ref_axis',(0.175470869803899,0.,0.984484623470709));
#6416=DIRECTION('',(0.,-1.,0.));
#6417=DIRECTION('center_axis',(1.45652991523633E-15,1.,-1.0399935393061E-15));
#6418=DIRECTION('ref_axis',(0.581095751991018,0.,0.813835196472844));
#6419=DIRECTION('',(0.,1.,0.));
#6420=DIRECTION('center_axis',(0.,1.,0.));
#6421=DIRECTION('ref_axis',(1.,0.,0.));
#6422=DIRECTION('',(0.,1.,0.));
#6423=DIRECTION('center_axis',(0.,-1.,6.17596693362248E-17));
#6424=DIRECTION('ref_axis',(-1.60812264967664E-16,-6.4051328343759E-17,
-1.));
#6425=DIRECTION('center_axis',(-2.63817120923284E-17,-1.,2.63817120923285E-17));
#6426=DIRECTION('ref_axis',(0.0722609797405083,0.,-0.997385758273569));
#6427=DIRECTION('center_axis',(-3.96665612016746E-16,-1.,3.96665612016744E-16));
#6428=DIRECTION('ref_axis',(-0.707106781186546,0.,-0.707106781186549));
#6429=DIRECTION('',(0.,1.,-6.17596693362248E-17));
#6430=DIRECTION('center_axis',(0.,1.,0.));
#6431=DIRECTION('ref_axis',(0.0722609797405083,0.,-0.997385758273569));
#6432=DIRECTION('',(-2.63817120923284E-17,-1.,2.63817120923285E-17));
#6433=DIRECTION('center_axis',(-0.707106781186547,4.36706809914835E-17,
0.707106781186548));
#6434=DIRECTION('ref_axis',(-0.500000000000002,-0.707106781186547,-0.499999999999999));
#6435=DIRECTION('center_axis',(0.707106781186546,0.,-0.707106781186549));
#6436=DIRECTION('ref_axis',(0.,-1.,0.));
#6437=DIRECTION('',(-0.707106781186547,4.36706809914835E-17,0.707106781186548));
#6438=DIRECTION('center_axis',(-0.707106781186546,0.,0.707106781186549));
#6439=DIRECTION('ref_axis',(-0.707106781186549,0.,-0.707106781186546));
#6440=DIRECTION('',(0.707106781186547,-4.36706809914835E-17,-0.707106781186548));
#6441=DIRECTION('center_axis',(0.,-1.,6.17596693362248E-17));
#6442=DIRECTION('ref_axis',(-0.707106781186547,0.,0.707106781186548));
#6443=DIRECTION('center_axis',(0.707106781186545,0.,-0.70710678118655));
#6444=DIRECTION('ref_axis',(0.70710678118655,2.7755575615629E-16,0.707106781186545));
#6445=DIRECTION('center_axis',(0.,1.,-6.17596693362248E-17));
#6446=DIRECTION('ref_axis',(-0.707106781186548,4.36706809914835E-17,0.707106781186548));
#6447=DIRECTION('center_axis',(0.,-1.,6.17596693362248E-17));
#6448=DIRECTION('ref_axis',(-0.707106781186547,4.62592926927149E-17,0.707106781186547));
#6449=DIRECTION('center_axis',(0.707106781186547,-4.36706809914835E-17,
-0.707106781186548));
#6450=DIRECTION('ref_axis',(0.499999999999999,-0.707106781186548,0.499999999999999));
#6451=DIRECTION('center_axis',(0.707106781186548,-1.57009245868378E-15,
-0.707106781186548));
#6452=DIRECTION('ref_axis',(0.707106781186548,0.,0.707106781186548));
#6453=DIRECTION('',(-0.707106781186547,4.36706809914835E-17,0.707106781186548));
#6454=DIRECTION('',(0.707106781186547,-4.36706809914835E-17,-0.707106781186548));
#6455=DIRECTION('center_axis',(-0.0438815629038949,-0.794499361787284,0.605677449272061));
#6456=DIRECTION('ref_axis',(0.0574113022859564,-0.607264986739395,-0.792422348404077));
#6457=DIRECTION('center_axis',(0.597796952287116,4.95094879748739E-17,0.801647555872427));
#6458=DIRECTION('ref_axis',(-0.801647555872427,4.00080369234291E-17,0.597796952287116));
#6459=DIRECTION('center_axis',(3.53779572438964E-17,1.,-3.53779572438964E-17));
#6460=DIRECTION('ref_axis',(0.997385758273569,0.,-0.0722609797405018));
#6461=DIRECTION('center_axis',(3.96665612016744E-16,-1.,-3.96665612016744E-16));
#6462=DIRECTION('ref_axis',(0.597796952287116,5.55111512312577E-16,-0.801647555872427));
#6463=DIRECTION('',(3.53779572438964E-17,1.,-3.53779572438964E-17));
#6464=DIRECTION('center_axis',(0.,1.,0.));
#6465=DIRECTION('ref_axis',(0.997385758273569,0.,-0.0722609797405018));
#6466=DIRECTION('',(0.,-1.,6.17596693362248E-17));
#6467=DIRECTION('center_axis',(0.,0.,1.));
#6468=DIRECTION('ref_axis',(1.,0.,0.));
#6469=DIRECTION('center_axis',(-0.801647555872427,-3.69197421034553E-17,
-0.597796952287116));
#6470=DIRECTION('ref_axis',(-0.597796952287116,5.00100461542863E-17,0.801647555872427));
#6471=DIRECTION('center_axis',(0.,-1.,6.17596693362248E-17));
#6472=DIRECTION('ref_axis',(0.,-6.17863248487044E-17,-1.));
#6473=DIRECTION('center_axis',(0.,-1.,6.17596693362248E-17));
#6474=DIRECTION('ref_axis',(1.,0.,0.));
#6475=DIRECTION('center_axis',(0.597796952287116,-4.95094879748739E-17,
-0.801647555872427));
#6476=DIRECTION('ref_axis',(-0.801647555872427,-4.00080369234291E-17,-0.597796952287116));
#6477=DIRECTION('center_axis',(0.,-1.,6.17596693362248E-17));
#6478=DIRECTION('ref_axis',(1.,0.,0.));
#6479=DIRECTION('center_axis',(0.,1.,-6.17596693362248E-17));
#6480=DIRECTION('ref_axis',(0.,6.17596693362248E-17,1.));
#6481=DIRECTION('center_axis',(0.,-1.,6.17596693362248E-17));
#6482=DIRECTION('ref_axis',(1.,0.,0.));
#6483=DIRECTION('center_axis',(0.,1.,-6.17596693362248E-17));
#6484=DIRECTION('ref_axis',(2.83276944882399E-16,6.17596693362249E-17,1.));
#6485=DIRECTION('center_axis',(0.,-1.,6.17596693362248E-17));
#6486=DIRECTION('ref_axis',(1.,0.,0.));
#6487=DIRECTION('',(-0.707106781186548,-4.36706809914835E-17,-0.707106781186547));
#6488=DIRECTION('center_axis',(0.,1.,-6.17596693362248E-17));
#6489=DIRECTION('ref_axis',(0.707106781186548,4.36706809914835E-17,0.707106781186548));
#6490=DIRECTION('',(0.707106781186548,4.36706809914835E-17,0.707106781186548));
#6491=DIRECTION('center_axis',(0.,-1.,6.17596693362248E-17));
#6492=DIRECTION('ref_axis',(1.,0.,0.));
#6493=DIRECTION('',(-0.707106781186547,4.36706809914835E-17,0.707106781186548));
#6494=DIRECTION('center_axis',(0.,1.,-6.17596693362248E-17));
#6495=DIRECTION('ref_axis',(0.0515012078022921,-6.1677710070368E-17,-0.998672932243037));
#6496=DIRECTION('center_axis',(0.,-1.,6.17596693362248E-17));
#6497=DIRECTION('ref_axis',(-0.5341858905046,5.22095889336635E-17,0.84536704122281));
#6498=DIRECTION('center_axis',(0.,1.,-6.17596693362248E-17));
#6499=DIRECTION('ref_axis',(-1.60812264967664E-16,-6.17596693362249E-17,
-1.));
#6500=DIRECTION('center_axis',(0.,-1.,6.17596693362248E-17));
#6501=DIRECTION('ref_axis',(0.5341858905046,5.22095889336635E-17,0.84536704122281));
#6502=DIRECTION('center_axis',(0.,1.,-6.17596693362248E-17));
#6503=DIRECTION('ref_axis',(-0.0515012078022929,-6.1677710070368E-17,-0.998672932243037));
#6504=DIRECTION('',(-0.707106781186548,-4.36706809914834E-17,-0.707106781186547));
#6505=DIRECTION('center_axis',(0.,-1.,6.17596693362248E-17));
#6506=DIRECTION('ref_axis',(0.,-6.17863248487044E-17,-1.));
#6507=DIRECTION('center_axis',(0.,-1.,6.17596693362248E-17));
#6508=DIRECTION('ref_axis',(1.,0.,0.));
#6509=DIRECTION('center_axis',(0.977027027027027,1.31619387704699E-17,0.213115434585882));
#6510=DIRECTION('ref_axis',(-0.213115434585882,6.00120553851436E-17,0.977027027027027));
#6511=DIRECTION('center_axis',(0.,-1.,6.17596693362248E-17));
#6512=DIRECTION('ref_axis',(0.,-7.38553042568714E-17,-1.));
#6513=DIRECTION('center_axis',(0.,-1.,0.));
#6514=DIRECTION('ref_axis',(0.,-7.38553042568714E-17,-1.));
#6515=DIRECTION('',(0.,-1.,6.17596693362248E-17));
#6516=DIRECTION('center_axis',(0.,-1.,0.));
#6517=DIRECTION('ref_axis',(0.,-7.38553042568714E-17,-1.));
#6518=DIRECTION('',(0.,1.,-6.17596693362248E-17));
#6519=DIRECTION('center_axis',(0.,-1.,6.17596693362248E-17));
#6520=DIRECTION('ref_axis',(1.,0.,0.));
#6521=DIRECTION('center_axis',(0.,-1.,0.));
#6522=DIRECTION('ref_axis',(0.,-7.38553042568714E-17,-1.));
#6523=DIRECTION('',(0.,1.,-6.17596693362248E-17));
#6524=DIRECTION('center_axis',(0.,-1.,6.17596693362248E-17));
#6525=DIRECTION('ref_axis',(1.,0.,0.));
#6526=DIRECTION('',(0.,-1.,6.17596693362248E-17));
#6527=DIRECTION('center_axis',(0.,-1.,0.));
#6528=DIRECTION('ref_axis',(0.,-7.38553042568714E-17,-1.));
#6529=DIRECTION('',(0.,1.,-6.17596693362248E-17));
#6530=DIRECTION('center_axis',(0.,-1.,6.17596693362248E-17));
#6531=DIRECTION('ref_axis',(1.,0.,0.));
#6532=DIRECTION('',(0.,-1.,6.17596693362248E-17));
#6533=DIRECTION('',(0.,1.,-6.17596693362248E-17));
#6534=DIRECTION('center_axis',(3.53779572438964E-17,-1.,3.53779572438964E-17));
#6535=DIRECTION('ref_axis',(-0.997385758273569,0.,-0.0722609797405015));
#6536=DIRECTION('center_axis',(-3.96665612016744E-16,-1.,-3.96665612016744E-16));
#6537=DIRECTION('ref_axis',(-0.707106781186548,0.,0.707106781186548));
#6538=DIRECTION('center_axis',(0.,1.,0.));
#6539=DIRECTION('ref_axis',(-0.997385758273569,0.,-0.0722609797405015));
#6540=DIRECTION('',(3.53779572438964E-17,-1.,3.53779572438964E-17));
#6541=DIRECTION('center_axis',(0.707106781186548,4.36706809914835E-17,0.707106781186547));
#6542=DIRECTION('ref_axis',(-0.499999999999999,-0.707106781186548,0.499999999999999));
#6543=DIRECTION('center_axis',(-0.70710678118655,-3.14018491736754E-15,
-0.707106781186545));
#6544=DIRECTION('ref_axis',(0.,-1.,4.44089209850063E-15));
#6545=DIRECTION('',(0.707106781186548,4.36706809914835E-17,0.707106781186547));
#6546=DIRECTION('center_axis',(0.707106781186549,0.,0.707106781186546));
#6547=DIRECTION('ref_axis',(-0.707106781186546,0.,0.707106781186549));
#6548=DIRECTION('center_axis',(0.,-1.,6.17596693362248E-17));
#6549=DIRECTION('ref_axis',(0.707106781186547,0.,0.707106781186548));
#6550=DIRECTION('center_axis',(-0.707106781186548,0.,-0.707106781186548));
#6551=DIRECTION('ref_axis',(0.707106781186548,-2.77555756156291E-16,-0.707106781186548));
#6552=DIRECTION('center_axis',(0.,-1.,6.17596693362248E-17));
#6553=DIRECTION('ref_axis',(0.707106781186547,4.62592926927149E-17,0.707106781186547));
#6554=DIRECTION('center_axis',(-0.707106781186548,-4.36706809914835E-17,
-0.707106781186548));
#6555=DIRECTION('ref_axis',(0.5,-0.707106781186548,-0.5));
#6556=DIRECTION('center_axis',(-0.707106781186549,0.,-0.707106781186546));
#6557=DIRECTION('ref_axis',(0.707106781186546,0.,-0.707106781186549));
#6558=DIRECTION('',(-0.707106781186548,-4.36706809914835E-17,-0.707106781186548));
#6559=DIRECTION('center_axis',(0.,0.,1.));
#6560=DIRECTION('ref_axis',(1.,0.,0.));
#6561=DIRECTION('center_axis',(0.801647555872427,-3.69197421034552E-17,
-0.597796952287115));
#6562=DIRECTION('ref_axis',(0.597796952287115,5.00100461542863E-17,0.801647555872427));
#6563=DIRECTION('center_axis',(-2.63817120923285E-17,1.,-2.63817120923285E-17));
#6564=DIRECTION('ref_axis',(-0.0722609797405085,0.,-0.997385758273569));
#6565=DIRECTION('center_axis',(3.96665612016745E-16,-1.,3.96665612016745E-16));
#6566=DIRECTION('ref_axis',(-0.801647555872428,-5.55111512312578E-16,-0.597796952287114));
#6567=DIRECTION('',(-2.63817120923285E-17,1.,-2.63817120923285E-17));
#6568=DIRECTION('center_axis',(0.,1.,0.));
#6569=DIRECTION('ref_axis',(-0.0722609797405085,0.,-0.997385758273569));
#6570=DIRECTION('center_axis',(0.0438815629038949,-0.794499361787282,0.605677449272063));
#6571=DIRECTION('ref_axis',(-0.05741130228596,-0.607264986739398,-0.792422348404075));
#6572=DIRECTION('center_axis',(-0.597796952287116,4.95094879748739E-17,
0.801647555872427));
#6573=DIRECTION('ref_axis',(0.801647555872427,4.00080369234291E-17,0.597796952287116));
#6574=DIRECTION('center_axis',(0.,-1.,6.17596693362248E-17));
#6575=DIRECTION('ref_axis',(0.,-6.17863248487044E-17,-1.));
#6576=DIRECTION('center_axis',(-0.977027027027027,1.31619387704699E-17,
0.213115434585881));
#6577=DIRECTION('ref_axis',(0.213115434585881,6.00120553851436E-17,0.977027027027027));
#6578=DIRECTION('center_axis',(0.,-1.,6.17596693362248E-17));
#6579=DIRECTION('ref_axis',(0.,-6.17863248487044E-17,-1.));
#6580=DIRECTION('center_axis',(-0.597796952287116,-4.95094879748739E-17,
-0.801647555872427));
#6581=DIRECTION('ref_axis',(0.801647555872427,-4.00080369234291E-17,-0.597796952287116));
#6582=DIRECTION('center_axis',(0.,-1.,6.17596693362248E-17));
#6583=DIRECTION('ref_axis',(-0.846411343356272,0.,-0.53252965911565));
#6584=DIRECTION('',(0.,-1.,0.));
#6585=DIRECTION('center_axis',(-2.66986434476711E-16,-1.,-3.4231876592609E-16));
#6586=DIRECTION('ref_axis',(-0.788527107967761,0.,0.615));
#6587=DIRECTION('center_axis',(0.,-1.,6.17596693362248E-17));
#6588=DIRECTION('ref_axis',(-3.21624529935327E-16,5.2245789394125E-17,1.));
#6589=DIRECTION('center_axis',(-0.615000000000001,2.04836148043342E-15,
-0.788527107967759));
#6590=DIRECTION('ref_axis',(-3.33066907387547E-15,-1.,0.));
#6591=DIRECTION('center_axis',(0.,-1.,6.17596693362248E-17));
#6592=DIRECTION('ref_axis',(2.83276944882399E-16,6.4051328343759E-17,1.));
#6593=DIRECTION('center_axis',(0.615000000000002,-2.8189766430831E-15,-0.788527107967759));
#6594=DIRECTION('ref_axis',(0.788527107967759,0.,0.615000000000002));
#6595=DIRECTION('center_axis',(-0.879520034071535,0.447442662607866,0.161986336908978));
#6596=DIRECTION('ref_axis',(-0.475861859857255,-0.826993753985617,-0.299394090125325));
#6597=DIRECTION('center_axis',(0.,1.,-6.17596693362248E-17));
#6598=DIRECTION('ref_axis',(0.846411343356272,0.,-0.53252965911565));
#6599=DIRECTION('center_axis',(2.66986434476711E-16,-1.,-3.4231876592609E-16));
#6600=DIRECTION('ref_axis',(-0.213115434585881,2.77555756156289E-16,-0.977027027027027));
#6601=DIRECTION('',(0.,1.,0.));
#6602=DIRECTION('center_axis',(-0.879520034071555,-0.44744266260783,-0.161986336908967));
#6603=DIRECTION('ref_axis',(0.475861859857218,-0.826993753985634,-0.299394090125336));
#6604=DIRECTION('center_axis',(0.,-1.,0.));
#6605=DIRECTION('ref_axis',(1.,0.,0.));
#6606=DIRECTION('center_axis',(-1.,0.,1.22464679914735E-16));
#6607=DIRECTION('ref_axis',(-1.22464679914735E-16,0.,-1.));
#6608=DIRECTION('center_axis',(0.,1.,0.));
#6609=DIRECTION('ref_axis',(1.,0.,0.));
#6610=DIRECTION('center_axis',(0.,1.,0.));
#6611=DIRECTION('ref_axis',(1.,0.,0.));
#6612=DIRECTION('center_axis',(0.,1.,0.));
#6613=DIRECTION('ref_axis',(1.,0.,0.));
#6614=DIRECTION('',(0.,-1.,0.));
#6615=DIRECTION('center_axis',(0.,-1.,0.));
#6616=DIRECTION('ref_axis',(1.,0.,0.));
#6617=DIRECTION('center_axis',(-2.63817120923284E-17,-1.,2.63817120923284E-17));
#6618=DIRECTION('ref_axis',(-0.0722609797404948,0.,0.99738575827357));
#6619=DIRECTION('center_axis',(-3.96665612016744E-16,-1.,3.96665612016746E-16));
#6620=DIRECTION('ref_axis',(0.707106781186549,0.,0.707106781186546));
#6621=DIRECTION('center_axis',(0.,1.,0.));
#6622=DIRECTION('ref_axis',(-0.0722609797404948,0.,0.99738575827357));
#6623=DIRECTION('',(-2.63817120923284E-17,-1.,2.63817120923284E-17));
#6624=DIRECTION('center_axis',(0.0849870882447041,-0.874881348907286,-0.476822629670463));
#6625=DIRECTION('ref_axis',(-0.153516191267972,-0.484337305329837,0.861307235360535));
#6626=DIRECTION('center_axis',(-1.72615111096466E-15,1.,4.72724336048226E-16));
#6627=DIRECTION('ref_axis',(0.26413443272319,0.,0.964485874157833));
#6628=DIRECTION('center_axis',(0.964485874157833,0.,-0.26413443272319));
#6629=DIRECTION('ref_axis',(0.,-1.,0.));
#6630=DIRECTION('center_axis',(-0.813835196472845,4.51769286687247E-16,
-0.581095751991017));
#6631=DIRECTION('ref_axis',(-0.581095751991017,0.,0.813835196472845));
#6632=DIRECTION('center_axis',(0.,1.,-6.17596693362248E-17));
#6633=DIRECTION('ref_axis',(0.,5.07530525542929E-17,1.));
#6634=DIRECTION('center_axis',(0.630618706041361,0.,-0.776092808619381));
#6635=DIRECTION('ref_axis',(0.776092808619381,0.,0.630618706041361));
#6636=DIRECTION('center_axis',(0.,1.,-6.17596693362248E-17));
#6637=DIRECTION('ref_axis',(0.5341858905046,5.55111512312578E-17,0.84536704122281));
#6638=DIRECTION('center_axis',(0.,-1.,6.17596693362248E-17));
#6639=DIRECTION('ref_axis',(0.,-8.88178419700125E-17,-1.));
#6640=DIRECTION('center_axis',(0.707106781186548,0.,0.707106781186548));
#6641=DIRECTION('ref_axis',(-0.707106781186548,0.,0.707106781186548));
#6642=DIRECTION('center_axis',(0.,-1.,6.17596693362248E-17));
#6643=DIRECTION('ref_axis',(-0.0515012078022929,-4.62592926927148E-17,-0.998672932243037));
#6644=DIRECTION('center_axis',(0.707106781186548,4.36706809914834E-17,0.707106781186547));
#6645=DIRECTION('ref_axis',(-0.5,-0.707106781186547,0.5));
#6646=DIRECTION('center_axis',(0.707106781186549,-1.57009245868377E-15,
0.707106781186546));
#6647=DIRECTION('ref_axis',(-0.707106781186546,0.,0.707106781186549));
#6648=DIRECTION('',(0.707106781186548,4.36706809914834E-17,0.707106781186547));
#6649=DIRECTION('center_axis',(-0.0849870882447007,-0.874881348907287,-0.47682262967046));
#6650=DIRECTION('ref_axis',(0.153516191267967,-0.484337305329835,0.861307235360537));
#6651=DIRECTION('center_axis',(0.813835196472846,0.,-0.581095751991016));
#6652=DIRECTION('ref_axis',(0.,-1.,0.));
#6653=DIRECTION('center_axis',(-0.964485874157833,-3.79887953085843E-15,
-0.264134432723189));
#6654=DIRECTION('ref_axis',(-0.264134432723189,0.,0.964485874157833));
#6655=DIRECTION('center_axis',(0.,-1.,6.17596693362248E-17));
#6656=DIRECTION('ref_axis',(0.,-5.2245789394125E-17,-1.));
#6657=DIRECTION('center_axis',(0.707106781186547,-4.36706809914835E-17,
-0.707106781186548));
#6658=DIRECTION('ref_axis',(0.5,-0.707106781186547,0.5));
#6659=DIRECTION('center_axis',(-0.707106781186549,0.,0.707106781186546));
#6660=DIRECTION('ref_axis',(0.,-1.,0.));
#6661=DIRECTION('',(0.707106781186547,-4.36706809914835E-17,-0.707106781186548));
#6662=DIRECTION('center_axis',(0.707106781186549,0.,-0.707106781186546));
#6663=DIRECTION('ref_axis',(0.707106781186546,2.77555756156288E-16,0.707106781186549));
#6664=DIRECTION('center_axis',(0.,-1.,6.17596693362248E-17));
#6665=DIRECTION('ref_axis',(0.,-8.88178419700125E-17,-1.));
#6666=DIRECTION('center_axis',(0.630618706041361,0.,0.776092808619381));
#6667=DIRECTION('ref_axis',(-0.776092808619381,0.,0.630618706041361));
#6668=DIRECTION('center_axis',(0.,-1.,6.17596693362248E-17));
#6669=DIRECTION('ref_axis',(0.0515012078022921,-4.62592926927149E-17,-0.998672932243037));
#6670=DIRECTION('center_axis',(0.,1.,-6.17596693362248E-17));
#6671=DIRECTION('ref_axis',(0.,5.07530525542929E-17,1.));
#6672=DIRECTION('center_axis',(0.,1.,-6.17596693362248E-17));
#6673=DIRECTION('ref_axis',(-0.5341858905046,5.55111512312578E-17,0.84536704122281));
#6674=DIRECTION('center_axis',(0.,1.,0.));
#6675=DIRECTION('ref_axis',(-0.175470869803899,0.,0.984484623470709));
#6676=DIRECTION('',(0.,-1.,0.));
#6677=DIRECTION('center_axis',(0.0438815629038878,-0.794499361787285,-0.60567744927206));
#6678=DIRECTION('ref_axis',(-0.0574113022859458,-0.607264986739395,0.792422348404078));
#6679=DIRECTION('center_axis',(-2.63817120923285E-17,1.,-2.63817120923284E-17));
#6680=DIRECTION('ref_axis',(0.0722609797405083,0.,0.997385758273569));
#6681=DIRECTION('center_axis',(3.96665612016746E-16,-1.,3.96665612016744E-16));
#6682=DIRECTION('ref_axis',(0.801647555872428,5.55111512312578E-16,0.597796952287114));
#6683=DIRECTION('',(-2.63817120923285E-17,1.,-2.63817120923284E-17));
#6684=DIRECTION('center_axis',(0.,1.,0.));
#6685=DIRECTION('ref_axis',(0.0722609797405083,0.,0.997385758273569));
#6686=DIRECTION('center_axis',(-0.0438815629038984,-0.794499361787285,-0.60567744927206));
#6687=DIRECTION('ref_axis',(0.0574113022859599,-0.607264986739395,0.792422348404078));
#6688=DIRECTION('center_axis',(0.,1.,0.));
#6689=DIRECTION('ref_axis',(1.,0.,0.));
#6690=DIRECTION('',(0.,1.,0.));
#6691=DIRECTION('',(0.,1.,0.));
#6692=DIRECTION('center_axis',(-0.707106781186548,0.,-0.707106781186547));
#6693=DIRECTION('ref_axis',(-0.707106781186547,4.25642790874358E-48,0.707106781186548));
#6694=DIRECTION('',(-0.707106781186547,4.25642790874358E-48,0.707106781186548));
#6695=DIRECTION('',(0.,1.,0.));
#6696=DIRECTION('center_axis',(0.707106781186548,0.,0.707106781186547));
#6697=DIRECTION('ref_axis',(0.707106781186547,0.,-0.707106781186548));
#6698=DIRECTION('center_axis',(0.707106781186548,0.,0.707106781186547));
#6699=DIRECTION('ref_axis',(0.707106781186547,0.,-0.707106781186548));
#6700=DIRECTION('center_axis',(0.,0.,1.));
#6701=DIRECTION('ref_axis',(1.,0.,0.));
#6702=DIRECTION('center_axis',(0.,0.,-1.));
#6703=DIRECTION('ref_axis',(1.,0.,0.));
#6704=DIRECTION('',(0.857167300702112,-1.04972719113862E-16,-0.515038074910054));
#6705=DIRECTION('center_axis',(0.,0.,-1.));
#6706=DIRECTION('ref_axis',(1.,0.,0.));
#6707=DIRECTION('center_axis',(0.,0.,-1.));
#6708=DIRECTION('ref_axis',(1.,0.,0.));
#6709=DIRECTION('',(0.,0.,-1.));
#6710=DIRECTION('center_axis',(0.,0.,1.));
#6711=DIRECTION('ref_axis',(1.,0.,0.));
#6712=DIRECTION('center_axis',(0.,0.,-1.));
#6713=DIRECTION('ref_axis',(1.,0.,0.));
#6714=DIRECTION('',(0.857167300702112,-1.04972719113862E-16,-0.515038074910054));
#6715=DIRECTION('center_axis',(0.,0.,-1.));
#6716=DIRECTION('ref_axis',(1.,0.,0.));
#6717=DIRECTION('center_axis',(0.,0.,-1.));
#6718=DIRECTION('ref_axis',(1.,0.,0.));
#6719=DIRECTION('',(0.,0.,-1.));
#6720=DIRECTION('center_axis',(0.,0.,1.));
#6721=DIRECTION('ref_axis',(1.,0.,0.));
#6722=DIRECTION('center_axis',(0.,0.,-1.));
#6723=DIRECTION('ref_axis',(1.,0.,0.));
#6724=DIRECTION('',(0.857167300702112,-1.04972719113862E-16,-0.515038074910054));
#6725=DIRECTION('center_axis',(0.,0.,-1.));
#6726=DIRECTION('ref_axis',(1.,0.,0.));
#6727=DIRECTION('center_axis',(0.,0.,-1.));
#6728=DIRECTION('ref_axis',(1.,0.,0.));
#6729=DIRECTION('',(0.,0.,-1.));
#6730=DIRECTION('center_axis',(0.,0.,1.));
#6731=DIRECTION('ref_axis',(1.,0.,0.));
#6732=DIRECTION('center_axis',(0.,0.,-1.));
#6733=DIRECTION('ref_axis',(1.,0.,0.));
#6734=DIRECTION('',(0.857167300702112,-1.04972719113862E-16,-0.515038074910054));
#6735=DIRECTION('center_axis',(0.,0.,-1.));
#6736=DIRECTION('ref_axis',(1.,0.,0.));
#6737=DIRECTION('center_axis',(0.,0.,-1.));
#6738=DIRECTION('ref_axis',(1.,0.,0.));
#6739=DIRECTION('',(0.,0.,-1.));
#6740=DIRECTION('center_axis',(0.,-1.,0.));
#6741=DIRECTION('ref_axis',(-1.,0.,0.));
#6742=DIRECTION('',(-1.,0.,0.));
#6743=DIRECTION('',(0.,0.,-1.));
#6744=DIRECTION('',(-1.,0.,0.));
#6745=DIRECTION('',(0.,0.,-1.));
#6746=DIRECTION('center_axis',(0.,1.,0.));
#6747=DIRECTION('ref_axis',(0.,0.,-1.));
#6748=DIRECTION('center_axis',(0.,0.,-1.));
#6749=DIRECTION('ref_axis',(1.,0.,0.));
#6750=DIRECTION('center_axis',(0.,0.,-1.));
#6751=DIRECTION('ref_axis',(1.,0.,0.));
#6752=DIRECTION('',(0.,0.,-1.));
#6753=DIRECTION('center_axis',(0.,0.,-1.));
#6754=DIRECTION('ref_axis',(1.,0.,0.));
#6755=DIRECTION('center_axis',(0.,1.,0.));
#6756=DIRECTION('ref_axis',(1.,0.,0.));
#6757=DIRECTION('',(1.,0.,0.));
#6758=DIRECTION('',(0.,0.,-1.));
#6759=DIRECTION('',(1.,0.,0.));
#6760=DIRECTION('center_axis',(0.,0.,-1.));
#6761=DIRECTION('ref_axis',(-1.,-1.45473230946492E-15,0.));
#6762=DIRECTION('center_axis',(0.,0.,-1.));
#6763=DIRECTION('ref_axis',(1.,0.,0.));
#6764=DIRECTION('center_axis',(0.,0.,-1.));
#6765=DIRECTION('ref_axis',(1.,0.,0.));
#6766=DIRECTION('center_axis',(0.,0.,1.));
#6767=DIRECTION('ref_axis',(1.,0.,0.));
#6768=DIRECTION('center_axis',(0.,0.,1.));
#6769=DIRECTION('ref_axis',(1.,0.,0.));
#6770=DIRECTION('center_axis',(0.,0.,-1.));
#6771=DIRECTION('ref_axis',(1.,0.,0.));
#6772=DIRECTION('center_axis',(0.,0.,-1.));
#6773=DIRECTION('ref_axis',(1.,0.,0.));
#6774=DIRECTION('',(0.,0.,-1.));
#6775=DIRECTION('center_axis',(0.,0.,-1.));
#6776=DIRECTION('ref_axis',(1.,0.,0.));
#6777=DIRECTION('center_axis',(0.,0.,-1.));
#6778=DIRECTION('ref_axis',(1.,0.,0.));
#6779=DIRECTION('',(0.,0.,-1.));
#6780=DIRECTION('center_axis',(-0.707106781186547,0.,0.707106781186548));
#6781=DIRECTION('ref_axis',(0.707106781186548,0.,0.707106781186547));
#6782=DIRECTION('center_axis',(0.,0.,-1.));
#6783=DIRECTION('ref_axis',(1.,0.,0.));
#6784=DIRECTION('',(0.,0.,-1.));
#6785=DIRECTION('center_axis',(0.,1.,0.));
#6786=DIRECTION('ref_axis',(1.,0.,0.));
#6787=DIRECTION('center_axis',(0.,1.,0.));
#6788=DIRECTION('ref_axis',(1.,0.,0.));
#6789=DIRECTION('',(0.,1.,0.));
#6790=DIRECTION('center_axis',(0.,1.,0.));
#6791=DIRECTION('ref_axis',(1.,0.,0.));
#6792=DIRECTION('',(0.,1.,0.));
#6793=DIRECTION('',(0.,1.,0.));
#6794=DIRECTION('center_axis',(0.,1.,0.));
#6795=DIRECTION('ref_axis',(1.,0.,0.));
#6796=DIRECTION('',(0.,1.,0.));
#6797=DIRECTION('center_axis',(0.,1.,0.));
#6798=DIRECTION('ref_axis',(1.,0.,0.));
#6799=DIRECTION('',(0.,1.,0.));
#6800=DIRECTION('center_axis',(0.,-1.,0.));
#6801=DIRECTION('ref_axis',(0.,0.,-1.));
#6802=DIRECTION('center_axis',(0.,1.,0.));
#6803=DIRECTION('ref_axis',(0.,0.,-1.));
#6804=DIRECTION('',(-1.04972719113862E-16,0.515038074910054,-0.857167300702112));
#6805=DIRECTION('center_axis',(0.,1.,0.));
#6806=DIRECTION('ref_axis',(0.,0.,-1.));
#6807=DIRECTION('center_axis',(0.,1.,0.));
#6808=DIRECTION('ref_axis',(0.,0.,-1.));
#6809=DIRECTION('',(0.,1.,0.));
#6810=DIRECTION('center_axis',(0.,1.,0.));
#6811=DIRECTION('ref_axis',(0.,0.,-1.));
#6812=DIRECTION('center_axis',(0.,1.,0.));
#6813=DIRECTION('ref_axis',(0.,0.,-1.));
#6814=DIRECTION('',(0.,1.,0.));
#6815=DIRECTION('center_axis',(0.,1.,0.));
#6816=DIRECTION('ref_axis',(1.,0.,0.));
#6817=DIRECTION('center_axis',(0.,1.,-6.17596693362248E-17));
#6818=DIRECTION('ref_axis',(1.,0.,0.));
#6819=DIRECTION('',(0.,1.,0.));
#6820=DIRECTION('center_axis',(0.,1.,0.));
#6821=DIRECTION('ref_axis',(1.,0.,0.));
#6822=DIRECTION('center_axis',(0.,-1.,0.));
#6823=DIRECTION('ref_axis',(1.,0.,0.));
#6824=DIRECTION('center_axis',(0.,1.,0.));
#6825=DIRECTION('ref_axis',(1.,0.,0.));
#6826=DIRECTION('center_axis',(0.,1.,-6.17596693362248E-17));
#6827=DIRECTION('ref_axis',(1.,0.,0.));
#6828=DIRECTION('',(0.,1.,0.));
#6829=DIRECTION('center_axis',(0.,1.,0.));
#6830=DIRECTION('ref_axis',(1.,0.,0.));
#6831=DIRECTION('center_axis',(0.,-1.,0.));
#6832=DIRECTION('ref_axis',(1.,0.,0.));
#6833=DIRECTION('center_axis',(0.,1.,0.));
#6834=DIRECTION('ref_axis',(-1.96005385927235E-15,0.,1.));
#6835=DIRECTION('center_axis',(0.,-1.,0.));
#6836=DIRECTION('ref_axis',(1.,0.,0.));
#6837=DIRECTION('center_axis',(0.,-1.,0.));
#6838=DIRECTION('ref_axis',(0.776092808619381,0.,0.630618706041361));
#6839=DIRECTION('center_axis',(0.,-1.,0.));
#6840=DIRECTION('ref_axis',(1.,0.,0.));
#6841=DIRECTION('center_axis',(0.,-1.,0.));
#6842=DIRECTION('ref_axis',(1.,0.,0.));
#6843=DIRECTION('',(-0.110522504503077,-0.993873621743915,1.35351031373442E-17));
#6844=DIRECTION('center_axis',(0.,-1.,0.));
#6845=DIRECTION('ref_axis',(1.,0.,0.));
#6846=DIRECTION('center_axis',(0.,-1.,0.));
#6847=DIRECTION('ref_axis',(1.,0.,0.));
#6848=DIRECTION('center_axis',(0.,-1.,0.));
#6849=DIRECTION('ref_axis',(1.,0.,0.));
#6850=DIRECTION('center_axis',(0.,-1.,0.));
#6851=DIRECTION('ref_axis',(1.,0.,0.));
#6852=DIRECTION('center_axis',(0.,-1.,0.));
#6853=DIRECTION('ref_axis',(1.,0.,0.));
#6854=DIRECTION('center_axis',(0.,-1.,0.));
#6855=DIRECTION('ref_axis',(1.,0.,0.));
#6856=DIRECTION('',(-0.110522504503077,-0.993873621743915,1.35351031373442E-17));
#6857=DIRECTION('center_axis',(0.,-1.,0.));
#6858=DIRECTION('ref_axis',(1.,0.,0.));
#6859=DIRECTION('center_axis',(0.,-1.,0.));
#6860=DIRECTION('ref_axis',(1.,0.,0.));
#6861=DIRECTION('center_axis',(0.,-1.,0.));
#6862=DIRECTION('ref_axis',(1.,0.,0.));
#6863=DIRECTION('center_axis',(0.,-1.,0.));
#6864=DIRECTION('ref_axis',(1.,0.,0.));
#6865=DIRECTION('center_axis',(0.,-1.,0.));
#6866=DIRECTION('ref_axis',(1.,0.,0.));
#6867=DIRECTION('center_axis',(0.,-1.,0.));
#6868=DIRECTION('ref_axis',(1.,0.,0.));
#6869=DIRECTION('',(-0.110522504503077,-0.993873621743915,1.35351031373442E-17));
#6870=DIRECTION('center_axis',(0.,1.,0.));
#6871=DIRECTION('ref_axis',(1.,0.,0.));
#6872=DIRECTION('center_axis',(0.,-1.,0.));
#6873=DIRECTION('ref_axis',(1.,0.,0.));
#6874=DIRECTION('center_axis',(0.,1.,0.));
#6875=DIRECTION('ref_axis',(1.,0.,0.));
#6876=DIRECTION('center_axis',(0.,1.,0.));
#6877=DIRECTION('ref_axis',(-0.707106781186548,0.,0.707106781186547));
#6878=DIRECTION('',(0.,1.,0.));
#6879=DIRECTION('',(0.,1.,0.));
#6880=DIRECTION('center_axis',(0.,-1.,0.));
#6881=DIRECTION('ref_axis',(1.,0.,0.));
#6882=DIRECTION('center_axis',(0.,-1.,0.));
#6883=DIRECTION('ref_axis',(1.,0.,0.));
#6884=DIRECTION('center_axis',(0.,-1.,0.));
#6885=DIRECTION('ref_axis',(1.,0.,0.));
#6886=DIRECTION('center_axis',(0.,-1.,0.));
#6887=DIRECTION('ref_axis',(1.,0.,0.));
#6888=DIRECTION('',(-0.110522504503077,-0.993873621743915,1.35351031373442E-17));
#6889=DIRECTION('center_axis',(0.,-1.,0.));
#6890=DIRECTION('ref_axis',(1.,0.,0.));
#6891=DIRECTION('center_axis',(0.,1.,0.));
#6892=DIRECTION('ref_axis',(1.,0.,0.));
#6893=DIRECTION('center_axis',(0.,-1.,0.));
#6894=DIRECTION('ref_axis',(1.,0.,0.));
#6895=DIRECTION('center_axis',(0.,1.,0.));
#6896=DIRECTION('ref_axis',(1.,0.,0.));
#6897=DIRECTION('',(0.,1.,0.));
#6898=DIRECTION('',(0.,1.,0.));
#6899=DIRECTION('center_axis',(0.,-1.,0.));
#6900=DIRECTION('ref_axis',(1.,0.,0.));
#6901=DIRECTION('center_axis',(0.,-1.,0.));
#6902=DIRECTION('ref_axis',(1.,0.,0.));
#6903=DIRECTION('center_axis',(0.,1.,0.));
#6904=DIRECTION('ref_axis',(1.,0.,0.));
#6905=DIRECTION('',(0.,-1.,0.));
#6906=DIRECTION('center_axis',(0.,1.,0.));
#6907=DIRECTION('ref_axis',(1.,0.,0.));
#6908=DIRECTION('center_axis',(0.,-1.,0.));
#6909=DIRECTION('ref_axis',(1.,0.,0.));
#6910=DIRECTION('center_axis',(0.,1.,0.));
#6911=DIRECTION('ref_axis',(1.,0.,0.));
#6912=DIRECTION('',(0.,-1.,0.));
#6913=DIRECTION('center_axis',(0.,1.,0.));
#6914=DIRECTION('ref_axis',(1.,0.,0.));
#6915=DIRECTION('center_axis',(0.,-1.,0.));
#6916=DIRECTION('ref_axis',(1.,0.,0.));
#6917=DIRECTION('',(-0.707106781186548,-4.25642790874357E-48,-0.707106781186547));
#6918=DIRECTION('center_axis',(0.,-1.,0.));
#6919=DIRECTION('ref_axis',(0.776092808619381,0.,0.630618706041361));
#6920=DIRECTION('center_axis',(0.,1.,0.));
#6921=DIRECTION('ref_axis',(1.,0.,0.));
#6922=DIRECTION('',(0.,-1.,0.));
#6923=DIRECTION('center_axis',(0.,1.,0.));
#6924=DIRECTION('ref_axis',(1.,0.,0.));
#6925=DIRECTION('center_axis',(0.,-1.,0.));
#6926=DIRECTION('ref_axis',(1.,0.,0.));
#6927=DIRECTION('',(0.707106781186547,4.25642790874358E-48,-0.707106781186548));
#6928=DIRECTION('',(-0.707106781186547,-4.25642790874357E-48,0.707106781186548));
#6929=DIRECTION('center_axis',(0.,1.,0.));
#6930=DIRECTION('ref_axis',(1.,0.,0.));
#6931=DIRECTION('',(0.,-1.,0.));
#6932=DIRECTION('center_axis',(0.,1.,0.));
#6933=DIRECTION('ref_axis',(1.,0.,0.));
#6934=DIRECTION('center_axis',(0.,-1.,0.));
#6935=DIRECTION('ref_axis',(1.,0.,0.));
#6936=DIRECTION('center_axis',(0.707106781186547,0.,-0.707106781186548));
#6937=DIRECTION('ref_axis',(-0.707106781186548,4.25642790874357E-48,-0.707106781186547));
#6938=DIRECTION('',(-0.707106781186548,4.25642790874357E-48,-0.707106781186547));
#6939=DIRECTION('center_axis',(-0.707106781186548,0.,0.707106781186548));
#6940=DIRECTION('ref_axis',(0.707106781186548,-4.25642790874357E-48,0.707106781186548));
#6941=DIRECTION('',(0.707106781186548,-4.25642790874357E-48,0.707106781186548));
#6942=DIRECTION('center_axis',(0.,-1.,0.));
#6943=DIRECTION('ref_axis',(1.,0.,0.));
#6944=DIRECTION('center_axis',(0.,-1.,0.));
#6945=DIRECTION('ref_axis',(1.,0.,0.));
#6946=DIRECTION('center_axis',(0.,0.,1.));
#6947=DIRECTION('ref_axis',(1.,0.,0.));
#6948=DIRECTION('',(1.,0.,0.));
#6949=DIRECTION('',(-1.,0.,0.));
#6950=DIRECTION('center_axis',(0.,1.,0.));
#6951=DIRECTION('ref_axis',(0.776092808619381,0.,0.630618706041361));
#6952=DIRECTION('center_axis',(0.707106781186547,0.,-0.707106781186548));
#6953=DIRECTION('ref_axis',(-0.707106781186548,-4.25642790874357E-48,-0.707106781186547));
#6954=DIRECTION('center_axis',(0.,-1.,6.17596693362248E-17));
#6955=DIRECTION('ref_axis',(0.,-6.17596693362248E-17,-1.));
#6956=DIRECTION('center_axis',(-0.707106781186548,0.,-0.707106781186547));
#6957=DIRECTION('ref_axis',(-0.707106781186547,-4.25642790874357E-48,0.707106781186548));
#6958=DIRECTION('center_axis',(0.707106781186548,0.,0.707106781186547));
#6959=DIRECTION('ref_axis',(0.707106781186547,4.25642790874358E-48,-0.707106781186548));
#6960=DIRECTION('center_axis',(0.,-1.,0.));
#6961=DIRECTION('ref_axis',(1.,0.,0.));
#6962=DIRECTION('center_axis',(0.,1.,-6.17596693362248E-17));
#6963=DIRECTION('ref_axis',(0.,-7.38553042568714E-17,-1.));
#6964=DIRECTION('center_axis',(0.,-1.,6.17596693362248E-17));
#6965=DIRECTION('ref_axis',(1.,0.,0.));
#6966=DIRECTION('',(-1.14465684314123E-16,0.355481691710648,0.934683244130618));
#6967=DIRECTION('center_axis',(0.,-1.,6.17596693362248E-17));
#6968=DIRECTION('ref_axis',(1.,0.,0.));
#6969=DIRECTION('center_axis',(0.,-1.,6.17596693362248E-17));
#6970=DIRECTION('ref_axis',(0.,-7.38553042568714E-17,-1.));
#6971=DIRECTION('center_axis',(0.,-1.,6.17596693362248E-17));
#6972=DIRECTION('ref_axis',(1.,0.,0.));
#6973=DIRECTION('',(5.10269499644578E-18,0.999131567356817,-0.0416666666666543));
#6974=DIRECTION('center_axis',(0.,-1.,6.17596693362248E-17));
#6975=DIRECTION('ref_axis',(0.,-7.38553042568714E-17,-1.));
#6976=DIRECTION('center_axis',(0.,-1.,6.17596693362248E-17));
#6977=DIRECTION('ref_axis',(1.,0.,0.));
#6978=DIRECTION('',(1.17692918405834E-16,0.27642459310984,-0.961035610330886));
#6979=DIRECTION('center_axis',(0.,-1.,6.17596693362248E-17));
#6980=DIRECTION('ref_axis',(0.,-7.38553042568714E-17,-1.));
#6981=DIRECTION('center_axis',(0.,-1.,6.17596693362248E-17));
#6982=DIRECTION('ref_axis',(1.,0.,0.));
#6983=DIRECTION('',(5.10269499644736E-18,0.999131567356817,-0.0416666666666672));
#6984=DIRECTION('',(5.10269499644736E-18,0.999131567356817,-0.0416666666666672));
#6985=DIRECTION('center_axis',(0.,1.,-6.17596693362248E-17));
#6986=DIRECTION('ref_axis',(0.,6.17596693362248E-17,1.));
#6987=DIRECTION('center_axis',(0.,-1.,6.17596693362248E-17));
#6988=DIRECTION('ref_axis',(1.,0.,0.));
#6989=DIRECTION('center_axis',(0.,1.,-6.17596693362248E-17));
#6990=DIRECTION('ref_axis',(0.,-7.38553042568714E-17,-1.));
#6991=DIRECTION('center_axis',(0.,1.,-6.17596693362248E-17));
#6992=DIRECTION('ref_axis',(0.,6.17596693362248E-17,1.));
#6993=DIRECTION('center_axis',(0.,-1.,6.17596693362248E-17));
#6994=DIRECTION('ref_axis',(1.,0.,0.));
#6995=DIRECTION('center_axis',(0.,-1.,6.17596693362248E-17));
#6996=DIRECTION('ref_axis',(0.,-7.38553042568714E-17,-1.));
#6997=DIRECTION('',(5.10269499644741E-18,0.999131567356817,-0.0416666666666676));
#6998=CARTESIAN_POINT('',(0.,0.,0.));
#6999=CARTESIAN_POINT('Origin',(0.,3.5,-55.5));
#7000=CARTESIAN_POINT('',(-2.88001894950867,3.5,24.9994850158691));
#7001=CARTESIAN_POINT('',(-2.38888651132584,3.5,24.9994874000549));
#7002=CARTESIAN_POINT('',(-2.88001894950867,3.5,24.9994850158691));
#7003=CARTESIAN_POINT('',(-1.01644724607468,3.5,24.9994897842407));
#7004=CARTESIAN_POINT('Ctrl Pts',(-2.38888651132584,3.5,24.9994874000549));
#7005=CARTESIAN_POINT('Ctrl Pts',(-2.39157925464859,3.5,24.5106033777958));
#7006=CARTESIAN_POINT('Ctrl Pts',(-2.38398115186509,3.5,23.8012506289587));
#7007=CARTESIAN_POINT('Ctrl Pts',(-2.39762583412196,3.5,22.8905109758362));
#7008=CARTESIAN_POINT('Ctrl Pts',(-2.03156537276135,3.5,22.5262726442141));
#7009=CARTESIAN_POINT('Ctrl Pts',(-1.66353684829721,3.5,22.439288507761));
#7010=CARTESIAN_POINT('Ctrl Pts',(-1.28640179532005,3.5,22.4943156863827));
#7011=CARTESIAN_POINT('Ctrl Pts',(-1.0257825392852,3.5,22.7897415780545));
#7012=CARTESIAN_POINT('Ctrl Pts',(-1.01706440352291,3.5,23.168880022045));
#7013=CARTESIAN_POINT('Ctrl Pts',(-1.00792512517242,3.5,23.8954168381671));
#7014=CARTESIAN_POINT('Ctrl Pts',(-1.01270549291656,3.5,24.5106126653548));
#7015=CARTESIAN_POINT('Ctrl Pts',(-1.01644724607468,3.5,24.9994897842407));
#7016=CARTESIAN_POINT('',(-0.525313913822174,3.5,24.9994897842407));
#7017=CARTESIAN_POINT('',(-1.01644724607468,3.5,24.9994897842407));
#7018=CARTESIAN_POINT('',(-2.4379962682724,3.5,22.5138115882874));
#7019=CARTESIAN_POINT('Ctrl Pts',(-0.525313913822174,3.5,24.9994897842407));
#7020=CARTESIAN_POINT('Ctrl Pts',(-0.524497315447393,3.5,24.622756408038));
#7021=CARTESIAN_POINT('Ctrl Pts',(-0.519113926753604,3.5,24.0565142428345));
#7022=CARTESIAN_POINT('Ctrl Pts',(-0.531524784633021,3.5,23.3053633770296));
#7023=CARTESIAN_POINT('Ctrl Pts',(-0.500947727782512,3.5,22.7245957209659));
#7024=CARTESIAN_POINT('Ctrl Pts',(-0.795665024728694,3.5,22.1700965065264));
#7025=CARTESIAN_POINT('Ctrl Pts',(-1.3960003139045,3.5,22.0041438085235));
#7026=CARTESIAN_POINT('Ctrl Pts',(-2.02361481439369,3.5,22.0596076864795));
#7027=CARTESIAN_POINT('Ctrl Pts',(-2.30743516068351,3.5,22.3646072594111));
#7028=CARTESIAN_POINT('Ctrl Pts',(-2.4379962682724,3.5,22.5138115882874));
#7029=CARTESIAN_POINT('',(-2.43799597024918,3.5,22.1018075942993));
#7030=CARTESIAN_POINT('',(-2.4379962682724,3.5,22.5138115882874));
#7031=CARTESIAN_POINT('',(-2.88001626729965,3.5,22.1018075942993));
#7032=CARTESIAN_POINT('',(-2.43799597024918,3.5,22.1018075942993));
#7033=CARTESIAN_POINT('',(-2.88001626729965,3.5,22.1018075942993));
#7034=CARTESIAN_POINT('Origin',(-2.63445273041725,2.5,24.999486207962));
#7035=CARTESIAN_POINT('',(-2.38888651132584,2.5,24.9994874000549));
#7036=CARTESIAN_POINT('',(-2.88001894950867,2.5,24.9994850158691));
#7037=CARTESIAN_POINT('',(-1.31742175625467,2.5,24.9994926014443));
#7038=CARTESIAN_POINT('',(-2.38888651132584,2.5,24.9994874000549));
#7039=CARTESIAN_POINT('',(-2.88001894950867,2.5,24.9994850158691));
#7040=CARTESIAN_POINT('Ctrl Pts',(-2.38888651132584,2.5,24.9994874000549));
#7041=CARTESIAN_POINT('Ctrl Pts',(-2.38888651132584,3.5,24.9994874000549));
#7042=CARTESIAN_POINT('Ctrl Pts',(-2.39157925464859,2.5,24.5106033777958));
#7043=CARTESIAN_POINT('Ctrl Pts',(-2.39157925464859,3.5,24.5106033777958));
#7044=CARTESIAN_POINT('Ctrl Pts',(-2.38398115186509,2.5,23.8012506289587));
#7045=CARTESIAN_POINT('Ctrl Pts',(-2.38398115186509,3.5,23.8012506289587));
#7046=CARTESIAN_POINT('Ctrl Pts',(-2.39762583412196,2.5,22.8905109758362));
#7047=CARTESIAN_POINT('Ctrl Pts',(-2.39762583412196,3.5,22.8905109758362));
#7048=CARTESIAN_POINT('Ctrl Pts',(-2.03156537276135,2.5,22.5262726442141));
#7049=CARTESIAN_POINT('Ctrl Pts',(-2.03156537276135,3.5,22.5262726442141));
#7050=CARTESIAN_POINT('Ctrl Pts',(-1.66353684829721,2.5,22.439288507761));
#7051=CARTESIAN_POINT('Ctrl Pts',(-1.66353684829721,3.5,22.439288507761));
#7052=CARTESIAN_POINT('Ctrl Pts',(-1.28640179532005,2.5,22.4943156863827));
#7053=CARTESIAN_POINT('Ctrl Pts',(-1.28640179532005,3.5,22.4943156863827));
#7054=CARTESIAN_POINT('Ctrl Pts',(-1.0257825392852,2.5,22.7897415780545));
#7055=CARTESIAN_POINT('Ctrl Pts',(-1.0257825392852,3.5,22.7897415780545));
#7056=CARTESIAN_POINT('Ctrl Pts',(-1.01706440352291,2.5,23.168880022045));
#7057=CARTESIAN_POINT('Ctrl Pts',(-1.01706440352291,3.5,23.168880022045));
#7058=CARTESIAN_POINT('Ctrl Pts',(-1.00792512517242,2.5,23.8954168381671));
#7059=CARTESIAN_POINT('Ctrl Pts',(-1.00792512517242,3.5,23.8954168381671));
#7060=CARTESIAN_POINT('Ctrl Pts',(-1.01270549291656,2.5,24.5106126653548));
#7061=CARTESIAN_POINT('Ctrl Pts',(-1.01270549291656,3.5,24.5106126653548));
#7062=CARTESIAN_POINT('Ctrl Pts',(-1.01644724607468,2.5,24.9994897842407));
#7063=CARTESIAN_POINT('Ctrl Pts',(-1.01644724607468,3.5,24.9994897842407));
#7064=CARTESIAN_POINT('',(-1.01644724607468,2.5,24.9994897842407));
#7065=CARTESIAN_POINT('Ctrl Pts',(-1.01644724607468,2.5,24.9994897842407));
#7066=CARTESIAN_POINT('Ctrl Pts',(-1.01270549291656,2.5,24.5106126653548));
#7067=CARTESIAN_POINT('Ctrl Pts',(-1.00792512517242,2.5,23.8954168381671));
#7068=CARTESIAN_POINT('Ctrl Pts',(-1.01706440352291,2.5,23.168880022045));
#7069=CARTESIAN_POINT('Ctrl Pts',(-1.0257825392852,2.5,22.7897415780545));
#7070=CARTESIAN_POINT('Ctrl Pts',(-1.28640179532005,2.5,22.4943156863827));
#7071=CARTESIAN_POINT('Ctrl Pts',(-1.66353684829721,2.5,22.439288507761));
#7072=CARTESIAN_POINT('Ctrl Pts',(-2.03156537276135,2.5,22.5262726442141));
#7073=CARTESIAN_POINT('Ctrl Pts',(-2.39762583412196,2.5,22.8905109758362));
#7074=CARTESIAN_POINT('Ctrl Pts',(-2.38398115186509,2.5,23.8012506289587));
#7075=CARTESIAN_POINT('Ctrl Pts',(-2.39157925464859,2.5,24.5106033777958));
#7076=CARTESIAN_POINT('Ctrl Pts',(-2.38888651132584,2.5,24.9994874000549));
#7077=CARTESIAN_POINT('',(-1.01644724607468,2.5,24.9994897842407));
#7078=CARTESIAN_POINT('Origin',(-0.770880579948425,2.5,24.9994897842407));
#7079=CARTESIAN_POINT('',(-0.525313913822174,2.5,24.9994897842407));
#7080=CARTESIAN_POINT('',(-0.385440289974213,2.5,24.9994897842407));
#7081=CARTESIAN_POINT('',(-0.525313913822174,2.5,24.9994897842407));
#7082=CARTESIAN_POINT('Ctrl Pts',(-0.525313913822174,2.5,24.9994897842407));
#7083=CARTESIAN_POINT('Ctrl Pts',(-0.525313913822174,3.5,24.9994897842407));
#7084=CARTESIAN_POINT('Ctrl Pts',(-0.524497315447393,2.5,24.622756408038));
#7085=CARTESIAN_POINT('Ctrl Pts',(-0.524497315447393,3.5,24.622756408038));
#7086=CARTESIAN_POINT('Ctrl Pts',(-0.519113926753604,2.5,24.0565142428345));
#7087=CARTESIAN_POINT('Ctrl Pts',(-0.519113926753604,3.5,24.0565142428345));
#7088=CARTESIAN_POINT('Ctrl Pts',(-0.531524784633021,2.5,23.3053633770296));
#7089=CARTESIAN_POINT('Ctrl Pts',(-0.531524784633021,3.5,23.3053633770296));
#7090=CARTESIAN_POINT('Ctrl Pts',(-0.500947727782512,2.5,22.7245957209659));
#7091=CARTESIAN_POINT('Ctrl Pts',(-0.500947727782512,3.5,22.7245957209659));
#7092=CARTESIAN_POINT('Ctrl Pts',(-0.795665024728694,2.5,22.1700965065264));
#7093=CARTESIAN_POINT('Ctrl Pts',(-0.795665024728694,3.5,22.1700965065264));
#7094=CARTESIAN_POINT('Ctrl Pts',(-1.3960003139045,2.5,22.0041438085235));
#7095=CARTESIAN_POINT('Ctrl Pts',(-1.3960003139045,3.5,22.0041438085235));
#7096=CARTESIAN_POINT('Ctrl Pts',(-2.02361481439369,2.5,22.0596076864795));
#7097=CARTESIAN_POINT('Ctrl Pts',(-2.02361481439369,3.5,22.0596076864795));
#7098=CARTESIAN_POINT('Ctrl Pts',(-2.30743516068351,2.5,22.3646072594111));
#7099=CARTESIAN_POINT('Ctrl Pts',(-2.30743516068351,3.5,22.3646072594111));
#7100=CARTESIAN_POINT('Ctrl Pts',(-2.4379962682724,2.5,22.5138115882874));
#7101=CARTESIAN_POINT('Ctrl Pts',(-2.4379962682724,3.5,22.5138115882874));
#7102=CARTESIAN_POINT('',(-2.4379962682724,2.5,22.5138115882874));
#7103=CARTESIAN_POINT('Ctrl Pts',(-2.4379962682724,2.5,22.5138115882874));
#7104=CARTESIAN_POINT('Ctrl Pts',(-2.30743516068351,2.5,22.3646072594111));
#7105=CARTESIAN_POINT('Ctrl Pts',(-2.02361481439369,2.5,22.0596076864795));
#7106=CARTESIAN_POINT('Ctrl Pts',(-1.3960003139045,2.5,22.0041438085235));
#7107=CARTESIAN_POINT('Ctrl Pts',(-0.795665024728694,2.5,22.1700965065264));
#7108=CARTESIAN_POINT('Ctrl Pts',(-0.500947727782512,2.5,22.7245957209659));
#7109=CARTESIAN_POINT('Ctrl Pts',(-0.531524784633021,2.5,23.3053633770296));
#7110=CARTESIAN_POINT('Ctrl Pts',(-0.519113926753604,2.5,24.0565142428345));
#7111=CARTESIAN_POINT('Ctrl Pts',(-0.524497315447393,2.5,24.622756408038));
#7112=CARTESIAN_POINT('Ctrl Pts',(-0.525313913822174,2.5,24.9994897842407));
#7113=CARTESIAN_POINT('',(-2.4379962682724,2.5,22.5138115882874));
#7114=CARTESIAN_POINT('Origin',(-2.43799611926079,2.5,22.3078095912933));
#7115=CARTESIAN_POINT('',(-2.43799597024918,2.5,22.1018075942993));
#7116=CARTESIAN_POINT('',(-2.43796797810788,2.5,-16.5960960860956));
#7117=CARTESIAN_POINT('',(-2.43799597024918,2.5,22.1018075942993));
#7118=CARTESIAN_POINT('Origin',(-2.65900611877441,2.5,22.1018075942993));
#7119=CARTESIAN_POINT('',(-2.88001626729965,2.5,22.1018075942993));
#7120=CARTESIAN_POINT('',(-1.32950305938721,2.5,22.1018075942993));
#7121=CARTESIAN_POINT('',(-2.88001626729965,2.5,22.1018075942993));
#7122=CARTESIAN_POINT('Origin',(-2.88001760840416,2.5,23.5506463050842));
#7123=CARTESIAN_POINT('',(-2.87998102214343,2.5,-15.9746781803552));
#7124=CARTESIAN_POINT('Origin',(0.,3.5,-55.5));
#7125=CARTESIAN_POINT('',(5.8184826374054,3.5,21.5642976760864));
#7126=CARTESIAN_POINT('',(6.30961537361145,3.5,21.5642976760864));
#7127=CARTESIAN_POINT('',(5.8184826374054,3.5,21.5642976760864));
#7128=CARTESIAN_POINT('',(6.3096159696579,3.5,20.999493598938));
#7129=CARTESIAN_POINT('',(6.30961537361145,3.5,21.5642976760864));
#7130=CARTESIAN_POINT('',(5.81848323345184,3.5,20.999493598938));
#7131=CARTESIAN_POINT('',(6.3096159696579,3.5,20.999493598938));
#7132=CARTESIAN_POINT('',(5.81848323345184,3.5,20.999493598938));
#7133=CARTESIAN_POINT('Origin',(6.06404900550842,2.5,21.5642976760864));
#7134=CARTESIAN_POINT('',(6.30961537361145,2.5,21.5642976760864));
#7135=CARTESIAN_POINT('',(5.8184826374054,2.5,21.5642976760864));
#7136=CARTESIAN_POINT('',(3.03202450275421,2.5,21.5642976760864));
#7137=CARTESIAN_POINT('',(6.30961537361145,2.5,21.5642976760864));
#7138=CARTESIAN_POINT('',(5.8184826374054,2.5,21.5642976760864));
#7139=CARTESIAN_POINT('Origin',(6.30961567163467,2.5,21.2818956375122));
#7140=CARTESIAN_POINT('',(6.3096159696579,2.5,20.999493598938));
#7141=CARTESIAN_POINT('',(6.3096561861901,2.5,-17.1090488518838));
#7142=CARTESIAN_POINT('',(6.3096159696579,2.5,20.999493598938));
#7143=CARTESIAN_POINT('Origin',(6.06404960155487,2.5,20.999493598938));
#7144=CARTESIAN_POINT('',(5.81848323345184,2.5,20.999493598938));
#7145=CARTESIAN_POINT('',(3.03202480077744,2.5,20.999493598938));
#7146=CARTESIAN_POINT('',(5.81848323345184,2.5,20.999493598938));
#7147=CARTESIAN_POINT('Origin',(5.81848293542862,2.5,21.2818956375122));
#7148=CARTESIAN_POINT('',(5.81852344998432,2.5,-17.1090491110338));
#7149=CARTESIAN_POINT('Origin',(0.,3.5,-55.5));
#7150=CARTESIAN_POINT('',(-3.79540801048279,3.5,-8.48618805408478));
#7151=CARTESIAN_POINT('',(2.17457860708237,3.5,-8.48618268966675));
#7152=CARTESIAN_POINT('',(-3.79540801048279,3.5,-8.48618805408478));
#7153=CARTESIAN_POINT('',(2.17457965016365,3.5,-9.4302499294281));
#7154=CARTESIAN_POINT('',(2.17457860708237,3.5,-8.48618268966675));
#7155=CARTESIAN_POINT('',(-2.73674339056015,3.5,-9.43025350570679));
#7156=CARTESIAN_POINT('',(2.17457965016365,3.5,-9.4302499294281));
#7157=CARTESIAN_POINT('',(-2.73674070835114,3.5,-12.153308391571));
#7158=CARTESIAN_POINT('',(-2.73674339056015,3.5,-9.43025350570679));
#7159=CARTESIAN_POINT('',(1.68890655040741,3.5,-12.1533048152924));
#7160=CARTESIAN_POINT('',(-2.73674070835114,3.5,-12.153308391571));
#7161=CARTESIAN_POINT('',(1.68890699744225,3.5,-13.0919134616852));
#7162=CARTESIAN_POINT('',(1.68890655040741,3.5,-12.1533048152924));
#7163=CARTESIAN_POINT('',(-2.73673981428146,3.5,-13.0919182300568));
#7164=CARTESIAN_POINT('',(1.68890699744225,3.5,-13.0919134616852));
#7165=CARTESIAN_POINT('',(-2.7367377281189,3.5,-15.5421233177185));
#7166=CARTESIAN_POINT('',(-2.73673981428146,3.5,-13.0919182300568));
#7167=CARTESIAN_POINT('',(1.98904469609261,3.5,-15.5421209335327));
#7168=CARTESIAN_POINT('',(-2.7367377281189,3.5,-15.5421233177185));
#7169=CARTESIAN_POINT('',(1.98904544115067,3.5,-16.4861822128296));
#7170=CARTESIAN_POINT('',(1.98904469609261,3.5,-15.5421209335327));
#7171=CARTESIAN_POINT('',(-3.79540085792542,3.5,-16.4861869812012));
#7172=CARTESIAN_POINT('',(1.98904544115067,3.5,-16.4861822128296));
#7173=CARTESIAN_POINT('',(-3.79540085792542,3.5,-16.4861869812012));
#7174=CARTESIAN_POINT('Origin',(-0.810414701700211,2.5,-8.48618537187576));
#7175=CARTESIAN_POINT('',(2.17457860708237,2.5,-8.48618268966675));
#7176=CARTESIAN_POINT('',(-3.79540801048279,2.5,-8.48618805408478));
#7177=CARTESIAN_POINT('',(-0.405228473322809,2.5,-8.4861850077898));
#7178=CARTESIAN_POINT('',(2.17457860708237,2.5,-8.48618268966675));
#7179=CARTESIAN_POINT('',(-3.79540801048279,2.5,-8.48618805408478));
#7180=CARTESIAN_POINT('Origin',(2.17457912862301,2.5,-8.95821630954742));
#7181=CARTESIAN_POINT('',(2.17457965016365,2.5,-9.4302499294281));
#7182=CARTESIAN_POINT('',(2.17460484017136,2.5,-32.2291069534205));
#7183=CARTESIAN_POINT('',(2.17457965016365,2.5,-9.4302499294281));
#7184=CARTESIAN_POINT('Origin',(-0.28108187019825,2.5,-9.43025171756744));
#7185=CARTESIAN_POINT('',(-2.73674339056015,2.5,-9.43025350570679));
#7186=CARTESIAN_POINT('',(-0.14055770840626,2.5,-9.43025161524194));
#7187=CARTESIAN_POINT('',(-2.73674339056015,2.5,-9.43025350570679));
#7188=CARTESIAN_POINT('Origin',(-2.73674204945564,2.5,-10.7917809486389));
#7189=CARTESIAN_POINT('',(-2.73674070835114,2.5,-12.153308391571));
#7190=CARTESIAN_POINT('',(-2.73672003065682,2.5,-33.1458918221432));
#7191=CARTESIAN_POINT('',(-2.73674070835114,2.5,-12.153308391571));
#7192=CARTESIAN_POINT('Origin',(-0.523917078971863,2.5,-12.1533066034317));
#7193=CARTESIAN_POINT('',(1.68890655040741,2.5,-12.1533048152924));
#7194=CARTESIAN_POINT('',(-0.261976053292181,2.5,-12.1533063917623));
#7195=CARTESIAN_POINT('',(1.68890655040741,2.5,-12.1533048152924));
#7196=CARTESIAN_POINT('Origin',(1.68890677392483,2.5,-12.6226091384888));
#7197=CARTESIAN_POINT('',(1.68890699744225,2.5,-13.0919134616852));
#7198=CARTESIAN_POINT('',(1.68891698461652,2.5,-34.0613041670484));
#7199=CARTESIAN_POINT('',(1.68890699744225,2.5,-13.0919134616852));
#7200=CARTESIAN_POINT('Origin',(-0.523916408419609,2.5,-13.091915845871));
#7201=CARTESIAN_POINT('',(-2.73673981428146,2.5,-13.0919182300568));
#7202=CARTESIAN_POINT('',(-0.26198105030605,2.5,-13.0919155636512));
#7203=CARTESIAN_POINT('',(-2.73673981428146,2.5,-13.0919182300568));
#7204=CARTESIAN_POINT('Origin',(-2.73673877120018,2.5,-14.3170207738876));
#7205=CARTESIAN_POINT('',(-2.7367377281189,2.5,-15.5421233177185));
#7206=CARTESIAN_POINT('',(-2.73672123911787,2.5,-34.908511551991));
#7207=CARTESIAN_POINT('',(-2.7367377281189,2.5,-15.5421233177185));
#7208=CARTESIAN_POINT('Origin',(-0.373846516013145,2.5,-15.5421221256256));
#7209=CARTESIAN_POINT('',(1.98904469609261,2.5,-15.5421209335327));
#7210=CARTESIAN_POINT('',(-0.186933337502047,2.5,-15.5421220313268));
#7211=CARTESIAN_POINT('',(1.98904469609261,2.5,-15.5421209335327));
#7212=CARTESIAN_POINT('Origin',(1.98904506862164,2.5,-16.0141515731812));
#7213=CARTESIAN_POINT('',(1.98904544115067,2.5,-16.4861822128296));
#7214=CARTESIAN_POINT('',(1.98906064983924,2.5,-35.7570750016959));
#7215=CARTESIAN_POINT('',(1.98904544115067,2.5,-16.4861822128296));
#7216=CARTESIAN_POINT('Origin',(-0.903177708387375,2.5,-16.4861845970154));
#7217=CARTESIAN_POINT('',(-3.79540085792542,2.5,-16.4861869812012));
#7218=CARTESIAN_POINT('',(-0.451604934589512,2.5,-16.4861842247642));
#7219=CARTESIAN_POINT('',(-3.79540085792542,2.5,-16.4861869812012));
#7220=CARTESIAN_POINT('Origin',(-3.7954044342041,2.5,-12.486187517643));
#7221=CARTESIAN_POINT('',(-3.79538520552741,2.5,-33.9930954554825));
#7222=CARTESIAN_POINT('Origin',(0.,3.5,-55.5));
#7223=CARTESIAN_POINT('',(-0.788597166538239,3.5,3.28461766242981));
#7224=CARTESIAN_POINT('',(-0.59214323759079,3.5,3.9994877576828));
#7225=CARTESIAN_POINT('Ctrl Pts',(-0.788597166538239,3.5,3.28461766242981));
#7226=CARTESIAN_POINT('Ctrl Pts',(-0.771861335638938,3.5,3.40821053818039));
#7227=CARTESIAN_POINT('Ctrl Pts',(-0.738402342976731,3.5,3.6553027290445));
#7228=CARTESIAN_POINT('Ctrl Pts',(-0.640883964382763,3.5,3.88478837946303));
#7229=CARTESIAN_POINT('Ctrl Pts',(-0.59214323759079,3.5,3.9994877576828));
#7230=CARTESIAN_POINT('',(0.433776676654816,3.5,3.99948835372925));
#7231=CARTESIAN_POINT('',(-0.59214323759079,3.5,3.9994877576828));
#7232=CARTESIAN_POINT('',(-4.73402380943298,3.5,-0.142400115728378));
#7233=CARTESIAN_POINT('Ctrl Pts',(0.433776676654816,3.5,3.99948835372925));
#7234=CARTESIAN_POINT('Ctrl Pts',(0.245092536611909,3.5,3.62275650590767));
#7235=CARTESIAN_POINT('Ctrl Pts',(0.0772876257726132,3.5,2.8251269174515));
#7236=CARTESIAN_POINT('Ctrl Pts',(0.14887689033701,3.5,1.60639315523711));
#7237=CARTESIAN_POINT('Ctrl Pts',(0.0941446225941096,3.5,0.466120886837475));
#7238=CARTESIAN_POINT('Ctrl Pts',(0.163258225045944,3.5,-0.542690255301067));
#7239=CARTESIAN_POINT('Ctrl Pts',(-0.185054733725018,3.5,-1.40331252707719));
#7240=CARTESIAN_POINT('Ctrl Pts',(-1.1520748566745,3.5,-1.91841749925928));
#7241=CARTESIAN_POINT('Ctrl Pts',(-2.40990164815687,3.5,-1.96802531038819));
#7242=CARTESIAN_POINT('Ctrl Pts',(-4.09892320904905,3.5,-1.67944501461715));
#7243=CARTESIAN_POINT('Ctrl Pts',(-4.59620613761154,3.5,-0.681270498045055));
#7244=CARTESIAN_POINT('Ctrl Pts',(-4.73402380943298,3.5,-0.142400115728378));
#7245=CARTESIAN_POINT('',(-3.77358764410019,3.5,-0.0114285945892335));
#7246=CARTESIAN_POINT('',(-4.73402380943298,3.5,-0.142400115728378));
#7247=CARTESIAN_POINT('',(-0.870451331138221,3.5,0.32145053146835));
#7248=CARTESIAN_POINT('Ctrl Pts',(-3.77358764410019,3.5,-0.0114285945892335));
#7249=CARTESIAN_POINT('Ctrl Pts',(-3.71588786366066,3.5,-0.207842137601867));
#7250=CARTESIAN_POINT('Ctrl Pts',(-3.61971708570573,3.5,-0.532680351562381));
#7251=CARTESIAN_POINT('Ctrl Pts',(-3.22875596371755,3.5,-0.983876691073258));
#7252=CARTESIAN_POINT('Ctrl Pts',(-2.66636298347814,3.5,-1.10704084859942));
#7253=CARTESIAN_POINT('Ctrl Pts',(-1.94736783070251,3.5,-1.13124054567453));
#7254=CARTESIAN_POINT('Ctrl Pts',(-1.1305820376785,3.5,-0.965844724450441));
#7255=CARTESIAN_POINT('Ctrl Pts',(-0.835414657138582,3.5,-0.233570704169321));
#7256=CARTESIAN_POINT('Ctrl Pts',(-0.865460080532987,3.5,0.137950971599308));
#7257=CARTESIAN_POINT('Ctrl Pts',(-0.870451331138221,3.5,0.32145053146835));
#7258=CARTESIAN_POINT('Ctrl Pts',(-0.870451331138611,3.5,0.321450531482697));
#7259=CARTESIAN_POINT('Ctrl Pts',(-1.3026129742281,3.5,0.438965339349182));
#7260=CARTESIAN_POINT('Ctrl Pts',(-2.15695490929032,3.5,0.679204575530554));
#7261=CARTESIAN_POINT('Ctrl Pts',(-3.69407457449983,3.5,0.669283005321907));
#7262=CARTESIAN_POINT('Ctrl Pts',(-5.20338880137672,3.5,1.81908369731244));
#7263=CARTESIAN_POINT('Ctrl Pts',(-4.63925506471353,3.5,4.00489279022568));
#7264=CARTESIAN_POINT('Ctrl Pts',(-2.42868685236733,3.5,4.31205019136448));
#7265=CARTESIAN_POINT('Ctrl Pts',(-1.31344420228921,3.5,3.70492149205022));
#7266=CARTESIAN_POINT('Ctrl Pts',(-0.788597166538239,3.5,3.28461766242981));
#7267=CARTESIAN_POINT('',(-0.870451629161835,3.5,1.09089285135269));
#7268=CARTESIAN_POINT('Ctrl Pts',(-0.870451629161835,3.5,1.09089285135269));
#7269=CARTESIAN_POINT('Ctrl Pts',(-0.867841101429386,3.5,1.70637683633004));
#7270=CARTESIAN_POINT('Ctrl Pts',(-0.890528195417263,3.5,2.77728006163782));
#7271=CARTESIAN_POINT('Ctrl Pts',(-2.16852542949959,3.5,3.36438690255543));
#7272=CARTESIAN_POINT('Ctrl Pts',(-3.04366783416222,3.5,3.41005185877424));
#7273=CARTESIAN_POINT('Ctrl Pts',(-3.773408797472,3.5,3.01907546691689));
#7274=CARTESIAN_POINT('Ctrl Pts',(-3.9347524013973,3.5,2.30402722860161));
#7275=CARTESIAN_POINT('Ctrl Pts',(-3.57438134140886,3.5,1.69611344042772));
#7276=CARTESIAN_POINT('Ctrl Pts',(-2.77584530551299,3.5,1.48568986669496));
#7277=CARTESIAN_POINT('Ctrl Pts',(-1.87570806365886,3.5,1.40135595051467));
#7278=CARTESIAN_POINT('Ctrl Pts',(-1.20057519041322,3.5,1.20004565197898));
#7279=CARTESIAN_POINT('Ctrl Pts',(-0.870451629161835,3.5,1.09089285135269));
#7280=CARTESIAN_POINT('Ctrl Pts',(-0.788597166538239,2.5,3.28461766242981));
#7281=CARTESIAN_POINT('Ctrl Pts',(-0.788597166538239,3.5,3.28461766242981));
#7282=CARTESIAN_POINT('Ctrl Pts',(-0.771861335638938,2.5,3.40821053818039));
#7283=CARTESIAN_POINT('Ctrl Pts',(-0.771861335638938,3.5,3.40821053818039));
#7284=CARTESIAN_POINT('Ctrl Pts',(-0.738402342976731,2.5,3.6553027290445));
#7285=CARTESIAN_POINT('Ctrl Pts',(-0.738402342976731,3.5,3.6553027290445));
#7286=CARTESIAN_POINT('Ctrl Pts',(-0.640883964382763,2.5,3.88478837946303));
#7287=CARTESIAN_POINT('Ctrl Pts',(-0.640883964382763,3.5,3.88478837946303));
#7288=CARTESIAN_POINT('Ctrl Pts',(-0.59214323759079,2.5,3.9994877576828));
#7289=CARTESIAN_POINT('Ctrl Pts',(-0.59214323759079,3.5,3.9994877576828));
#7290=CARTESIAN_POINT('',(-0.59214323759079,2.5,3.9994877576828));
#7291=CARTESIAN_POINT('',(-0.788597166538239,2.5,3.28461766242981));
#7292=CARTESIAN_POINT('Ctrl Pts',(-0.59214323759079,2.5,3.9994877576828));
#7293=CARTESIAN_POINT('Ctrl Pts',(-0.640883964382763,2.5,3.88478837946303));
#7294=CARTESIAN_POINT('Ctrl Pts',(-0.738402342976731,2.5,3.6553027290445));
#7295=CARTESIAN_POINT('Ctrl Pts',(-0.771861335638938,2.5,3.40821053818039));
#7296=CARTESIAN_POINT('Ctrl Pts',(-0.788597166538239,2.5,3.28461766242981));
#7297=CARTESIAN_POINT('',(-0.59214323759079,2.5,3.9994877576828));
#7298=CARTESIAN_POINT('',(-0.788597166538239,2.5,3.28461766242981));
#7299=CARTESIAN_POINT('Origin',(-0.0791832804679871,2.5,3.99948805570602));
#7300=CARTESIAN_POINT('',(0.433776676654816,2.5,3.99948835372925));
#7301=CARTESIAN_POINT('',(-0.0396089244576614,2.5,3.99948807869823));
#7302=CARTESIAN_POINT('',(0.433776676654816,2.5,3.99948835372925));
#7303=CARTESIAN_POINT('Ctrl Pts',(0.433776676654816,2.5,3.99948835372925));
#7304=CARTESIAN_POINT('Ctrl Pts',(0.433776676654816,3.5,3.99948835372925));
#7305=CARTESIAN_POINT('Ctrl Pts',(0.245092536611909,2.5,3.62275650590767));
#7306=CARTESIAN_POINT('Ctrl Pts',(0.245092536611909,3.5,3.62275650590767));
#7307=CARTESIAN_POINT('Ctrl Pts',(0.0772876257726132,2.5,2.8251269174515));
#7308=CARTESIAN_POINT('Ctrl Pts',(0.0772876257726132,3.5,2.8251269174515));
#7309=CARTESIAN_POINT('Ctrl Pts',(0.14887689033701,2.5,1.60639315523711));
#7310=CARTESIAN_POINT('Ctrl Pts',(0.14887689033701,3.5,1.60639315523711));
#7311=CARTESIAN_POINT('Ctrl Pts',(0.0941446225941096,2.5,0.466120886837476));
#7312=CARTESIAN_POINT('Ctrl Pts',(0.0941446225941096,3.5,0.466120886837475));
#7313=CARTESIAN_POINT('Ctrl Pts',(0.163258225045944,2.5,-0.542690255301067));
#7314=CARTESIAN_POINT('Ctrl Pts',(0.163258225045944,3.5,-0.542690255301067));
#7315=CARTESIAN_POINT('Ctrl Pts',(-0.185054733725018,2.5,-1.40331252707719));
#7316=CARTESIAN_POINT('Ctrl Pts',(-0.185054733725018,3.5,-1.40331252707719));
#7317=CARTESIAN_POINT('Ctrl Pts',(-1.1520748566745,2.5,-1.91841749925928));
#7318=CARTESIAN_POINT('Ctrl Pts',(-1.1520748566745,3.5,-1.91841749925928));
#7319=CARTESIAN_POINT('Ctrl Pts',(-2.40990164815687,2.5,-1.96802531038819));
#7320=CARTESIAN_POINT('Ctrl Pts',(-2.40990164815687,3.5,-1.96802531038819));
#7321=CARTESIAN_POINT('Ctrl Pts',(-4.09892320904905,2.5,-1.67944501461715));
#7322=CARTESIAN_POINT('Ctrl Pts',(-4.09892320904905,3.5,-1.67944501461715));
#7323=CARTESIAN_POINT('Ctrl Pts',(-4.59620613761154,2.5,-0.681270498045055));
#7324=CARTESIAN_POINT('Ctrl Pts',(-4.59620613761154,3.5,-0.681270498045055));
#7325=CARTESIAN_POINT('Ctrl Pts',(-4.73402380943298,2.5,-0.142400115728378));
#7326=CARTESIAN_POINT('Ctrl Pts',(-4.73402380943298,3.5,-0.142400115728378));
#7327=CARTESIAN_POINT('',(-4.73402380943298,2.5,-0.142400115728378));
#7328=CARTESIAN_POINT('Ctrl Pts',(-4.73402380943298,2.5,-0.142400115728378));
#7329=CARTESIAN_POINT('Ctrl Pts',(-4.59620613761154,2.5,-0.681270498045055));
#7330=CARTESIAN_POINT('Ctrl Pts',(-4.09892320904905,2.5,-1.67944501461715));
#7331=CARTESIAN_POINT('Ctrl Pts',(-2.40990164815687,2.5,-1.96802531038819));
#7332=CARTESIAN_POINT('Ctrl Pts',(-1.1520748566745,2.5,-1.91841749925928));
#7333=CARTESIAN_POINT('Ctrl Pts',(-0.185054733725018,2.5,-1.40331252707719));
#7334=CARTESIAN_POINT('Ctrl Pts',(0.163258225045944,2.5,-0.542690255301067));
#7335=CARTESIAN_POINT('Ctrl Pts',(0.0941446225941096,2.5,0.466120886837476));
#7336=CARTESIAN_POINT('Ctrl Pts',(0.14887689033701,2.5,1.60639315523711));
#7337=CARTESIAN_POINT('Ctrl Pts',(0.0772876257726132,2.5,2.8251269174515));
#7338=CARTESIAN_POINT('Ctrl Pts',(0.245092536611909,2.5,3.62275650590767));
#7339=CARTESIAN_POINT('Ctrl Pts',(0.433776676654816,2.5,3.99948835372925));
#7340=CARTESIAN_POINT('',(-4.73402380943298,2.5,-0.142400115728378));
#7341=CARTESIAN_POINT('Origin',(-4.25380572676659,2.5,-0.0769143551588059));
#7342=CARTESIAN_POINT('',(-3.77358764410019,2.5,-0.0114285945892334));
#7343=CARTESIAN_POINT('',(-5.87567473770296,2.5,-0.298083298101695));
#7344=CARTESIAN_POINT('',(-3.77358764410019,2.5,-0.0114285945892334));
#7345=CARTESIAN_POINT('Ctrl Pts',(-3.77358764410019,2.5,-0.0114285945892334));
#7346=CARTESIAN_POINT('Ctrl Pts',(-3.77358764410019,3.5,-0.0114285945892335));
#7347=CARTESIAN_POINT('Ctrl Pts',(-3.71588786366066,2.5,-0.207842137601867));
#7348=CARTESIAN_POINT('Ctrl Pts',(-3.71588786366066,3.5,-0.207842137601867));
#7349=CARTESIAN_POINT('Ctrl Pts',(-3.61971708570573,2.5,-0.532680351562381));
#7350=CARTESIAN_POINT('Ctrl Pts',(-3.61971708570573,3.5,-0.532680351562381));
#7351=CARTESIAN_POINT('Ctrl Pts',(-3.22875596371755,2.5,-0.983876691073258));
#7352=CARTESIAN_POINT('Ctrl Pts',(-3.22875596371755,3.5,-0.983876691073258));
#7353=CARTESIAN_POINT('Ctrl Pts',(-2.66636298347814,2.5,-1.10704084859942));
#7354=CARTESIAN_POINT('Ctrl Pts',(-2.66636298347814,3.5,-1.10704084859942));
#7355=CARTESIAN_POINT('Ctrl Pts',(-1.94736783070251,2.5,-1.13124054567453));
#7356=CARTESIAN_POINT('Ctrl Pts',(-1.94736783070251,3.5,-1.13124054567453));
#7357=CARTESIAN_POINT('Ctrl Pts',(-1.1305820376785,2.5,-0.965844724450441));
#7358=CARTESIAN_POINT('Ctrl Pts',(-1.1305820376785,3.5,-0.965844724450441));
#7359=CARTESIAN_POINT('Ctrl Pts',(-0.835414657138582,2.5,-0.233570704169321));
#7360=CARTESIAN_POINT('Ctrl Pts',(-0.835414657138582,3.5,-0.233570704169321));
#7361=CARTESIAN_POINT('Ctrl Pts',(-0.865460080532987,2.5,0.137950971599308));
#7362=CARTESIAN_POINT('Ctrl Pts',(-0.865460080532987,3.5,0.137950971599308));
#7363=CARTESIAN_POINT('Ctrl Pts',(-0.870451331138221,2.5,0.321450531468351));
#7364=CARTESIAN_POINT('Ctrl Pts',(-0.870451331138221,3.5,0.32145053146835));
#7365=CARTESIAN_POINT('',(-0.870451331138221,2.5,0.321450531468351));
#7366=CARTESIAN_POINT('Ctrl Pts',(-0.870451331138221,2.5,0.321450531468351));
#7367=CARTESIAN_POINT('Ctrl Pts',(-0.865460080532987,2.5,0.137950971599308));
#7368=CARTESIAN_POINT('Ctrl Pts',(-0.835414657138582,2.5,-0.233570704169321));
#7369=CARTESIAN_POINT('Ctrl Pts',(-1.1305820376785,2.5,-0.965844724450441));
#7370=CARTESIAN_POINT('Ctrl Pts',(-1.94736783070251,2.5,-1.13124054567453));
#7371=CARTESIAN_POINT('Ctrl Pts',(-2.66636298347814,2.5,-1.10704084859942));
#7372=CARTESIAN_POINT('Ctrl Pts',(-3.22875596371755,2.5,-0.983876691073258));
#7373=CARTESIAN_POINT('Ctrl Pts',(-3.61971708570573,2.5,-0.532680351562381));
#7374=CARTESIAN_POINT('Ctrl Pts',(-3.71588786366066,2.5,-0.207842137601867));
#7375=CARTESIAN_POINT('Ctrl Pts',(-3.77358764410019,2.5,-0.0114285945892334));
#7376=CARTESIAN_POINT('',(-0.870451331138221,2.5,0.321450531468351));
#7377=CARTESIAN_POINT('Ctrl Pts',(-0.870451331138611,2.5,0.321450531482697));
#7378=CARTESIAN_POINT('Ctrl Pts',(-0.870451331138611,3.5,0.321450531482697));
#7379=CARTESIAN_POINT('Ctrl Pts',(-1.3026129742281,2.5,0.438965339349182));
#7380=CARTESIAN_POINT('Ctrl Pts',(-1.3026129742281,3.5,0.438965339349182));
#7381=CARTESIAN_POINT('Ctrl Pts',(-2.15695490929032,2.5,0.679204575530554));
#7382=CARTESIAN_POINT('Ctrl Pts',(-2.15695490929032,3.5,0.679204575530554));
#7383=CARTESIAN_POINT('Ctrl Pts',(-3.69407457449983,2.5,0.669283005321907));
#7384=CARTESIAN_POINT('Ctrl Pts',(-3.69407457449983,3.5,0.669283005321907));
#7385=CARTESIAN_POINT('Ctrl Pts',(-5.20338880137672,2.5,1.81908369731244));
#7386=CARTESIAN_POINT('Ctrl Pts',(-5.20338880137672,3.5,1.81908369731244));
#7387=CARTESIAN_POINT('Ctrl Pts',(-4.63925506471353,2.5,4.00489279022568));
#7388=CARTESIAN_POINT('Ctrl Pts',(-4.63925506471353,3.5,4.00489279022568));
#7389=CARTESIAN_POINT('Ctrl Pts',(-2.42868685236733,2.5,4.31205019136448));
#7390=CARTESIAN_POINT('Ctrl Pts',(-2.42868685236733,3.5,4.31205019136448));
#7391=CARTESIAN_POINT('Ctrl Pts',(-1.31344420228921,2.5,3.70492149205022));
#7392=CARTESIAN_POINT('Ctrl Pts',(-1.31344420228921,3.5,3.70492149205022));
#7393=CARTESIAN_POINT('Ctrl Pts',(-0.788597166538239,2.5,3.28461766242981));
#7394=CARTESIAN_POINT('Ctrl Pts',(-0.788597166538239,3.5,3.28461766242981));
#7395=CARTESIAN_POINT('Ctrl Pts',(-0.788597166538239,2.5,3.28461766242981));
#7396=CARTESIAN_POINT('Ctrl Pts',(-1.31344420228921,2.5,3.70492149205022));
#7397=CARTESIAN_POINT('Ctrl Pts',(-2.42868685236733,2.5,4.31205019136448));
#7398=CARTESIAN_POINT('Ctrl Pts',(-4.63925506471353,2.5,4.00489279022568));
#7399=CARTESIAN_POINT('Ctrl Pts',(-5.20338880137672,2.5,1.81908369731244));
#7400=CARTESIAN_POINT('Ctrl Pts',(-3.69407457449983,2.5,0.669283005321907));
#7401=CARTESIAN_POINT('Ctrl Pts',(-2.15695490929032,2.5,0.679204575530554));
#7402=CARTESIAN_POINT('Ctrl Pts',(-1.3026129742281,2.5,0.438965339349182));
#7403=CARTESIAN_POINT('Ctrl Pts',(-0.870451331138611,2.5,0.321450531482697));
#7404=CARTESIAN_POINT('Ctrl Pts',(-0.870451629161835,2.5,1.09089285135269));
#7405=CARTESIAN_POINT('Ctrl Pts',(-0.870451629161835,5.,1.09089285135269));
#7406=CARTESIAN_POINT('Ctrl Pts',(-0.867841101429386,2.5,1.70637683633004));
#7407=CARTESIAN_POINT('Ctrl Pts',(-0.867841101429386,5.,1.70637683633004));
#7408=CARTESIAN_POINT('Ctrl Pts',(-0.890528195417263,2.5,2.77728006163782));
#7409=CARTESIAN_POINT('Ctrl Pts',(-0.890528195417263,5.,2.77728006163782));
#7410=CARTESIAN_POINT('Ctrl Pts',(-2.16852542949959,2.5,3.36438690255543));
#7411=CARTESIAN_POINT('Ctrl Pts',(-2.16852542949959,5.,3.36438690255543));
#7412=CARTESIAN_POINT('Ctrl Pts',(-3.04366783416222,2.5,3.41005185877424));
#7413=CARTESIAN_POINT('Ctrl Pts',(-3.04366783416222,5.,3.41005185877424));
#7414=CARTESIAN_POINT('Ctrl Pts',(-3.773408797472,2.5,3.01907546691689));
#7415=CARTESIAN_POINT('Ctrl Pts',(-3.773408797472,5.,3.01907546691689));
#7416=CARTESIAN_POINT('Ctrl Pts',(-3.9347524013973,2.5,2.30402722860161));
#7417=CARTESIAN_POINT('Ctrl Pts',(-3.9347524013973,5.,2.30402722860161));
#7418=CARTESIAN_POINT('Ctrl Pts',(-3.57438134140886,2.5,1.69611344042772));
#7419=CARTESIAN_POINT('Ctrl Pts',(-3.57438134140886,5.,1.69611344042772));
#7420=CARTESIAN_POINT('Ctrl Pts',(-2.77584530551299,2.5,1.48568986669496));
#7421=CARTESIAN_POINT('Ctrl Pts',(-2.77584530551299,5.,1.48568986669496));
#7422=CARTESIAN_POINT('Ctrl Pts',(-1.87570806365886,2.5,1.40135595051467));
#7423=CARTESIAN_POINT('Ctrl Pts',(-1.87570806365886,5.,1.40135595051467));
#7424=CARTESIAN_POINT('Ctrl Pts',(-1.20057519041322,2.5,1.20004565197898));
#7425=CARTESIAN_POINT('Ctrl Pts',(-1.20057519041322,5.,1.20004565197898));
#7426=CARTESIAN_POINT('Ctrl Pts',(-0.870451629161835,2.5,1.09089285135269));
#7427=CARTESIAN_POINT('Ctrl Pts',(-0.870451629161835,5.,1.09089285135269));
#7428=CARTESIAN_POINT('',(-0.870451629161835,2.5,1.09089285135269));
#7429=CARTESIAN_POINT('Ctrl Pts',(-0.870451629161835,2.5,1.09089285135269));
#7430=CARTESIAN_POINT('Ctrl Pts',(-1.20057519041322,2.5,1.20004565197898));
#7431=CARTESIAN_POINT('Ctrl Pts',(-1.87570806365886,2.5,1.40135595051467));
#7432=CARTESIAN_POINT('Ctrl Pts',(-2.77584530551299,2.5,1.48568986669496));
#7433=CARTESIAN_POINT('Ctrl Pts',(-3.57438134140886,2.5,1.69611344042772));
#7434=CARTESIAN_POINT('Ctrl Pts',(-3.9347524013973,2.5,2.30402722860161));
#7435=CARTESIAN_POINT('Ctrl Pts',(-3.773408797472,2.5,3.01907546691689));
#7436=CARTESIAN_POINT('Ctrl Pts',(-3.04366783416222,2.5,3.41005185877424));
#7437=CARTESIAN_POINT('Ctrl Pts',(-2.16852542949959,2.5,3.36438690255543));
#7438=CARTESIAN_POINT('Ctrl Pts',(-0.890528195417263,2.5,2.77728006163782));
#7439=CARTESIAN_POINT('Ctrl Pts',(-0.867841101429386,2.5,1.70637683633004));
#7440=CARTESIAN_POINT('Ctrl Pts',(-0.870451629161835,2.5,1.09089285135269));
#7441=CARTESIAN_POINT('',(-0.870451629161835,2.5,1.09089285135269));
#7442=CARTESIAN_POINT('Origin',(0.,2.5,-55.5));
#7443=CARTESIAN_POINT('Origin',(0.,3.5,-55.5));
#7444=CARTESIAN_POINT('',(5.42695462703705,3.5,1.87670826911926));
#7445=CARTESIAN_POINT('',(5.34510254859924,3.5,0.0540624558925628));
#7446=CARTESIAN_POINT('Ctrl Pts',(5.42695462703705,3.5,1.87670826911926));
#7447=CARTESIAN_POINT('Ctrl Pts',(5.32746179984843,3.5,2.41264953821642));
#7448=CARTESIAN_POINT('Ctrl Pts',(4.87504169740748,3.5,3.44126341927611));
#7449=CARTESIAN_POINT('Ctrl Pts',(2.9087440283322,3.5,3.34143391855289));
#7450=CARTESIAN_POINT('Ctrl Pts',(2.28888230531963,3.5,1.77450698079727));
#7451=CARTESIAN_POINT('Ctrl Pts',(2.32719217241653,3.5,0.368644421721044));
#7452=CARTESIAN_POINT('Ctrl Pts',(2.81801087046096,3.5,-0.795331391342038));
#7453=CARTESIAN_POINT('Ctrl Pts',(3.85437249405554,3.5,-1.23040558650885));
#7454=CARTESIAN_POINT('Ctrl Pts',(4.9581128139567,3.5,-0.971770939776023));
#7455=CARTESIAN_POINT('Ctrl Pts',(5.2492994863215,3.5,-0.279996128120189));
#7456=CARTESIAN_POINT('Ctrl Pts',(5.34510254859924,3.5,0.0540624558925618));
#7457=CARTESIAN_POINT('',(6.30008101463318,3.5,-0.0932765007019044));
#7458=CARTESIAN_POINT('',(5.34510254859924,3.5,0.0540624558925628));
#7459=CARTESIAN_POINT('',(6.3928484916687,3.5,2.00222194194794));
#7460=CARTESIAN_POINT('Ctrl Pts',(6.30008101463318,3.5,-0.093276500701905));
#7461=CARTESIAN_POINT('Ctrl Pts',(6.15971734393835,3.5,-0.620543545644537));
#7462=CARTESIAN_POINT('Ctrl Pts',(5.68211684254334,3.5,-1.66892698267103));
#7463=CARTESIAN_POINT('Ctrl Pts',(4.0294551305369,3.5,-2.03914521560891));
#7464=CARTESIAN_POINT('Ctrl Pts',(2.52922256165449,3.5,-1.71639408155879));
#7465=CARTESIAN_POINT('Ctrl Pts',(1.49504952941833,3.5,-0.545502028934819));
#7466=CARTESIAN_POINT('Ctrl Pts',(1.29878093637321,3.5,0.989252109248066));
#7467=CARTESIAN_POINT('Ctrl Pts',(1.41273511941971,3.5,2.55452354567225));
#7468=CARTESIAN_POINT('Ctrl Pts',(2.40804132982635,3.5,3.88157393505252));
#7469=CARTESIAN_POINT('Ctrl Pts',(4.04274645398816,3.5,4.28619462274534));
#7470=CARTESIAN_POINT('Ctrl Pts',(5.80753866518745,3.5,3.75018102498522));
#7471=CARTESIAN_POINT('Ctrl Pts',(6.26041163255506,3.5,2.5791599520427));
#7472=CARTESIAN_POINT('Ctrl Pts',(6.3928484916687,3.5,2.00222194194794));
#7473=CARTESIAN_POINT('',(6.3928484916687,3.5,2.00222194194794));
#7474=CARTESIAN_POINT('Ctrl Pts',(5.42695462703705,2.5,1.87670826911926));
#7475=CARTESIAN_POINT('Ctrl Pts',(5.42695462703705,3.5,1.87670826911926));
#7476=CARTESIAN_POINT('Ctrl Pts',(5.32746179984843,2.5,2.41264953821642));
#7477=CARTESIAN_POINT('Ctrl Pts',(5.32746179984843,3.5,2.41264953821642));
#7478=CARTESIAN_POINT('Ctrl Pts',(4.87504169740748,2.5,3.44126341927611));
#7479=CARTESIAN_POINT('Ctrl Pts',(4.87504169740748,3.5,3.44126341927611));
#7480=CARTESIAN_POINT('Ctrl Pts',(2.9087440283322,2.5,3.34143391855289));
#7481=CARTESIAN_POINT('Ctrl Pts',(2.9087440283322,3.5,3.34143391855289));
#7482=CARTESIAN_POINT('Ctrl Pts',(2.28888230531963,2.5,1.77450698079727));
#7483=CARTESIAN_POINT('Ctrl Pts',(2.28888230531963,3.5,1.77450698079727));
#7484=CARTESIAN_POINT('Ctrl Pts',(2.32719217241653,2.5,0.368644421721044));
#7485=CARTESIAN_POINT('Ctrl Pts',(2.32719217241653,3.5,0.368644421721044));
#7486=CARTESIAN_POINT('Ctrl Pts',(2.81801087046096,2.5,-0.795331391342038));
#7487=CARTESIAN_POINT('Ctrl Pts',(2.81801087046096,3.5,-0.795331391342038));
#7488=CARTESIAN_POINT('Ctrl Pts',(3.85437249405554,2.5,-1.23040558650885));
#7489=CARTESIAN_POINT('Ctrl Pts',(3.85437249405554,3.5,-1.23040558650885));
#7490=CARTESIAN_POINT('Ctrl Pts',(4.9581128139567,2.5,-0.971770939776023));
#7491=CARTESIAN_POINT('Ctrl Pts',(4.9581128139567,3.5,-0.971770939776023));
#7492=CARTESIAN_POINT('Ctrl Pts',(5.2492994863215,2.5,-0.279996128120189));
#7493=CARTESIAN_POINT('Ctrl Pts',(5.2492994863215,3.5,-0.279996128120189));
#7494=CARTESIAN_POINT('Ctrl Pts',(5.34510254859924,2.5,0.0540624558925619));
#7495=CARTESIAN_POINT('Ctrl Pts',(5.34510254859924,3.5,0.0540624558925618));
#7496=CARTESIAN_POINT('',(5.34510254859924,2.5,0.0540624558925629));
#7497=CARTESIAN_POINT('',(5.42695462703705,2.5,1.87670826911926));
#7498=CARTESIAN_POINT('Ctrl Pts',(5.34510254859924,2.5,0.0540624558925619));
#7499=CARTESIAN_POINT('Ctrl Pts',(5.2492994863215,2.5,-0.279996128120189));
#7500=CARTESIAN_POINT('Ctrl Pts',(4.9581128139567,2.5,-0.971770939776023));
#7501=CARTESIAN_POINT('Ctrl Pts',(3.85437249405554,2.5,-1.23040558650885));
#7502=CARTESIAN_POINT('Ctrl Pts',(2.81801087046096,2.5,-0.795331391342038));
#7503=CARTESIAN_POINT('Ctrl Pts',(2.32719217241653,2.5,0.368644421721044));
#7504=CARTESIAN_POINT('Ctrl Pts',(2.28888230531963,2.5,1.77450698079727));
#7505=CARTESIAN_POINT('Ctrl Pts',(2.9087440283322,2.5,3.34143391855289));
#7506=CARTESIAN_POINT('Ctrl Pts',(4.87504169740748,2.5,3.44126341927611));
#7507=CARTESIAN_POINT('Ctrl Pts',(5.32746179984843,2.5,2.41264953821642));
#7508=CARTESIAN_POINT('Ctrl Pts',(5.42695462703705,2.5,1.87670826911926));
#7509=CARTESIAN_POINT('',(5.34510254859924,2.5,0.0540624558925629));
#7510=CARTESIAN_POINT('',(5.42695462703705,2.5,1.87670826911926));
#7511=CARTESIAN_POINT('Origin',(5.82259178161621,2.5,-0.0196070224046708));
#7512=CARTESIAN_POINT('',(6.30008101463318,2.5,-0.0932765007019043));
#7513=CARTESIAN_POINT('',(7.1593744909739,2.5,-0.225852688244936));
#7514=CARTESIAN_POINT('',(6.30008101463318,2.5,-0.0932765007019043));
#7515=CARTESIAN_POINT('Ctrl Pts',(6.30008101463318,2.5,-0.0932765007019049));
#7516=CARTESIAN_POINT('Ctrl Pts',(6.30008101463318,3.5,-0.093276500701905));
#7517=CARTESIAN_POINT('Ctrl Pts',(6.15971734393835,2.5,-0.620543545644537));
#7518=CARTESIAN_POINT('Ctrl Pts',(6.15971734393835,3.5,-0.620543545644537));
#7519=CARTESIAN_POINT('Ctrl Pts',(5.68211684254334,2.5,-1.66892698267103));
#7520=CARTESIAN_POINT('Ctrl Pts',(5.68211684254334,3.5,-1.66892698267103));
#7521=CARTESIAN_POINT('Ctrl Pts',(4.0294551305369,2.5,-2.03914521560891));
#7522=CARTESIAN_POINT('Ctrl Pts',(4.0294551305369,3.5,-2.03914521560891));
#7523=CARTESIAN_POINT('Ctrl Pts',(2.52922256165449,2.5,-1.71639408155879));
#7524=CARTESIAN_POINT('Ctrl Pts',(2.52922256165449,3.5,-1.71639408155879));
#7525=CARTESIAN_POINT('Ctrl Pts',(1.49504952941833,2.5,-0.545502028934819));
#7526=CARTESIAN_POINT('Ctrl Pts',(1.49504952941833,3.5,-0.545502028934819));
#7527=CARTESIAN_POINT('Ctrl Pts',(1.29878093637321,2.5,0.989252109248066));
#7528=CARTESIAN_POINT('Ctrl Pts',(1.29878093637321,3.5,0.989252109248066));
#7529=CARTESIAN_POINT('Ctrl Pts',(1.41273511941971,2.5,2.55452354567225));
#7530=CARTESIAN_POINT('Ctrl Pts',(1.41273511941971,3.5,2.55452354567225));
#7531=CARTESIAN_POINT('Ctrl Pts',(2.40804132982635,2.5,3.88157393505252));
#7532=CARTESIAN_POINT('Ctrl Pts',(2.40804132982635,3.5,3.88157393505252));
#7533=CARTESIAN_POINT('Ctrl Pts',(4.04274645398816,2.5,4.28619462274534));
#7534=CARTESIAN_POINT('Ctrl Pts',(4.04274645398816,3.5,4.28619462274534));
#7535=CARTESIAN_POINT('Ctrl Pts',(5.80753866518745,2.5,3.75018102498522));
#7536=CARTESIAN_POINT('Ctrl Pts',(5.80753866518745,3.5,3.75018102498522));
#7537=CARTESIAN_POINT('Ctrl Pts',(6.26041163255506,2.5,2.5791599520427));
#7538=CARTESIAN_POINT('Ctrl Pts',(6.26041163255506,3.5,2.5791599520427));
#7539=CARTESIAN_POINT('Ctrl Pts',(6.3928484916687,2.5,2.00222194194794));
#7540=CARTESIAN_POINT('Ctrl Pts',(6.3928484916687,3.5,2.00222194194794));
#7541=CARTESIAN_POINT('',(6.3928484916687,2.5,2.00222194194794));
#7542=CARTESIAN_POINT('Ctrl Pts',(6.3928484916687,2.5,2.00222194194794));
#7543=CARTESIAN_POINT('Ctrl Pts',(6.26041163255506,2.5,2.5791599520427));
#7544=CARTESIAN_POINT('Ctrl Pts',(5.80753866518745,2.5,3.75018102498522));
#7545=CARTESIAN_POINT('Ctrl Pts',(4.04274645398816,2.5,4.28619462274534));
#7546=CARTESIAN_POINT('Ctrl Pts',(2.40804132982635,2.5,3.88157393505252));
#7547=CARTESIAN_POINT('Ctrl Pts',(1.41273511941971,2.5,2.55452354567225));
#7548=CARTESIAN_POINT('Ctrl Pts',(1.29878093637321,2.5,0.989252109248066));
#7549=CARTESIAN_POINT('Ctrl Pts',(1.49504952941833,2.5,-0.545502028934819));
#7550=CARTESIAN_POINT('Ctrl Pts',(2.52922256165449,2.5,-1.71639408155879));
#7551=CARTESIAN_POINT('Ctrl Pts',(4.0294551305369,2.5,-2.03914521560891));
#7552=CARTESIAN_POINT('Ctrl Pts',(5.68211684254334,2.5,-1.66892698267103));
#7553=CARTESIAN_POINT('Ctrl Pts',(6.15971734393835,2.5,-0.620543545644537));
#7554=CARTESIAN_POINT('Ctrl Pts',(6.30008101463318,2.5,-0.0932765007019049));
#7555=CARTESIAN_POINT('',(6.3928484916687,2.5,2.00222194194794));
#7556=CARTESIAN_POINT('Origin',(5.90990155935287,2.5,1.9394651055336));
#7557=CARTESIAN_POINT('',(-0.666012561305523,2.5,1.08495389709504));
#7558=CARTESIAN_POINT('Origin',(0.,3.5,-55.5));
#7559=CARTESIAN_POINT('',(0.717532034272089,3.5,16.4851653575897));
#7560=CARTESIAN_POINT('',(0.717539188560831,3.5,8.45242261886597));
#7561=CARTESIAN_POINT('',(0.717532034272089,3.5,16.4851653575897));
#7562=CARTESIAN_POINT('',(0.0845235586166382,3.5,8.45242202281952));
#7563=CARTESIAN_POINT('',(0.717539191246033,3.5,8.45242261886597));
#7564=CARTESIAN_POINT('',(-2.22925901412964,3.5,10.4606056213379));
#7565=CARTESIAN_POINT('Ctrl Pts',(0.0845235586166382,3.5,8.45242202281952));
#7566=CARTESIAN_POINT('Ctrl Pts',(-0.478154450417949,3.5,9.37398014211184));
#7567=CARTESIAN_POINT('Ctrl Pts',(-1.26779012973783,3.5,9.9682239047913));
#7568=CARTESIAN_POINT('Ctrl Pts',(-2.22925901412964,3.5,10.4606056213379));
#7569=CARTESIAN_POINT('',(-2.22926020622253,3.5,11.4101266860962));
#7570=CARTESIAN_POINT('',(-2.22925901412964,3.5,10.4606056213379));
#7571=CARTESIAN_POINT('',(-0.26472806930542,3.5,10.2259564399719));
#7572=CARTESIAN_POINT('Ctrl Pts',(-2.22926020622253,3.5,11.4101266860962));
#7573=CARTESIAN_POINT('Ctrl Pts',(-1.50839823864783,3.5,11.1117260169253));
#7574=CARTESIAN_POINT('Ctrl Pts',(-0.855606991476554,3.5,10.7359396228671));
#7575=CARTESIAN_POINT('Ctrl Pts',(-0.26472806930542,3.5,10.2259564399719));
#7576=CARTESIAN_POINT('',(-0.264732986688614,3.5,16.4851629734039));
#7577=CARTESIAN_POINT('',(-0.26472806930542,3.5,10.2259564399719));
#7578=CARTESIAN_POINT('',(-0.264732986688614,3.5,16.4851629734039));
#7579=CARTESIAN_POINT('Origin',(0.71753561141646,2.5,12.4687939882278));
#7580=CARTESIAN_POINT('',(0.717539188560831,2.5,8.45242261886597));
#7581=CARTESIAN_POINT('',(0.717532034272089,2.5,16.4851653575897));
#7582=CARTESIAN_POINT('',(0.717565879308069,2.5,-21.5156026863259));
#7583=CARTESIAN_POINT('',(0.717539188560831,2.5,8.45242261886597));
#7584=CARTESIAN_POINT('',(0.717532034272089,2.5,16.4851653575897));
#7585=CARTESIAN_POINT('Origin',(0.401031373588735,2.5,8.45242232084274));
#7586=CARTESIAN_POINT('',(0.0845235586166382,2.5,8.45242202281952));
#7587=CARTESIAN_POINT('',(0.200485578048264,2.5,8.45242213200916));
#7588=CARTESIAN_POINT('',(0.0845235586166382,2.5,8.45242202281952));
#7589=CARTESIAN_POINT('Ctrl Pts',(0.0845235586166382,2.5,8.45242202281952));
#7590=CARTESIAN_POINT('Ctrl Pts',(0.0845235586166382,3.5,8.45242202281952));
#7591=CARTESIAN_POINT('Ctrl Pts',(-0.478154450417949,2.5,9.37398014211184));
#7592=CARTESIAN_POINT('Ctrl Pts',(-0.478154450417949,3.5,9.37398014211184));
#7593=CARTESIAN_POINT('Ctrl Pts',(-1.26779012973783,2.5,9.9682239047913));
#7594=CARTESIAN_POINT('Ctrl Pts',(-1.26779012973783,3.5,9.9682239047913));
#7595=CARTESIAN_POINT('Ctrl Pts',(-2.22925901412964,2.5,10.4606056213379));
#7596=CARTESIAN_POINT('Ctrl Pts',(-2.22925901412964,3.5,10.4606056213379));
#7597=CARTESIAN_POINT('',(-2.22925901412964,2.5,10.4606056213379));
#7598=CARTESIAN_POINT('Ctrl Pts',(-2.22925901412964,2.5,10.4606056213379));
#7599=CARTESIAN_POINT('Ctrl Pts',(-1.26779012973783,2.5,9.9682239047913));
#7600=CARTESIAN_POINT('Ctrl Pts',(-0.478154450417949,2.5,9.37398014211184));
#7601=CARTESIAN_POINT('Ctrl Pts',(0.0845235586166382,2.5,8.45242202281952));
#7602=CARTESIAN_POINT('',(-2.22925901412964,2.5,10.4606056213379));
#7603=CARTESIAN_POINT('Origin',(-2.22925961017609,2.5,10.935366153717));
#7604=CARTESIAN_POINT('',(-2.22926020622253,2.5,11.4101266860962));
#7605=CARTESIAN_POINT('',(-2.22921790645077,2.5,-22.2823183224707));
#7606=CARTESIAN_POINT('',(-2.22926020622253,2.5,11.4101266860962));
#7607=CARTESIAN_POINT('Ctrl Pts',(-2.22926020622253,2.5,11.4101266860962));
#7608=CARTESIAN_POINT('Ctrl Pts',(-2.22926020622253,3.5,11.4101266860962));
#7609=CARTESIAN_POINT('Ctrl Pts',(-1.50839823864783,2.5,11.1117260169253));
#7610=CARTESIAN_POINT('Ctrl Pts',(-1.50839823864783,3.5,11.1117260169253));
#7611=CARTESIAN_POINT('Ctrl Pts',(-0.855606991476554,2.5,10.7359396228671));
#7612=CARTESIAN_POINT('Ctrl Pts',(-0.855606991476554,3.5,10.7359396228671));
#7613=CARTESIAN_POINT('Ctrl Pts',(-0.26472806930542,2.5,10.2259564399719));
#7614=CARTESIAN_POINT('Ctrl Pts',(-0.26472806930542,3.5,10.2259564399719));
#7615=CARTESIAN_POINT('',(-0.26472806930542,2.5,10.2259564399719));
#7616=CARTESIAN_POINT('Ctrl Pts',(-0.26472806930542,2.5,10.2259564399719));
#7617=CARTESIAN_POINT('Ctrl Pts',(-0.855606991476554,2.5,10.7359396228671));
#7618=CARTESIAN_POINT('Ctrl Pts',(-1.50839823864783,2.5,11.1117260169253));
#7619=CARTESIAN_POINT('Ctrl Pts',(-2.22926020622253,2.5,11.4101266860962));
#7620=CARTESIAN_POINT('',(-0.26472806930542,2.5,10.2259564399719));
#7621=CARTESIAN_POINT('Origin',(-0.264730527997017,2.5,13.3555597066879));
#7622=CARTESIAN_POINT('',(-0.264732986688614,2.5,16.4851629734039));
#7623=CARTESIAN_POINT('',(-0.264703480705054,2.5,-21.0722202506241));
#7624=CARTESIAN_POINT('',(-0.264732986688614,2.5,16.4851629734039));
#7625=CARTESIAN_POINT('Origin',(0.226399523791737,2.5,16.4851641654968));
#7626=CARTESIAN_POINT('',(0.113112399524298,2.5,16.4851638905226));
#7627=CARTESIAN_POINT('Origin',(0.,3.5,-55.5));
#7628=CARTESIAN_POINT('',(6.86761260032654,3.5,1.10181331634521));
#7629=CARTESIAN_POINT('Ctrl Pts',(6.86761260032654,3.5,1.10181331634521));
#7630=CARTESIAN_POINT('Ctrl Pts',(6.86687302862902,3.5,1.89953477051277));
#7631=CARTESIAN_POINT('Ctrl Pts',(7.23251305853168,3.5,3.49545490170545));
#7632=CARTESIAN_POINT('Ctrl Pts',(9.58456937063765,3.5,4.44781004964834));
#7633=CARTESIAN_POINT('Ctrl Pts',(11.9374936124672,3.5,3.49610414938094));
#7634=CARTESIAN_POINT('Ctrl Pts',(12.4786034189374,3.5,1.11327758548638));
#7635=CARTESIAN_POINT('Ctrl Pts',(11.934292655019,3.5,-1.27302140467714));
#7636=CARTESIAN_POINT('Ctrl Pts',(9.5895588220749,3.5,-2.24928102774205));
#7637=CARTESIAN_POINT('Ctrl Pts',(7.23695048871677,3.5,-1.29087382329986));
#7638=CARTESIAN_POINT('Ctrl Pts',(6.86835217202406,3.5,0.304091862177664));
#7639=CARTESIAN_POINT('Ctrl Pts',(6.86761260032654,3.5,1.10181331634521));
#7640=CARTESIAN_POINT('',(7.87716269493103,3.5,1.1018143594265));
#7641=CARTESIAN_POINT('Ctrl Pts',(7.87716269493103,3.5,1.1018143594265));
#7642=CARTESIAN_POINT('Ctrl Pts',(7.87724543243721,3.5,0.556842769899149));
#7643=CARTESIAN_POINT('Ctrl Pts',(8.01964588209353,3.5,-0.533589302040929));
#7644=CARTESIAN_POINT('Ctrl Pts',(9.58449935204078,3.5,-1.40554198235957));
#7645=CARTESIAN_POINT('Ctrl Pts',(11.1430122977757,3.5,-0.526694888441765));
#7646=CARTESIAN_POINT('Ctrl Pts',(11.3611733676645,3.5,1.10504965400676));
#7647=CARTESIAN_POINT('Ctrl Pts',(11.1393420838705,3.5,2.7401673503114));
#7648=CARTESIAN_POINT('Ctrl Pts',(9.57968680121351,3.5,3.61513430138979));
#7649=CARTESIAN_POINT('Ctrl Pts',(8.01914945705643,3.5,2.73624023512317));
#7650=CARTESIAN_POINT('Ctrl Pts',(7.87707995742485,3.5,1.64678594895385));
#7651=CARTESIAN_POINT('Ctrl Pts',(7.87716269493103,3.5,1.1018143594265));
#7652=CARTESIAN_POINT('Ctrl Pts',(6.86761260032654,2.5,1.10181331634521));
#7653=CARTESIAN_POINT('Ctrl Pts',(6.86761260032654,3.5,1.10181331634521));
#7654=CARTESIAN_POINT('Ctrl Pts',(6.86687302862902,2.5,1.89953477051277));
#7655=CARTESIAN_POINT('Ctrl Pts',(6.86687302862902,3.5,1.89953477051277));
#7656=CARTESIAN_POINT('Ctrl Pts',(7.23251305853168,2.5,3.49545490170545));
#7657=CARTESIAN_POINT('Ctrl Pts',(7.23251305853168,3.5,3.49545490170545));
#7658=CARTESIAN_POINT('Ctrl Pts',(9.58456937063765,2.5,4.44781004964834));
#7659=CARTESIAN_POINT('Ctrl Pts',(9.58456937063765,3.5,4.44781004964834));
#7660=CARTESIAN_POINT('Ctrl Pts',(11.9374936124672,2.5,3.49610414938094));
#7661=CARTESIAN_POINT('Ctrl Pts',(11.9374936124672,3.5,3.49610414938094));
#7662=CARTESIAN_POINT('Ctrl Pts',(12.4786034189374,2.5,1.11327758548638));
#7663=CARTESIAN_POINT('Ctrl Pts',(12.4786034189374,3.5,1.11327758548638));
#7664=CARTESIAN_POINT('Ctrl Pts',(11.934292655019,2.5,-1.27302140467714));
#7665=CARTESIAN_POINT('Ctrl Pts',(11.934292655019,3.5,-1.27302140467714));
#7666=CARTESIAN_POINT('Ctrl Pts',(9.5895588220749,2.5,-2.24928102774205));
#7667=CARTESIAN_POINT('Ctrl Pts',(9.5895588220749,3.5,-2.24928102774205));
#7668=CARTESIAN_POINT('Ctrl Pts',(7.23695048871677,2.5,-1.29087382329986));
#7669=CARTESIAN_POINT('Ctrl Pts',(7.23695048871677,3.5,-1.29087382329986));
#7670=CARTESIAN_POINT('Ctrl Pts',(6.86835217202406,2.5,0.304091862177664));
#7671=CARTESIAN_POINT('Ctrl Pts',(6.86835217202406,3.5,0.304091862177664));
#7672=CARTESIAN_POINT('Ctrl Pts',(6.86761260032654,2.5,1.10181331634521));
#7673=CARTESIAN_POINT('Ctrl Pts',(6.86761260032654,3.5,1.10181331634521));
#7674=CARTESIAN_POINT('',(6.86761260032654,2.5,1.10181331634521));
#7675=CARTESIAN_POINT('Ctrl Pts',(6.86761260032654,2.5,1.10181331634521));
#7676=CARTESIAN_POINT('Ctrl Pts',(6.86835217202406,2.5,0.304091862177664));
#7677=CARTESIAN_POINT('Ctrl Pts',(7.23695048871677,2.5,-1.29087382329986));
#7678=CARTESIAN_POINT('Ctrl Pts',(9.5895588220749,2.5,-2.24928102774205));
#7679=CARTESIAN_POINT('Ctrl Pts',(11.934292655019,2.5,-1.27302140467714));
#7680=CARTESIAN_POINT('Ctrl Pts',(12.4786034189374,2.5,1.11327758548638));
#7681=CARTESIAN_POINT('Ctrl Pts',(11.9374936124672,2.5,3.49610414938094));
#7682=CARTESIAN_POINT('Ctrl Pts',(9.58456937063765,2.5,4.44781004964834));
#7683=CARTESIAN_POINT('Ctrl Pts',(7.23251305853168,2.5,3.49545490170545));
#7684=CARTESIAN_POINT('Ctrl Pts',(6.86687302862902,2.5,1.89953477051277));
#7685=CARTESIAN_POINT('Ctrl Pts',(6.86761260032654,2.5,1.10181331634521));
#7686=CARTESIAN_POINT('',(6.86761260032654,2.5,1.10181331634521));
#7687=CARTESIAN_POINT('Ctrl Pts',(7.87716269493103,2.5,1.1018143594265));
#7688=CARTESIAN_POINT('Ctrl Pts',(7.87716269493103,3.5,1.1018143594265));
#7689=CARTESIAN_POINT('Ctrl Pts',(7.87724543243721,2.5,0.556842769899149));
#7690=CARTESIAN_POINT('Ctrl Pts',(7.87724543243721,3.5,0.556842769899149));
#7691=CARTESIAN_POINT('Ctrl Pts',(8.01964588209353,2.5,-0.533589302040929));
#7692=CARTESIAN_POINT('Ctrl Pts',(8.01964588209353,3.5,-0.533589302040929));
#7693=CARTESIAN_POINT('Ctrl Pts',(9.58449935204078,2.5,-1.40554198235957));
#7694=CARTESIAN_POINT('Ctrl Pts',(9.58449935204078,3.5,-1.40554198235957));
#7695=CARTESIAN_POINT('Ctrl Pts',(11.1430122977757,2.5,-0.526694888441765));
#7696=CARTESIAN_POINT('Ctrl Pts',(11.1430122977757,3.5,-0.526694888441765));
#7697=CARTESIAN_POINT('Ctrl Pts',(11.3611733676645,2.5,1.10504965400676));
#7698=CARTESIAN_POINT('Ctrl Pts',(11.3611733676645,3.5,1.10504965400676));
#7699=CARTESIAN_POINT('Ctrl Pts',(11.1393420838705,2.5,2.7401673503114));
#7700=CARTESIAN_POINT('Ctrl Pts',(11.1393420838705,3.5,2.7401673503114));
#7701=CARTESIAN_POINT('Ctrl Pts',(9.57968680121351,2.5,3.61513430138979));
#7702=CARTESIAN_POINT('Ctrl Pts',(9.57968680121351,3.5,3.61513430138979));
#7703=CARTESIAN_POINT('Ctrl Pts',(8.01914945705643,2.5,2.73624023512317));
#7704=CARTESIAN_POINT('Ctrl Pts',(8.01914945705643,3.5,2.73624023512317));
#7705=CARTESIAN_POINT('Ctrl Pts',(7.87707995742485,2.5,1.64678594895385));
#7706=CARTESIAN_POINT('Ctrl Pts',(7.87707995742485,3.5,1.64678594895385));
#7707=CARTESIAN_POINT('Ctrl Pts',(7.87716269493103,2.5,1.1018143594265));
#7708=CARTESIAN_POINT('Ctrl Pts',(7.87716269493103,3.5,1.1018143594265));
#7709=CARTESIAN_POINT('',(7.87716269493103,2.5,1.1018143594265));
#7710=CARTESIAN_POINT('Ctrl Pts',(7.87716269493103,2.5,1.1018143594265));
#7711=CARTESIAN_POINT('Ctrl Pts',(7.87707995742485,2.5,1.64678594895385));
#7712=CARTESIAN_POINT('Ctrl Pts',(8.01914945705643,2.5,2.73624023512317));
#7713=CARTESIAN_POINT('Ctrl Pts',(9.57968680121351,2.5,3.61513430138979));
#7714=CARTESIAN_POINT('Ctrl Pts',(11.1393420838705,2.5,2.7401673503114));
#7715=CARTESIAN_POINT('Ctrl Pts',(11.3611733676645,2.5,1.10504965400676));
#7716=CARTESIAN_POINT('Ctrl Pts',(11.1430122977757,2.5,-0.526694888441765));
#7717=CARTESIAN_POINT('Ctrl Pts',(9.58449935204078,2.5,-1.40554198235957));
#7718=CARTESIAN_POINT('Ctrl Pts',(8.01964588209353,2.5,-0.533589302040929));
#7719=CARTESIAN_POINT('Ctrl Pts',(7.87724543243721,2.5,0.556842769899149));
#7720=CARTESIAN_POINT('Ctrl Pts',(7.87716269493103,2.5,1.1018143594265));
#7721=CARTESIAN_POINT('',(7.87716269493103,2.5,1.1018143594265));
#7722=CARTESIAN_POINT('Origin',(0.,2.5,-55.5));
#7723=CARTESIAN_POINT('Origin',(0.,3.5,-55.5));
#7724=CARTESIAN_POINT('',(3.2987105846405,3.5,9.53291416168213));
#7725=CARTESIAN_POINT('',(7.21685528755188,3.5,9.53291714191437));
#7726=CARTESIAN_POINT('',(3.2987105846405,3.5,9.53291416168213));
#7727=CARTESIAN_POINT('',(4.4173926115036,3.5,16.4851677417755));
#7728=CARTESIAN_POINT('Ctrl Pts',(7.21685528755188,3.5,9.53291714191437));
#7729=CARTESIAN_POINT('Ctrl Pts',(5.59468388092381,3.5,11.5575741846972));
#7730=CARTESIAN_POINT('Ctrl Pts',(4.6140963622515,3.5,13.8982848332818));
#7731=CARTESIAN_POINT('Ctrl Pts',(4.4173926115036,3.5,16.4851677417755));
#7732=CARTESIAN_POINT('',(5.42694270610809,3.5,16.4851677417755));
#7733=CARTESIAN_POINT('',(4.4173926115036,3.5,16.4851677417755));
#7734=CARTESIAN_POINT('',(8.47742915153503,3.5,9.35283839702606));
#7735=CARTESIAN_POINT('Ctrl Pts',(5.42694270610809,3.5,16.4851677417755));
#7736=CARTESIAN_POINT('Ctrl Pts',(5.67320793664057,3.5,13.8194263916411));
#7737=CARTESIAN_POINT('Ctrl Pts',(6.75495487523206,3.5,11.4025444376542));
#7738=CARTESIAN_POINT('Ctrl Pts',(8.47742915153503,3.5,9.35283839702606));
#7739=CARTESIAN_POINT('',(8.47742915153503,3.5,8.5888546705246));
#7740=CARTESIAN_POINT('',(8.47742915153503,3.5,9.35283839702606));
#7741=CARTESIAN_POINT('',(3.2987105846405,3.5,8.58885049819946));
#7742=CARTESIAN_POINT('',(8.47742915153503,3.5,8.5888546705246));
#7743=CARTESIAN_POINT('',(3.2987105846405,3.5,8.58885049819946));
#7744=CARTESIAN_POINT('Origin',(5.25778293609619,2.5,9.53291565179825));
#7745=CARTESIAN_POINT('',(7.21685528755188,2.5,9.53291714191437));
#7746=CARTESIAN_POINT('',(3.2987105846405,2.5,9.53291416168213));
#7747=CARTESIAN_POINT('',(2.62886673527346,2.5,9.53291365218328));
#7748=CARTESIAN_POINT('',(7.21685528755188,2.5,9.53291714191437));
#7749=CARTESIAN_POINT('',(3.2987105846405,2.5,9.53291416168213));
#7750=CARTESIAN_POINT('Ctrl Pts',(7.21685528755188,2.5,9.53291714191437));
#7751=CARTESIAN_POINT('Ctrl Pts',(7.21685528755188,3.5,9.53291714191437));
#7752=CARTESIAN_POINT('Ctrl Pts',(5.59468388092381,2.5,11.5575741846972));
#7753=CARTESIAN_POINT('Ctrl Pts',(5.59468388092381,3.5,11.5575741846972));
#7754=CARTESIAN_POINT('Ctrl Pts',(4.6140963622515,2.5,13.8982848332818));
#7755=CARTESIAN_POINT('Ctrl Pts',(4.6140963622515,3.5,13.8982848332818));
#7756=CARTESIAN_POINT('Ctrl Pts',(4.4173926115036,2.5,16.4851677417755));
#7757=CARTESIAN_POINT('Ctrl Pts',(4.4173926115036,3.5,16.4851677417755));
#7758=CARTESIAN_POINT('',(4.4173926115036,2.5,16.4851677417755));
#7759=CARTESIAN_POINT('Ctrl Pts',(4.4173926115036,2.5,16.4851677417755));
#7760=CARTESIAN_POINT('Ctrl Pts',(4.6140963622515,2.5,13.8982848332818));
#7761=CARTESIAN_POINT('Ctrl Pts',(5.59468388092381,2.5,11.5575741846972));
#7762=CARTESIAN_POINT('Ctrl Pts',(7.21685528755188,2.5,9.53291714191437));
#7763=CARTESIAN_POINT('',(4.4173926115036,2.5,16.4851677417755));
#7764=CARTESIAN_POINT('Origin',(4.92216765880585,2.5,16.4851677417755));
#7765=CARTESIAN_POINT('',(5.42694270610809,2.5,16.4851677417755));
#7766=CARTESIAN_POINT('',(2.46108382940292,2.5,16.4851677417755));
#7767=CARTESIAN_POINT('',(5.42694270610809,2.5,16.4851677417755));
#7768=CARTESIAN_POINT('Ctrl Pts',(5.42694270610809,2.5,16.4851677417755));
#7769=CARTESIAN_POINT('Ctrl Pts',(5.42694270610809,3.5,16.4851677417755));
#7770=CARTESIAN_POINT('Ctrl Pts',(5.67320793664057,2.5,13.8194263916411));
#7771=CARTESIAN_POINT('Ctrl Pts',(5.67320793664057,3.5,13.8194263916411));
#7772=CARTESIAN_POINT('Ctrl Pts',(6.75495487523206,2.5,11.4025444376542));
#7773=CARTESIAN_POINT('Ctrl Pts',(6.75495487523206,3.5,11.4025444376542));
#7774=CARTESIAN_POINT('Ctrl Pts',(8.47742915153503,2.5,9.35283839702606));
#7775=CARTESIAN_POINT('Ctrl Pts',(8.47742915153503,3.5,9.35283839702606));
#7776=CARTESIAN_POINT('',(8.47742915153503,2.5,9.35283839702606));
#7777=CARTESIAN_POINT('Ctrl Pts',(8.47742915153503,2.5,9.35283839702606));
#7778=CARTESIAN_POINT('Ctrl Pts',(6.75495487523206,2.5,11.4025444376542));
#7779=CARTESIAN_POINT('Ctrl Pts',(5.67320793664057,2.5,13.8194263916411));
#7780=CARTESIAN_POINT('Ctrl Pts',(5.42694270610809,2.5,16.4851677417755));
#7781=CARTESIAN_POINT('',(8.47742915153503,2.5,9.35283839702606));
#7782=CARTESIAN_POINT('Origin',(8.47742915153503,2.5,8.97084653377533));
#7783=CARTESIAN_POINT('',(8.47742915153503,2.5,8.5888546705246));
#7784=CARTESIAN_POINT('',(8.47742915153503,2.5,-23.2645767331123));
#7785=CARTESIAN_POINT('',(8.47742915153503,2.5,8.5888546705246));
#7786=CARTESIAN_POINT('Origin',(5.88806986808777,2.5,8.58885258436203));
#7787=CARTESIAN_POINT('',(3.2987105846405,2.5,8.58885049819946));
#7788=CARTESIAN_POINT('',(2.94400911689364,2.5,8.58885021242802));
#7789=CARTESIAN_POINT('',(3.2987105846405,2.5,8.58885049819946));
#7790=CARTESIAN_POINT('Origin',(3.2987105846405,2.5,9.0608823299408));
#7791=CARTESIAN_POINT('',(3.2987105846405,2.5,-23.2195588350296));
#7792=CARTESIAN_POINT('Origin',(0.,3.5,-55.5));
#7793=CARTESIAN_POINT('',(5.81847965717316,3.5,24.9994945526123));
#7794=CARTESIAN_POINT('',(6.30961239337921,3.5,24.9994945526123));
#7795=CARTESIAN_POINT('',(5.81847965717316,3.5,24.9994945526123));
#7796=CARTESIAN_POINT('',(6.30961477300372,3.5,22.1018147468567));
#7797=CARTESIAN_POINT('',(6.30961238577191,3.5,24.9994945526123));
#7798=CARTESIAN_POINT('',(5.81848204135895,3.5,22.1018147468567));
#7799=CARTESIAN_POINT('',(6.309614777565,3.5,22.1018147468567));
#7800=CARTESIAN_POINT('',(5.81848204135895,3.5,22.1018147468567));
#7801=CARTESIAN_POINT('Origin',(6.06404602527618,2.5,24.9994945526123));
#7802=CARTESIAN_POINT('',(6.30961239337921,2.5,24.9994945526123));
#7803=CARTESIAN_POINT('',(5.81847965717316,2.5,24.9994945526123));
#7804=CARTESIAN_POINT('',(3.03202301263809,2.5,24.9994945526123));
#7805=CARTESIAN_POINT('',(6.30961239337921,2.5,24.9994945526123));
#7806=CARTESIAN_POINT('',(5.81847965717316,2.5,24.9994945526123));
#7807=CARTESIAN_POINT('Origin',(6.30961357938781,2.5,23.5506546497345));
#7808=CARTESIAN_POINT('',(6.30961477300372,2.5,22.1018147468567));
#7809=CARTESIAN_POINT('',(6.30964614203065,2.5,-15.974670076042));
#7810=CARTESIAN_POINT('',(6.30961477300372,2.5,22.1018147468567));
#7811=CARTESIAN_POINT('Origin',(6.06404840718133,2.5,22.1018147468567));
#7812=CARTESIAN_POINT('',(5.81848204135895,2.5,22.1018147468567));
#7813=CARTESIAN_POINT('',(3.03202420359067,2.5,22.1018147468567));
#7814=CARTESIAN_POINT('',(5.81848204135895,2.5,22.1018147468567));
#7815=CARTESIAN_POINT('Origin',(5.81848084926605,2.5,23.5506546497345));
#7816=CARTESIAN_POINT('',(5.81851337036031,2.5,-15.9746702814082));
#7817=CARTESIAN_POINT('Origin',(0.,3.5,-55.5));
#7818=CARTESIAN_POINT('',(9.71206426620483,3.5,26.1100006103516));
#7819=CARTESIAN_POINT('',(12.9671835899353,3.5,26.1100053787231));
#7820=CARTESIAN_POINT('',(9.71206426620483,3.5,26.1100006103516));
#7821=CARTESIAN_POINT('',(12.9671835899353,3.5,25.7552981376648));
#7822=CARTESIAN_POINT('',(12.9671835899353,3.5,26.1100053787231));
#7823=CARTESIAN_POINT('',(9.71206367015914,3.5,25.755295753479));
#7824=CARTESIAN_POINT('',(12.9671835899353,3.5,25.7552981376648));
#7825=CARTESIAN_POINT('',(9.71206367015839,3.5,25.755295753479));
#7826=CARTESIAN_POINT('Origin',(11.3396239280701,2.5,26.1100029945374));
#7827=CARTESIAN_POINT('',(12.9671835899353,2.5,26.1100053787231));
#7828=CARTESIAN_POINT('',(9.71206426620483,2.5,26.1100006103516));
#7829=CARTESIAN_POINT('',(5.66975218946133,2.5,26.1099946888341));
#7830=CARTESIAN_POINT('',(12.9671835899353,2.5,26.1100053787231));
#7831=CARTESIAN_POINT('',(9.71206426620483,2.5,26.1100006103516));
#7832=CARTESIAN_POINT('Origin',(12.9671835899353,2.5,25.932651758194));
#7833=CARTESIAN_POINT('',(12.9671835899353,2.5,25.7552981376648));
#7834=CARTESIAN_POINT('',(12.9671835899353,2.5,-14.783674120903));
#7835=CARTESIAN_POINT('',(12.9671835899353,2.5,25.7552981376648));
#7836=CARTESIAN_POINT('Origin',(11.3396236300472,2.5,25.7552969455719));
#7837=CARTESIAN_POINT('',(9.71206367015914,2.5,25.755295753479));
#7838=CARTESIAN_POINT('',(5.66978205763995,2.5,25.7552927927431));
#7839=CARTESIAN_POINT('',(9.71206367015914,2.5,25.755295753479));
#7840=CARTESIAN_POINT('Origin',(9.71206396818161,2.5,25.9326481819153));
#7841=CARTESIAN_POINT('',(9.71199554841026,2.5,-14.7836840690091));
#7842=CARTESIAN_POINT('Origin',(0.,3.5,-55.5));
#7843=CARTESIAN_POINT('',(-7.22927212715149,3.5,26.1099863052368));
#7844=CARTESIAN_POINT('',(-6.73813879489899,3.5,26.1099863052368));
#7845=CARTESIAN_POINT('',(-7.22927212715149,3.5,26.1099863052368));
#7846=CARTESIAN_POINT('',(-6.73813760280609,3.5,24.6993470191956));
#7847=CARTESIAN_POINT('',(-6.73813879489899,3.5,26.1099863052368));
#7848=CARTESIAN_POINT('',(-6.78179264068603,3.5,22.478334903717));
#7849=CARTESIAN_POINT('Ctrl Pts',(-6.73813760280609,3.5,24.6993470191956));
#7850=CARTESIAN_POINT('Ctrl Pts',(-6.51705330888793,3.5,24.9422470958861));
#7851=CARTESIAN_POINT('Ctrl Pts',(-5.90421148183234,3.5,25.2243195029831));
#7852=CARTESIAN_POINT('Ctrl Pts',(-4.8840477281864,3.5,24.6669946756599));
#7853=CARTESIAN_POINT('Ctrl Pts',(-4.63766477435407,3.5,23.561973672688));
#7854=CARTESIAN_POINT('Ctrl Pts',(-4.85300678336311,3.5,22.4090437277473));
#7855=CARTESIAN_POINT('Ctrl Pts',(-5.93449989411958,3.5,21.8482418843794));
#7856=CARTESIAN_POINT('Ctrl Pts',(-6.56667900026629,3.5,22.2058012488325));
#7857=CARTESIAN_POINT('Ctrl Pts',(-6.78179264068603,3.5,22.478334903717));
#7858=CARTESIAN_POINT('',(-6.78179204463959,3.5,22.1018028259277));
#7859=CARTESIAN_POINT('',(-6.78179264068604,3.5,22.478334903717));
#7860=CARTESIAN_POINT('',(-7.2292685508728,3.5,22.1018028259277));
#7861=CARTESIAN_POINT('',(-6.78179204463959,3.5,22.1018028259277));
#7862=CARTESIAN_POINT('',(-7.2292685508728,3.5,22.1018028259277));
#7863=CARTESIAN_POINT('',(-6.7845207452774,3.5,23.5670137405396));
#7864=CARTESIAN_POINT('Ctrl Pts',(-6.7845207452774,3.5,23.5670137405396));
#7865=CARTESIAN_POINT('Ctrl Pts',(-6.78245769301003,3.5,23.3075895913267));
#7866=CARTESIAN_POINT('Ctrl Pts',(-6.72819700459116,3.5,22.9221350308718));
#7867=CARTESIAN_POINT('Ctrl Pts',(-6.38886025457523,3.5,22.518162501116));
#7868=CARTESIAN_POINT('Ctrl Pts',(-6.01321706652699,3.5,22.381625638963));
#7869=CARTESIAN_POINT('Ctrl Pts',(-5.62512605412574,3.5,22.4851327611315));
#7870=CARTESIAN_POINT('Ctrl Pts',(-5.26566507617417,3.5,22.8749422093071));
#7871=CARTESIAN_POINT('Ctrl Pts',(-5.18487018399557,3.5,23.5246165942396));
#7872=CARTESIAN_POINT('Ctrl Pts',(-5.25787675932372,3.5,24.1742487525861));
#7873=CARTESIAN_POINT('Ctrl Pts',(-5.60414658880671,3.5,24.5751670442714));
#7874=CARTESIAN_POINT('Ctrl Pts',(-5.98304659450074,3.5,24.6964112795154));
#7875=CARTESIAN_POINT('Ctrl Pts',(-6.37110341912545,3.5,24.6033322277547));
#7876=CARTESIAN_POINT('Ctrl Pts',(-6.73851226592802,3.5,24.2192557769359));
#7877=CARTESIAN_POINT('Ctrl Pts',(-6.78658379754478,3.5,23.8264378897524));
#7878=CARTESIAN_POINT('Ctrl Pts',(-6.78452074527741,3.5,23.5670137405396));
#7879=CARTESIAN_POINT('Origin',(-6.98370546102524,2.5,26.1099863052368));
#7880=CARTESIAN_POINT('',(-6.73813879489899,2.5,26.1099863052368));
#7881=CARTESIAN_POINT('',(-7.22927212715149,2.5,26.1099863052368));
#7882=CARTESIAN_POINT('',(-3.49185273051262,2.5,26.1099863052368));
#7883=CARTESIAN_POINT('',(-6.73813879489899,2.5,26.1099863052368));
#7884=CARTESIAN_POINT('',(-7.22927212715149,2.5,26.1099863052368));
#7885=CARTESIAN_POINT('Origin',(-6.73813819885254,2.5,25.4046666622162));
#7886=CARTESIAN_POINT('',(-6.73813760280609,2.5,24.6993470191956));
#7887=CARTESIAN_POINT('',(-6.73810401368342,2.5,-15.0476695159717));
#7888=CARTESIAN_POINT('',(-6.73813760280609,2.5,24.6993470191956));
#7889=CARTESIAN_POINT('Ctrl Pts',(-6.73813760280609,2.5,24.6993470191956));
#7890=CARTESIAN_POINT('Ctrl Pts',(-6.73813760280609,3.5,24.6993470191956));
#7891=CARTESIAN_POINT('Ctrl Pts',(-6.51705330888793,2.5,24.9422470958861));
#7892=CARTESIAN_POINT('Ctrl Pts',(-6.51705330888793,3.5,24.9422470958861));
#7893=CARTESIAN_POINT('Ctrl Pts',(-5.90421148183234,2.5,25.2243195029831));
#7894=CARTESIAN_POINT('Ctrl Pts',(-5.90421148183234,3.5,25.2243195029831));
#7895=CARTESIAN_POINT('Ctrl Pts',(-4.8840477281864,2.5,24.6669946756599));
#7896=CARTESIAN_POINT('Ctrl Pts',(-4.8840477281864,3.5,24.6669946756599));
#7897=CARTESIAN_POINT('Ctrl Pts',(-4.63766477435407,2.5,23.561973672688));
#7898=CARTESIAN_POINT('Ctrl Pts',(-4.63766477435407,3.5,23.561973672688));
#7899=CARTESIAN_POINT('Ctrl Pts',(-4.85300678336311,2.5,22.4090437277473));
#7900=CARTESIAN_POINT('Ctrl Pts',(-4.85300678336311,3.5,22.4090437277473));
#7901=CARTESIAN_POINT('Ctrl Pts',(-5.93449989411958,2.5,21.8482418843794));
#7902=CARTESIAN_POINT('Ctrl Pts',(-5.93449989411958,3.5,21.8482418843794));
#7903=CARTESIAN_POINT('Ctrl Pts',(-6.56667900026629,2.5,22.2058012488325));
#7904=CARTESIAN_POINT('Ctrl Pts',(-6.56667900026629,3.5,22.2058012488325));
#7905=CARTESIAN_POINT('Ctrl Pts',(-6.78179264068603,2.5,22.478334903717));
#7906=CARTESIAN_POINT('Ctrl Pts',(-6.78179264068603,3.5,22.478334903717));
#7907=CARTESIAN_POINT('',(-6.78179264068603,2.5,22.478334903717));
#7908=CARTESIAN_POINT('Ctrl Pts',(-6.78179264068603,2.5,22.478334903717));
#7909=CARTESIAN_POINT('Ctrl Pts',(-6.56667900026629,2.5,22.2058012488325));
#7910=CARTESIAN_POINT('Ctrl Pts',(-5.93449989411958,2.5,21.8482418843794));
#7911=CARTESIAN_POINT('Ctrl Pts',(-4.85300678336311,2.5,22.4090437277473));
#7912=CARTESIAN_POINT('Ctrl Pts',(-4.63766477435407,2.5,23.561973672688));
#7913=CARTESIAN_POINT('Ctrl Pts',(-4.8840477281864,2.5,24.6669946756599));
#7914=CARTESIAN_POINT('Ctrl Pts',(-5.90421148183234,2.5,25.2243195029831));
#7915=CARTESIAN_POINT('Ctrl Pts',(-6.51705330888793,2.5,24.9422470958861));
#7916=CARTESIAN_POINT('Ctrl Pts',(-6.73813760280609,2.5,24.6993470191956));
#7917=CARTESIAN_POINT('',(-6.78179264068603,2.5,22.478334903717));
#7918=CARTESIAN_POINT('Origin',(-6.78179234266281,2.5,22.2900688648224));
#7919=CARTESIAN_POINT('',(-6.78179204463959,2.5,22.1018028259277));
#7920=CARTESIAN_POINT('',(-6.78173077221058,2.5,-16.6049709352455));
#7921=CARTESIAN_POINT('',(-6.78179204463959,2.5,22.1018028259277));
#7922=CARTESIAN_POINT('Origin',(-7.0055302977562,2.5,22.1018028259277));
#7923=CARTESIAN_POINT('',(-7.2292685508728,2.5,22.1018028259277));
#7924=CARTESIAN_POINT('',(-3.5027651488781,2.5,22.1018028259277));
#7925=CARTESIAN_POINT('',(-7.2292685508728,2.5,22.1018028259277));
#7926=CARTESIAN_POINT('Origin',(-7.22927033901215,2.5,24.1058945655823));
#7927=CARTESIAN_POINT('',(-7.22923482505818,2.5,-15.6970559423146));
#7928=CARTESIAN_POINT('Ctrl Pts',(-6.7845207452774,2.5,23.5670137405396));
#7929=CARTESIAN_POINT('Ctrl Pts',(-6.7845207452774,3.5,23.5670137405396));
#7930=CARTESIAN_POINT('Ctrl Pts',(-6.78245769301003,2.5,23.3075895913267));
#7931=CARTESIAN_POINT('Ctrl Pts',(-6.78245769301003,3.5,23.3075895913267));
#7932=CARTESIAN_POINT('Ctrl Pts',(-6.72819700459116,2.5,22.9221350308718));
#7933=CARTESIAN_POINT('Ctrl Pts',(-6.72819700459116,3.5,22.9221350308718));
#7934=CARTESIAN_POINT('Ctrl Pts',(-6.38886025457523,2.5,22.518162501116));
#7935=CARTESIAN_POINT('Ctrl Pts',(-6.38886025457523,3.5,22.518162501116));
#7936=CARTESIAN_POINT('Ctrl Pts',(-6.01321706652699,2.5,22.381625638963));
#7937=CARTESIAN_POINT('Ctrl Pts',(-6.01321706652699,3.5,22.381625638963));
#7938=CARTESIAN_POINT('Ctrl Pts',(-5.62512605412574,2.5,22.4851327611315));
#7939=CARTESIAN_POINT('Ctrl Pts',(-5.62512605412574,3.5,22.4851327611315));
#7940=CARTESIAN_POINT('Ctrl Pts',(-5.26566507617417,2.5,22.8749422093071));
#7941=CARTESIAN_POINT('Ctrl Pts',(-5.26566507617417,3.5,22.8749422093071));
#7942=CARTESIAN_POINT('Ctrl Pts',(-5.18487018399557,2.5,23.5246165942396));
#7943=CARTESIAN_POINT('Ctrl Pts',(-5.18487018399557,3.5,23.5246165942396));
#7944=CARTESIAN_POINT('Ctrl Pts',(-5.25787675932372,2.5,24.1742487525861));
#7945=CARTESIAN_POINT('Ctrl Pts',(-5.25787675932372,3.5,24.1742487525861));
#7946=CARTESIAN_POINT('Ctrl Pts',(-5.60414658880671,2.5,24.5751670442714));
#7947=CARTESIAN_POINT('Ctrl Pts',(-5.60414658880671,3.5,24.5751670442714));
#7948=CARTESIAN_POINT('Ctrl Pts',(-5.98304659450074,2.5,24.6964112795154));
#7949=CARTESIAN_POINT('Ctrl Pts',(-5.98304659450074,3.5,24.6964112795154));
#7950=CARTESIAN_POINT('Ctrl Pts',(-6.37110341912545,2.5,24.6033322277547));
#7951=CARTESIAN_POINT('Ctrl Pts',(-6.37110341912545,3.5,24.6033322277547));
#7952=CARTESIAN_POINT('Ctrl Pts',(-6.73851226592802,2.5,24.2192557769359));
#7953=CARTESIAN_POINT('Ctrl Pts',(-6.73851226592802,3.5,24.2192557769359));
#7954=CARTESIAN_POINT('Ctrl Pts',(-6.78658379754478,2.5,23.8264378897524));
#7955=CARTESIAN_POINT('Ctrl Pts',(-6.78658379754478,3.5,23.8264378897524));
#7956=CARTESIAN_POINT('Ctrl Pts',(-6.78452074527741,2.5,23.5670137405396));
#7957=CARTESIAN_POINT('Ctrl Pts',(-6.78452074527741,3.5,23.5670137405396));
#7958=CARTESIAN_POINT('',(-6.7845207452774,2.5,23.5670137405396));
#7959=CARTESIAN_POINT('Ctrl Pts',(-6.78452074527741,2.5,23.5670137405396));
#7960=CARTESIAN_POINT('Ctrl Pts',(-6.78658379754478,2.5,23.8264378897524));
#7961=CARTESIAN_POINT('Ctrl Pts',(-6.73851226592802,2.5,24.2192557769359));
#7962=CARTESIAN_POINT('Ctrl Pts',(-6.37110341912545,2.5,24.6033322277547));
#7963=CARTESIAN_POINT('Ctrl Pts',(-5.98304659450074,2.5,24.6964112795154));
#7964=CARTESIAN_POINT('Ctrl Pts',(-5.60414658880671,2.5,24.5751670442714));
#7965=CARTESIAN_POINT('Ctrl Pts',(-5.25787675932372,2.5,24.1742487525861));
#7966=CARTESIAN_POINT('Ctrl Pts',(-5.18487018399557,2.5,23.5246165942396));
#7967=CARTESIAN_POINT('Ctrl Pts',(-5.26566507617417,2.5,22.8749422093071));
#7968=CARTESIAN_POINT('Ctrl Pts',(-5.62512605412574,2.5,22.4851327611315));
#7969=CARTESIAN_POINT('Ctrl Pts',(-6.01321706652699,2.5,22.381625638963));
#7970=CARTESIAN_POINT('Ctrl Pts',(-6.38886025457523,2.5,22.518162501116));
#7971=CARTESIAN_POINT('Ctrl Pts',(-6.72819700459116,2.5,22.9221350308718));
#7972=CARTESIAN_POINT('Ctrl Pts',(-6.78245769301003,2.5,23.3075895913267));
#7973=CARTESIAN_POINT('Ctrl Pts',(-6.7845207452774,2.5,23.5670137405396));
#7974=CARTESIAN_POINT('',(-6.7845207452774,2.5,23.5670137405396));
#7975=CARTESIAN_POINT('Origin',(0.,2.5,-55.5));
#7976=CARTESIAN_POINT('Origin',(0.,3.5,-55.5));
#7977=CARTESIAN_POINT('',(-10.1023924350739,3.5,24.5547318458557));
#7978=CARTESIAN_POINT('',(-7.79953002929688,3.5,24.9476408958435));
#7979=CARTESIAN_POINT('Ctrl Pts',(-10.1023924350739,3.5,24.5547318458557));
#7980=CARTESIAN_POINT('Ctrl Pts',(-10.0897580337947,3.5,24.6726892365707));
#7981=CARTESIAN_POINT('Ctrl Pts',(-10.0335690885804,3.5,24.9281547823928));
#7982=CARTESIAN_POINT('Ctrl Pts',(-9.53530539187218,3.5,25.062519569992));
#7983=CARTESIAN_POINT('Ctrl Pts',(-8.23653231181379,3.5,24.6938085436194));
#7984=CARTESIAN_POINT('Ctrl Pts',(-7.54004211113752,3.5,22.7247669156764));
#7985=CARTESIAN_POINT('Ctrl Pts',(-8.82349800714209,3.5,21.1439365165987));
#7986=CARTESIAN_POINT('Ctrl Pts',(-10.4116087189256,3.5,20.7771597098003));
#7987=CARTESIAN_POINT('Ctrl Pts',(-12.1350200617033,3.5,21.2996983338899));
#7988=CARTESIAN_POINT('Ctrl Pts',(-13.2449818146763,3.5,23.289903069789));
#7989=CARTESIAN_POINT('Ctrl Pts',(-12.7195567489138,3.5,25.6054882911944));
#7990=CARTESIAN_POINT('Ctrl Pts',(-10.7002737533279,3.5,26.2492494756823));
#7991=CARTESIAN_POINT('Ctrl Pts',(-9.00294190196927,3.5,26.1578044474839));
#7992=CARTESIAN_POINT('Ctrl Pts',(-8.09719181348274,3.5,25.4395396746923));
#7993=CARTESIAN_POINT('Ctrl Pts',(-7.79953002929688,3.5,24.9476408958435));
#7994=CARTESIAN_POINT('',(-8.29339027404785,3.5,24.9476408958435));
#7995=CARTESIAN_POINT('',(-7.79953002929688,3.5,24.9476408958435));
#7996=CARTESIAN_POINT('',(-9.1064840555191,3.5,22.1209001541138));
#7997=CARTESIAN_POINT('Ctrl Pts',(-8.29339027404785,3.5,24.9476408958435));
#7998=CARTESIAN_POINT('Ctrl Pts',(-8.90100013637594,3.5,25.6515740740206));
#7999=CARTESIAN_POINT('Ctrl Pts',(-10.4234074344499,3.5,26.0266183807322));
#8000=CARTESIAN_POINT('Ctrl Pts',(-12.2822399251025,3.5,25.197268737991));
#8001=CARTESIAN_POINT('Ctrl Pts',(-12.7950322717816,3.5,23.3607363769374));
#8002=CARTESIAN_POINT('Ctrl Pts',(-11.7984840761094,3.5,21.3072404349444));
#8003=CARTESIAN_POINT('Ctrl Pts',(-9.24336829452909,3.5,21.1268909273002));
#8004=CARTESIAN_POINT('Ctrl Pts',(-8.16569972420337,3.5,22.6938030553988));
#8005=CARTESIAN_POINT('Ctrl Pts',(-8.48884196323665,3.5,23.9144059569086));
#8006=CARTESIAN_POINT('Ctrl Pts',(-8.95807119297807,3.5,24.4055404616087));
#8007=CARTESIAN_POINT('Ctrl Pts',(-9.35287936904556,3.5,24.5720961546315));
#8008=CARTESIAN_POINT('Ctrl Pts',(-9.54270192540054,3.5,24.5294266957088));
#8009=CARTESIAN_POINT('Ctrl Pts',(-9.60012471605313,3.5,24.3451069639091));
#8010=CARTESIAN_POINT('Ctrl Pts',(-9.52676161285612,3.5,24.1191043331828));
#8011=CARTESIAN_POINT('Ctrl Pts',(-9.47812811747742,3.5,23.8326344026552));
#8012=CARTESIAN_POINT('Ctrl Pts',(-9.33412150200484,3.5,23.1482123676385));
#8013=CARTESIAN_POINT('Ctrl Pts',(-9.20844405423795,3.5,22.5765751637251));
#8014=CARTESIAN_POINT('Ctrl Pts',(-9.1064840555191,3.5,22.1209001541138));
#8015=CARTESIAN_POINT('',(-9.59488868713379,3.5,22.1209001541138));
#8016=CARTESIAN_POINT('',(-9.1064840555191,3.5,22.1209001541138));
#8017=CARTESIAN_POINT('',(-9.68765735626221,3.5,22.5438189506531));
#8018=CARTESIAN_POINT('',(-9.59488868713379,3.5,22.1209001541138));
#8019=CARTESIAN_POINT('Ctrl Pts',(-9.68765735626221,3.5,22.5438189506531));
#8020=CARTESIAN_POINT('Ctrl Pts',(-9.76998109680972,3.5,22.4233168431898));
#8021=CARTESIAN_POINT('Ctrl Pts',(-9.93827779627473,3.5,22.205070501647));
#8022=CARTESIAN_POINT('Ctrl Pts',(-10.4867878528057,3.5,21.9558846298709));
#8023=CARTESIAN_POINT('Ctrl Pts',(-11.3274706823691,3.5,22.2405495650811));
#8024=CARTESIAN_POINT('Ctrl Pts',(-11.9536182431156,3.5,23.2056455582164));
#8025=CARTESIAN_POINT('Ctrl Pts',(-11.96725950763,3.5,24.2470613512272));
#8026=CARTESIAN_POINT('Ctrl Pts',(-11.4953685031372,3.5,24.8670589274302));
#8027=CARTESIAN_POINT('Ctrl Pts',(-10.9924416220924,3.5,25.0623307732533));
#8028=CARTESIAN_POINT('Ctrl Pts',(-10.4720955174017,3.5,24.9201562760656));
#8029=CARTESIAN_POINT('Ctrl Pts',(-10.2199051724481,3.5,24.6788790267396));
#8030=CARTESIAN_POINT('Ctrl Pts',(-10.1023924350739,3.5,24.5547318458557));
#8031=CARTESIAN_POINT('',(-11.4229917526245,3.5,23.8153028488159));
#8032=CARTESIAN_POINT('Ctrl Pts',(-11.4229917526245,3.5,23.8153028488159));
#8033=CARTESIAN_POINT('Ctrl Pts',(-11.4261636204062,3.5,23.5654656981756));
#8034=CARTESIAN_POINT('Ctrl Pts',(-11.3031620790429,3.5,23.0937631799332));
#8035=CARTESIAN_POINT('Ctrl Pts',(-10.9493359866923,3.5,22.549217402446));
#8036=CARTESIAN_POINT('Ctrl Pts',(-10.455916431781,3.5,22.4097149792294));
#8037=CARTESIAN_POINT('Ctrl Pts',(-10.0896398949283,3.5,22.5388856964955));
#8038=CARTESIAN_POINT('Ctrl Pts',(-9.8706348515512,3.5,22.8585896917405));
#8039=CARTESIAN_POINT('Ctrl Pts',(-9.81562766176382,3.5,23.3532799084099));
#8040=CARTESIAN_POINT('Ctrl Pts',(-9.9539499744393,3.5,23.9636270150689));
#8041=CARTESIAN_POINT('Ctrl Pts',(-10.345478609534,3.5,24.4579424252092));
#8042=CARTESIAN_POINT('Ctrl Pts',(-10.8205352099039,3.5,24.651788756258));
#8043=CARTESIAN_POINT('Ctrl Pts',(-11.3180531254755,3.5,24.4608745626954));
#8044=CARTESIAN_POINT('Ctrl Pts',(-11.4198198848429,3.5,24.0651399994562));
#8045=CARTESIAN_POINT('Ctrl Pts',(-11.4229917526245,3.5,23.8153028488159));
#8046=CARTESIAN_POINT('Ctrl Pts',(-10.1023924350739,2.5,24.5547318458557));
#8047=CARTESIAN_POINT('Ctrl Pts',(-10.1023924350739,3.5,24.5547318458557));
#8048=CARTESIAN_POINT('Ctrl Pts',(-10.0897580337947,2.5,24.6726892365707));
#8049=CARTESIAN_POINT('Ctrl Pts',(-10.0897580337947,3.5,24.6726892365707));
#8050=CARTESIAN_POINT('Ctrl Pts',(-10.0335690885804,2.5,24.9281547823928));
#8051=CARTESIAN_POINT('Ctrl Pts',(-10.0335690885804,3.5,24.9281547823928));
#8052=CARTESIAN_POINT('Ctrl Pts',(-9.53530539187218,2.5,25.062519569992));
#8053=CARTESIAN_POINT('Ctrl Pts',(-9.53530539187218,3.5,25.062519569992));
#8054=CARTESIAN_POINT('Ctrl Pts',(-8.23653231181379,2.5,24.6938085436194));
#8055=CARTESIAN_POINT('Ctrl Pts',(-8.23653231181379,3.5,24.6938085436194));
#8056=CARTESIAN_POINT('Ctrl Pts',(-7.54004211113752,2.5,22.7247669156764));
#8057=CARTESIAN_POINT('Ctrl Pts',(-7.54004211113752,3.5,22.7247669156764));
#8058=CARTESIAN_POINT('Ctrl Pts',(-8.82349800714209,2.5,21.1439365165987));
#8059=CARTESIAN_POINT('Ctrl Pts',(-8.82349800714209,3.5,21.1439365165987));
#8060=CARTESIAN_POINT('Ctrl Pts',(-10.4116087189256,2.5,20.7771597098003));
#8061=CARTESIAN_POINT('Ctrl Pts',(-10.4116087189256,3.5,20.7771597098003));
#8062=CARTESIAN_POINT('Ctrl Pts',(-12.1350200617033,2.5,21.2996983338899));
#8063=CARTESIAN_POINT('Ctrl Pts',(-12.1350200617033,3.5,21.2996983338899));
#8064=CARTESIAN_POINT('Ctrl Pts',(-13.2449818146763,2.5,23.289903069789));
#8065=CARTESIAN_POINT('Ctrl Pts',(-13.2449818146763,3.5,23.289903069789));
#8066=CARTESIAN_POINT('Ctrl Pts',(-12.7195567489138,2.5,25.6054882911944));
#8067=CARTESIAN_POINT('Ctrl Pts',(-12.7195567489138,3.5,25.6054882911944));
#8068=CARTESIAN_POINT('Ctrl Pts',(-10.7002737533279,2.5,26.2492494756823));
#8069=CARTESIAN_POINT('Ctrl Pts',(-10.7002737533279,3.5,26.2492494756823));
#8070=CARTESIAN_POINT('Ctrl Pts',(-9.00294190196927,2.5,26.1578044474839));
#8071=CARTESIAN_POINT('Ctrl Pts',(-9.00294190196927,3.5,26.1578044474839));
#8072=CARTESIAN_POINT('Ctrl Pts',(-8.09719181348274,2.5,25.4395396746923));
#8073=CARTESIAN_POINT('Ctrl Pts',(-8.09719181348274,3.5,25.4395396746923));
#8074=CARTESIAN_POINT('Ctrl Pts',(-7.79953002929688,2.5,24.9476408958435));
#8075=CARTESIAN_POINT('Ctrl Pts',(-7.79953002929688,3.5,24.9476408958435));
#8076=CARTESIAN_POINT('',(-7.79953002929688,2.5,24.9476408958435));
#8077=CARTESIAN_POINT('',(-10.1023924350739,2.5,24.5547318458557));
#8078=CARTESIAN_POINT('Ctrl Pts',(-7.79953002929688,2.5,24.9476408958435));
#8079=CARTESIAN_POINT('Ctrl Pts',(-8.09719181348274,2.5,25.4395396746923));
#8080=CARTESIAN_POINT('Ctrl Pts',(-9.00294190196927,2.5,26.1578044474839));
#8081=CARTESIAN_POINT('Ctrl Pts',(-10.7002737533279,2.5,26.2492494756823));
#8082=CARTESIAN_POINT('Ctrl Pts',(-12.7195567489138,2.5,25.6054882911944));
#8083=CARTESIAN_POINT('Ctrl Pts',(-13.2449818146763,2.5,23.289903069789));
#8084=CARTESIAN_POINT('Ctrl Pts',(-12.1350200617033,2.5,21.2996983338899));
#8085=CARTESIAN_POINT('Ctrl Pts',(-10.4116087189256,2.5,20.7771597098003));
#8086=CARTESIAN_POINT('Ctrl Pts',(-8.82349800714209,2.5,21.1439365165987));
#8087=CARTESIAN_POINT('Ctrl Pts',(-7.54004211113752,2.5,22.7247669156764));
#8088=CARTESIAN_POINT('Ctrl Pts',(-8.23653231181379,2.5,24.6938085436194));
#8089=CARTESIAN_POINT('Ctrl Pts',(-9.53530539187218,2.5,25.062519569992));
#8090=CARTESIAN_POINT('Ctrl Pts',(-10.0335690885804,2.5,24.9281547823928));
#8091=CARTESIAN_POINT('Ctrl Pts',(-10.0897580337947,2.5,24.6726892365707));
#8092=CARTESIAN_POINT('Ctrl Pts',(-10.1023924350739,2.5,24.5547318458557));
#8093=CARTESIAN_POINT('',(-7.79953002929688,2.5,24.9476408958435));
#8094=CARTESIAN_POINT('',(-10.1023924350739,2.5,24.5547318458557));
#8095=CARTESIAN_POINT('Origin',(-8.04646015167236,2.5,24.9476408958435));
#8096=CARTESIAN_POINT('',(-8.29339027404785,2.5,24.9476408958435));
#8097=CARTESIAN_POINT('',(-4.02323007583618,2.5,24.9476408958435));
#8098=CARTESIAN_POINT('',(-8.29339027404785,2.5,24.9476408958435));
#8099=CARTESIAN_POINT('Ctrl Pts',(-8.29339027404785,2.5,24.9476408958435));
#8100=CARTESIAN_POINT('Ctrl Pts',(-8.29339027404785,3.5,24.9476408958435));
#8101=CARTESIAN_POINT('Ctrl Pts',(-8.90100013637594,2.5,25.6515740740206));
#8102=CARTESIAN_POINT('Ctrl Pts',(-8.90100013637594,3.5,25.6515740740206));
#8103=CARTESIAN_POINT('Ctrl Pts',(-10.4234074344499,2.5,26.0266183807322));
#8104=CARTESIAN_POINT('Ctrl Pts',(-10.4234074344499,3.5,26.0266183807322));
#8105=CARTESIAN_POINT('Ctrl Pts',(-12.2822399251025,2.5,25.197268737991));
#8106=CARTESIAN_POINT('Ctrl Pts',(-12.2822399251025,3.5,25.197268737991));
#8107=CARTESIAN_POINT('Ctrl Pts',(-12.7950322717816,2.5,23.3607363769374));
#8108=CARTESIAN_POINT('Ctrl Pts',(-12.7950322717816,3.5,23.3607363769374));
#8109=CARTESIAN_POINT('Ctrl Pts',(-11.7984840761094,2.5,21.3072404349444));
#8110=CARTESIAN_POINT('Ctrl Pts',(-11.7984840761094,3.5,21.3072404349444));
#8111=CARTESIAN_POINT('Ctrl Pts',(-9.24336829452909,2.5,21.1268909273002));
#8112=CARTESIAN_POINT('Ctrl Pts',(-9.24336829452909,3.5,21.1268909273002));
#8113=CARTESIAN_POINT('Ctrl Pts',(-8.16569972420337,2.5,22.6938030553988));
#8114=CARTESIAN_POINT('Ctrl Pts',(-8.16569972420337,3.5,22.6938030553988));
#8115=CARTESIAN_POINT('Ctrl Pts',(-8.48884196323665,2.5,23.9144059569086));
#8116=CARTESIAN_POINT('Ctrl Pts',(-8.48884196323665,3.5,23.9144059569086));
#8117=CARTESIAN_POINT('Ctrl Pts',(-8.95807119297807,2.5,24.4055404616087));
#8118=CARTESIAN_POINT('Ctrl Pts',(-8.95807119297807,3.5,24.4055404616087));
#8119=CARTESIAN_POINT('Ctrl Pts',(-9.35287936904556,2.5,24.5720961546315));
#8120=CARTESIAN_POINT('Ctrl Pts',(-9.35287936904556,3.5,24.5720961546315));
#8121=CARTESIAN_POINT('Ctrl Pts',(-9.54270192540054,2.5,24.5294266957088));
#8122=CARTESIAN_POINT('Ctrl Pts',(-9.54270192540054,3.5,24.5294266957088));
#8123=CARTESIAN_POINT('Ctrl Pts',(-9.60012471605313,2.5,24.3451069639091));
#8124=CARTESIAN_POINT('Ctrl Pts',(-9.60012471605313,3.5,24.3451069639091));
#8125=CARTESIAN_POINT('Ctrl Pts',(-9.52676161285612,2.5,24.1191043331828));
#8126=CARTESIAN_POINT('Ctrl Pts',(-9.52676161285612,3.5,24.1191043331828));
#8127=CARTESIAN_POINT('Ctrl Pts',(-9.47812811747742,2.5,23.8326344026552));
#8128=CARTESIAN_POINT('Ctrl Pts',(-9.47812811747742,3.5,23.8326344026552));
#8129=CARTESIAN_POINT('Ctrl Pts',(-9.33412150200484,2.5,23.1482123676385));
#8130=CARTESIAN_POINT('Ctrl Pts',(-9.33412150200484,3.5,23.1482123676385));
#8131=CARTESIAN_POINT('Ctrl Pts',(-9.20844405423795,2.5,22.5765751637251));
#8132=CARTESIAN_POINT('Ctrl Pts',(-9.20844405423795,3.5,22.5765751637251));
#8133=CARTESIAN_POINT('Ctrl Pts',(-9.1064840555191,2.5,22.1209001541138));
#8134=CARTESIAN_POINT('Ctrl Pts',(-9.1064840555191,3.5,22.1209001541138));
#8135=CARTESIAN_POINT('',(-9.1064840555191,2.5,22.1209001541138));
#8136=CARTESIAN_POINT('Ctrl Pts',(-9.1064840555191,2.5,22.1209001541138));
#8137=CARTESIAN_POINT('Ctrl Pts',(-9.20844405423795,2.5,22.5765751637251));
#8138=CARTESIAN_POINT('Ctrl Pts',(-9.33412150200484,2.5,23.1482123676385));
#8139=CARTESIAN_POINT('Ctrl Pts',(-9.47812811747742,2.5,23.8326344026552));
#8140=CARTESIAN_POINT('Ctrl Pts',(-9.52676161285612,2.5,24.1191043331828));
#8141=CARTESIAN_POINT('Ctrl Pts',(-9.60012471605313,2.5,24.3451069639091));
#8142=CARTESIAN_POINT('Ctrl Pts',(-9.54270192540054,2.5,24.5294266957088));
#8143=CARTESIAN_POINT('Ctrl Pts',(-9.35287936904556,2.5,24.5720961546315));
#8144=CARTESIAN_POINT('Ctrl Pts',(-8.95807119297807,2.5,24.4055404616087));
#8145=CARTESIAN_POINT('Ctrl Pts',(-8.48884196323665,2.5,23.9144059569086));
#8146=CARTESIAN_POINT('Ctrl Pts',(-8.16569972420337,2.5,22.6938030553988));
#8147=CARTESIAN_POINT('Ctrl Pts',(-9.24336829452909,2.5,21.1268909273002));
#8148=CARTESIAN_POINT('Ctrl Pts',(-11.7984840761094,2.5,21.3072404349444));
#8149=CARTESIAN_POINT('Ctrl Pts',(-12.7950322717816,2.5,23.3607363769374));
#8150=CARTESIAN_POINT('Ctrl Pts',(-12.2822399251025,2.5,25.197268737991));
#8151=CARTESIAN_POINT('Ctrl Pts',(-10.4234074344499,2.5,26.0266183807322));
#8152=CARTESIAN_POINT('Ctrl Pts',(-8.90100013637594,2.5,25.6515740740206));
#8153=CARTESIAN_POINT('Ctrl Pts',(-8.29339027404785,2.5,24.9476408958435));
#8154=CARTESIAN_POINT('',(-9.1064840555191,2.5,22.1209001541138));
#8155=CARTESIAN_POINT('Origin',(-9.35068637132645,2.5,22.1209001541138));
#8156=CARTESIAN_POINT('',(-9.59488868713379,2.5,22.1209001541138));
#8157=CARTESIAN_POINT('',(-4.67534318566322,2.5,22.1209001541138));
#8158=CARTESIAN_POINT('',(-9.59488868713379,2.5,22.1209001541138));
#8159=CARTESIAN_POINT('Origin',(-9.641273021698,2.5,22.3323595523834));
#8160=CARTESIAN_POINT('',(-9.68765735626221,2.5,22.5438189506531));
#8161=CARTESIAN_POINT('',(-1.27545683563437,2.5,-15.8061730655784));
#8162=CARTESIAN_POINT('',(-9.68765735626221,2.5,22.5438189506531));
#8163=CARTESIAN_POINT('Ctrl Pts',(-9.68765735626221,2.5,22.5438189506531));
#8164=CARTESIAN_POINT('Ctrl Pts',(-9.68765735626221,3.5,22.5438189506531));
#8165=CARTESIAN_POINT('Ctrl Pts',(-9.76998109680972,2.5,22.4233168431898));
#8166=CARTESIAN_POINT('Ctrl Pts',(-9.76998109680972,3.5,22.4233168431898));
#8167=CARTESIAN_POINT('Ctrl Pts',(-9.93827779627473,2.5,22.205070501647));
#8168=CARTESIAN_POINT('Ctrl Pts',(-9.93827779627473,3.5,22.205070501647));
#8169=CARTESIAN_POINT('Ctrl Pts',(-10.4867878528057,2.5,21.9558846298709));
#8170=CARTESIAN_POINT('Ctrl Pts',(-10.4867878528057,3.5,21.9558846298709));
#8171=CARTESIAN_POINT('Ctrl Pts',(-11.3274706823691,2.5,22.2405495650811));
#8172=CARTESIAN_POINT('Ctrl Pts',(-11.3274706823691,3.5,22.2405495650811));
#8173=CARTESIAN_POINT('Ctrl Pts',(-11.9536182431156,2.5,23.2056455582164));
#8174=CARTESIAN_POINT('Ctrl Pts',(-11.9536182431156,3.5,23.2056455582164));
#8175=CARTESIAN_POINT('Ctrl Pts',(-11.96725950763,2.5,24.2470613512272));
#8176=CARTESIAN_POINT('Ctrl Pts',(-11.96725950763,3.5,24.2470613512272));
#8177=CARTESIAN_POINT('Ctrl Pts',(-11.4953685031372,2.5,24.8670589274302));
#8178=CARTESIAN_POINT('Ctrl Pts',(-11.4953685031372,3.5,24.8670589274302));
#8179=CARTESIAN_POINT('Ctrl Pts',(-10.9924416220924,2.5,25.0623307732533));
#8180=CARTESIAN_POINT('Ctrl Pts',(-10.9924416220924,3.5,25.0623307732533));
#8181=CARTESIAN_POINT('Ctrl Pts',(-10.4720955174017,2.5,24.9201562760656));
#8182=CARTESIAN_POINT('Ctrl Pts',(-10.4720955174017,3.5,24.9201562760656));
#8183=CARTESIAN_POINT('Ctrl Pts',(-10.2199051724481,2.5,24.6788790267396));
#8184=CARTESIAN_POINT('Ctrl Pts',(-10.2199051724481,3.5,24.6788790267396));
#8185=CARTESIAN_POINT('Ctrl Pts',(-10.1023924350739,2.5,24.5547318458557));
#8186=CARTESIAN_POINT('Ctrl Pts',(-10.1023924350739,3.5,24.5547318458557));
#8187=CARTESIAN_POINT('Ctrl Pts',(-10.1023924350739,2.5,24.5547318458557));
#8188=CARTESIAN_POINT('Ctrl Pts',(-10.2199051724481,2.5,24.6788790267396));
#8189=CARTESIAN_POINT('Ctrl Pts',(-10.4720955174017,2.5,24.9201562760656));
#8190=CARTESIAN_POINT('Ctrl Pts',(-10.9924416220924,2.5,25.0623307732533));
#8191=CARTESIAN_POINT('Ctrl Pts',(-11.4953685031372,2.5,24.8670589274302));
#8192=CARTESIAN_POINT('Ctrl Pts',(-11.96725950763,2.5,24.2470613512272));
#8193=CARTESIAN_POINT('Ctrl Pts',(-11.9536182431156,2.5,23.2056455582164));
#8194=CARTESIAN_POINT('Ctrl Pts',(-11.3274706823691,2.5,22.2405495650811));
#8195=CARTESIAN_POINT('Ctrl Pts',(-10.4867878528057,2.5,21.9558846298709));
#8196=CARTESIAN_POINT('Ctrl Pts',(-9.93827779627473,2.5,22.205070501647));
#8197=CARTESIAN_POINT('Ctrl Pts',(-9.76998109680972,2.5,22.4233168431898));
#8198=CARTESIAN_POINT('Ctrl Pts',(-9.68765735626221,2.5,22.5438189506531));
#8199=CARTESIAN_POINT('Ctrl Pts',(-11.4229917526245,2.5,23.8153028488159));
#8200=CARTESIAN_POINT('Ctrl Pts',(-11.4229917526245,3.5,23.8153028488159));
#8201=CARTESIAN_POINT('Ctrl Pts',(-11.4261636204062,2.5,23.5654656981756));
#8202=CARTESIAN_POINT('Ctrl Pts',(-11.4261636204062,3.5,23.5654656981756));
#8203=CARTESIAN_POINT('Ctrl Pts',(-11.3031620790429,2.5,23.0937631799332));
#8204=CARTESIAN_POINT('Ctrl Pts',(-11.3031620790429,3.5,23.0937631799332));
#8205=CARTESIAN_POINT('Ctrl Pts',(-10.9493359866923,2.5,22.549217402446));
#8206=CARTESIAN_POINT('Ctrl Pts',(-10.9493359866923,3.5,22.549217402446));
#8207=CARTESIAN_POINT('Ctrl Pts',(-10.455916431781,2.5,22.4097149792294));
#8208=CARTESIAN_POINT('Ctrl Pts',(-10.455916431781,3.5,22.4097149792294));
#8209=CARTESIAN_POINT('Ctrl Pts',(-10.0896398949283,2.5,22.5388856964955));
#8210=CARTESIAN_POINT('Ctrl Pts',(-10.0896398949283,3.5,22.5388856964955));
#8211=CARTESIAN_POINT('Ctrl Pts',(-9.8706348515512,2.5,22.8585896917405));
#8212=CARTESIAN_POINT('Ctrl Pts',(-9.8706348515512,3.5,22.8585896917405));
#8213=CARTESIAN_POINT('Ctrl Pts',(-9.81562766176382,2.5,23.3532799084099));
#8214=CARTESIAN_POINT('Ctrl Pts',(-9.81562766176382,3.5,23.3532799084099));
#8215=CARTESIAN_POINT('Ctrl Pts',(-9.9539499744393,2.5,23.9636270150689));
#8216=CARTESIAN_POINT('Ctrl Pts',(-9.9539499744393,3.5,23.9636270150689));
#8217=CARTESIAN_POINT('Ctrl Pts',(-10.345478609534,2.5,24.4579424252092));
#8218=CARTESIAN_POINT('Ctrl Pts',(-10.345478609534,3.5,24.4579424252092));
#8219=CARTESIAN_POINT('Ctrl Pts',(-10.8205352099039,2.5,24.651788756258));
#8220=CARTESIAN_POINT('Ctrl Pts',(-10.8205352099039,3.5,24.651788756258));
#8221=CARTESIAN_POINT('Ctrl Pts',(-11.3180531254755,2.5,24.4608745626954));
#8222=CARTESIAN_POINT('Ctrl Pts',(-11.3180531254755,3.5,24.4608745626954));
#8223=CARTESIAN_POINT('Ctrl Pts',(-11.4198198848429,2.5,24.0651399994562));
#8224=CARTESIAN_POINT('Ctrl Pts',(-11.4198198848429,3.5,24.0651399994562));
#8225=CARTESIAN_POINT('Ctrl Pts',(-11.4229917526245,2.5,23.8153028488159));
#8226=CARTESIAN_POINT('Ctrl Pts',(-11.4229917526245,3.5,23.8153028488159));
#8227=CARTESIAN_POINT('',(-11.4229917526245,2.5,23.8153028488159));
#8228=CARTESIAN_POINT('Ctrl Pts',(-11.4229917526245,2.5,23.8153028488159));
#8229=CARTESIAN_POINT('Ctrl Pts',(-11.4198198848429,2.5,24.0651399994562));
#8230=CARTESIAN_POINT('Ctrl Pts',(-11.3180531254755,2.5,24.4608745626954));
#8231=CARTESIAN_POINT('Ctrl Pts',(-10.8205352099039,2.5,24.651788756258));
#8232=CARTESIAN_POINT('Ctrl Pts',(-10.345478609534,2.5,24.4579424252092));
#8233=CARTESIAN_POINT('Ctrl Pts',(-9.9539499744393,2.5,23.9636270150689));
#8234=CARTESIAN_POINT('Ctrl Pts',(-9.81562766176382,2.5,23.3532799084099));
#8235=CARTESIAN_POINT('Ctrl Pts',(-9.8706348515512,2.5,22.8585896917405));
#8236=CARTESIAN_POINT('Ctrl Pts',(-10.0896398949283,2.5,22.5388856964955));
#8237=CARTESIAN_POINT('Ctrl Pts',(-10.455916431781,2.5,22.4097149792294));
#8238=CARTESIAN_POINT('Ctrl Pts',(-10.9493359866923,2.5,22.549217402446));
#8239=CARTESIAN_POINT('Ctrl Pts',(-11.3031620790429,2.5,23.0937631799332));
#8240=CARTESIAN_POINT('Ctrl Pts',(-11.4261636204062,2.5,23.5654656981756));
#8241=CARTESIAN_POINT('Ctrl Pts',(-11.4229917526245,2.5,23.8153028488159));
#8242=CARTESIAN_POINT('',(-11.4229917526245,2.5,23.8153028488159));
#8243=CARTESIAN_POINT('Origin',(0.,2.5,-55.5));
#8244=CARTESIAN_POINT('Origin',(0.,3.5,-55.5));
#8245=CARTESIAN_POINT('',(-4.11876320838928,3.5,24.9994850158691));
#8246=CARTESIAN_POINT('',(-3.62763345241547,3.5,24.9994874000549));
#8247=CARTESIAN_POINT('',(-4.11876320838928,3.5,24.9994850158691));
#8248=CARTESIAN_POINT('',(-3.62763166427612,3.5,22.1018075942993));
#8249=CARTESIAN_POINT('',(-3.62763345241547,3.5,24.9994874000549));
#8250=CARTESIAN_POINT('',(-4.11876082420349,3.5,22.1018052101135));
#8251=CARTESIAN_POINT('',(-3.62763166427612,3.5,22.1018075942993));
#8252=CARTESIAN_POINT('',(-4.11876082415341,3.5,22.1018052101135));
#8253=CARTESIAN_POINT('Origin',(-3.87319833040237,2.5,24.999486207962));
#8254=CARTESIAN_POINT('',(-3.62763345241547,2.5,24.9994874000549));
#8255=CARTESIAN_POINT('',(-4.11876320838928,2.5,24.9994850158691));
#8256=CARTESIAN_POINT('',(-1.93679455732892,2.5,24.9994956082199));
#8257=CARTESIAN_POINT('',(-3.62763345241547,2.5,24.9994874000549));
#8258=CARTESIAN_POINT('',(-4.11876320838928,2.5,24.9994850158691));
#8259=CARTESIAN_POINT('Origin',(-3.62763255834579,2.5,23.5506474971771));
#8260=CARTESIAN_POINT('',(-3.62763166427612,2.5,22.1018075942993));
#8261=CARTESIAN_POINT('',(-3.62760816752514,2.5,-15.9746773706906));
#8262=CARTESIAN_POINT('',(-3.62763166427612,2.5,22.1018075942993));
#8263=CARTESIAN_POINT('Origin',(-3.87319624423981,2.5,22.1018064022064));
#8264=CARTESIAN_POINT('',(-4.11876082420349,2.5,22.1018052101135));
#8265=CARTESIAN_POINT('',(-1.93678648109357,2.5,22.1018158025048));
#8266=CARTESIAN_POINT('',(-4.11876082420349,2.5,22.1018052101135));
#8267=CARTESIAN_POINT('Origin',(-4.11876201659292,2.5,23.5506451129913));
#8268=CARTESIAN_POINT('',(-4.11872948604353,2.5,-15.9746791384111));
#8269=CARTESIAN_POINT('Origin',(0.,3.5,-55.5));
#8270=CARTESIAN_POINT('',(3.02448093891144,3.5,24.9994945526123));
#8271=CARTESIAN_POINT('',(3.51561397314072,3.5,24.9994921684265));
#8272=CARTESIAN_POINT('',(3.02448093891144,3.5,24.9994945526123));
#8273=CARTESIAN_POINT('',(3.51561546325684,3.5,23.8507890701294));
#8274=CARTESIAN_POINT('',(3.51561397314072,3.5,24.9994921684265));
#8275=CARTESIAN_POINT('',(3.86213779449463,3.5,23.5179090499878));
#8276=CARTESIAN_POINT('',(3.51561546325684,3.5,23.8507890701294));
#8277=CARTESIAN_POINT('',(4.81984525918961,3.5,24.9994945526123));
#8278=CARTESIAN_POINT('',(3.86213779449463,3.5,23.5179090499878));
#8279=CARTESIAN_POINT('',(5.42557299137115,3.5,24.9994945526123));
#8280=CARTESIAN_POINT('',(4.81984525918961,3.5,24.9994945526123));
#8281=CARTESIAN_POINT('',(4.20593023300171,3.5,23.1768465042114));
#8282=CARTESIAN_POINT('',(5.42557299137115,3.5,24.9994945526123));
#8283=CARTESIAN_POINT('',(5.31370759010315,3.5,22.1018147468567));
#8284=CARTESIAN_POINT('',(4.20593023300171,3.5,23.1768465042114));
#8285=CARTESIAN_POINT('',(4.67796385288239,3.5,22.1018123626709));
#8286=CARTESIAN_POINT('',(5.31370759010315,3.5,22.1018147468567));
#8287=CARTESIAN_POINT('',(3.51561546325684,3.5,23.2805299758911));
#8288=CARTESIAN_POINT('',(4.67796385288239,3.5,22.1018123626709));
#8289=CARTESIAN_POINT('',(3.51561784744263,3.5,20.999493598938));
#8290=CARTESIAN_POINT('',(3.51561546325684,3.5,23.2805299758911));
#8291=CARTESIAN_POINT('',(3.02448481321335,3.5,20.9994912147522));
#8292=CARTESIAN_POINT('',(3.51561784744263,3.5,20.999493598938));
#8293=CARTESIAN_POINT('',(3.02448481321335,3.5,20.9994912147522));
#8294=CARTESIAN_POINT('Origin',(3.27004745602608,2.5,24.9994933605194));
#8295=CARTESIAN_POINT('',(3.51561397314072,2.5,24.9994921684265));
#8296=CARTESIAN_POINT('',(3.02448093891144,2.5,24.9994945526123));
#8297=CARTESIAN_POINT('',(1.63521911884681,2.5,24.9995012967286));
#8298=CARTESIAN_POINT('',(3.51561397314072,2.5,24.9994921684265));
#8299=CARTESIAN_POINT('',(3.02448093891144,2.5,24.9994945526123));
#8300=CARTESIAN_POINT('Origin',(3.51561471819878,2.5,24.425140619278));
#8301=CARTESIAN_POINT('',(3.51561546325684,2.5,23.8507890701294));
#8302=CARTESIAN_POINT('',(3.51566655828424,2.5,-15.5374274100378));
#8303=CARTESIAN_POINT('',(3.51561546325684,2.5,23.8507890701294));
#8304=CARTESIAN_POINT('Origin',(3.68887662887573,2.5,23.6843490600586));
#8305=CARTESIAN_POINT('',(3.86213779449463,2.5,23.5179090499878));
#8306=CARTESIAN_POINT('',(22.5097664035381,2.5,5.60442288360333));
#8307=CARTESIAN_POINT('',(3.86213779449463,2.5,23.5179090499878));
#8308=CARTESIAN_POINT('Origin',(4.34099152684212,2.5,24.2587018013));
#8309=CARTESIAN_POINT('',(4.81984525918961,2.5,24.9994945526123));
#8310=CARTESIAN_POINT('',(-14.4800184949056,2.5,-4.85763760392031));
#8311=CARTESIAN_POINT('',(4.81984525918961,2.5,24.9994945526123));
#8312=CARTESIAN_POINT('Origin',(5.12270912528038,2.5,24.9994945526123));
#8313=CARTESIAN_POINT('',(5.42557299137115,2.5,24.9994945526123));
#8314=CARTESIAN_POINT('',(2.56135456264019,2.5,24.9994945526123));
#8315=CARTESIAN_POINT('',(5.42557299137115,2.5,24.9994945526123));
#8316=CARTESIAN_POINT('Origin',(4.81575161218643,2.5,24.0881705284119));
#8317=CARTESIAN_POINT('',(4.20593023300171,2.5,23.1768465042114));
#8318=CARTESIAN_POINT('',(-14.3217462763685,2.5,-4.51112458361201));
#8319=CARTESIAN_POINT('',(4.20593023300171,2.5,23.1768465042114));
#8320=CARTESIAN_POINT('Origin',(4.75981891155243,2.5,22.6393306255341));
#8321=CARTESIAN_POINT('',(5.31370759010315,2.5,22.1018147468567));
#8322=CARTESIAN_POINT('',(23.0602118993942,2.5,4.87989231612625));
#8323=CARTESIAN_POINT('',(5.31370759010315,2.5,22.1018147468567));
#8324=CARTESIAN_POINT('Origin',(4.99583572149277,2.5,22.1018135547638));
#8325=CARTESIAN_POINT('',(4.67796385288239,2.5,22.1018123626709));
#8326=CARTESIAN_POINT('',(2.497772348423,2.5,22.1018041864494));
#8327=CARTESIAN_POINT('',(4.67796385288239,2.5,22.1018123626709));
#8328=CARTESIAN_POINT('Origin',(4.09678965806961,2.5,22.691171169281));
#8329=CARTESIAN_POINT('',(3.51561546325684,2.5,23.2805299758911));
#8330=CARTESIAN_POINT('',(22.6327958126275,2.5,3.89412449365021));
#8331=CARTESIAN_POINT('',(3.51561546325684,2.5,23.2805299758911));
#8332=CARTESIAN_POINT('Origin',(3.51561665534973,2.5,22.1400117874146));
#8333=CARTESIAN_POINT('',(3.51561784744263,2.5,20.999493598938));
#8334=CARTESIAN_POINT('',(3.51565723081052,2.5,-16.6799922689532));
#8335=CARTESIAN_POINT('',(3.51561784744263,2.5,20.999493598938));
#8336=CARTESIAN_POINT('Origin',(3.27005133032799,2.5,20.9994924068451));
#8337=CARTESIAN_POINT('',(3.02448481321335,2.5,20.9994912147522));
#8338=CARTESIAN_POINT('',(1.6348399833301,2.5,20.9994844687766));
#8339=CARTESIAN_POINT('',(3.02448481321335,2.5,20.9994912147522));
#8340=CARTESIAN_POINT('Origin',(3.02448287606239,2.5,22.9994928836823));
#8341=CARTESIAN_POINT('',(3.02452089237116,2.5,-16.2502520934033));
#8342=CARTESIAN_POINT('Origin',(0.,3.5,-55.5));
#8343=CARTESIAN_POINT('',(-10.0764453411102,3.5,-8.48619341850281));
#8344=CARTESIAN_POINT('',(-5.07780849933629,3.5,-8.48618924617767));
#8345=CARTESIAN_POINT('',(-10.0764453411102,3.5,-8.48619341850281));
#8346=CARTESIAN_POINT('',(-5.07780909538269,3.5,-9.43025469779968));
#8347=CARTESIAN_POINT('',(-5.07780849933624,3.5,-8.48618924617767));
#8348=CARTESIAN_POINT('',(-9.01778101921082,3.5,-9.43025767803192));
#8349=CARTESIAN_POINT('',(-5.07780909538269,3.5,-9.43025469779968));
#8350=CARTESIAN_POINT('',(-9.01777386665344,3.5,-16.4861917495728));
#8351=CARTESIAN_POINT('',(-9.01778101921082,3.5,-9.43025767803192));
#8352=CARTESIAN_POINT('',(-10.0764393806458,3.5,-16.4861929416656));
#8353=CARTESIAN_POINT('',(-9.01777386665344,3.5,-16.4861917495728));
#8354=CARTESIAN_POINT('',(-10.0764393806458,3.5,-16.4861929416656));
#8355=CARTESIAN_POINT('Origin',(-7.57712692022326,2.5,-8.48619133234024));
#8356=CARTESIAN_POINT('',(-5.07780849933629,2.5,-8.48618924617767));
#8357=CARTESIAN_POINT('',(-10.0764453411102,2.5,-8.48619341850281));
#8358=CARTESIAN_POINT('',(-3.78858308115314,2.5,-8.48618817007077));
#8359=CARTESIAN_POINT('',(-5.07780849933629,2.5,-8.48618924617767));
#8360=CARTESIAN_POINT('',(-10.0764453411102,2.5,-8.48619341850281));
#8361=CARTESIAN_POINT('Origin',(-5.07780879735947,2.5,-8.95822197198868));
#8362=CARTESIAN_POINT('',(-5.07780909538269,2.5,-9.43025469779968));
#8363=CARTESIAN_POINT('',(-5.0778234896986,2.5,-32.2291093830189));
#8364=CARTESIAN_POINT('',(-5.07780909538269,2.5,-9.43025469779968));
#8365=CARTESIAN_POINT('Origin',(-7.04779505729675,2.5,-9.4302561879158));
#8366=CARTESIAN_POINT('',(-9.01778101921082,2.5,-9.43025767803192));
#8367=CARTESIAN_POINT('',(-3.5239149524466,2.5,-9.43025352241937));
#8368=CARTESIAN_POINT('',(-9.01778101921082,2.5,-9.43025767803192));
#8369=CARTESIAN_POINT('Origin',(-9.01777744293213,2.5,-12.9582247138023));
#8370=CARTESIAN_POINT('',(-9.01777386665344,2.5,-16.4861917495728));
#8371=CARTESIAN_POINT('',(-9.01775588075831,2.5,-34.2291169275123));
#8372=CARTESIAN_POINT('',(-9.01777386665344,2.5,-16.4861917495728));
#8373=CARTESIAN_POINT('Origin',(-9.5471066236496,2.5,-16.4861923456192));
#8374=CARTESIAN_POINT('',(-10.0764393806458,2.5,-16.4861929416656));
#8375=CARTESIAN_POINT('',(-4.77357527725917,2.5,-16.4861869704627));
#8376=CARTESIAN_POINT('',(-10.0764393806458,2.5,-16.4861929416656));
#8377=CARTESIAN_POINT('Origin',(-10.076442360878,2.5,-12.4861931800842));
#8378=CARTESIAN_POINT('',(-10.0764263369825,2.5,-33.9931003437977));
#8379=CARTESIAN_POINT('Origin',(0.,3.5,-55.5));
#8380=CARTESIAN_POINT('',(3.63705992698669,3.5,-8.48618388175964));
#8381=CARTESIAN_POINT('',(3.6370661854744,3.5,-16.4861822128296));
#8382=CARTESIAN_POINT('Ctrl Pts',(3.63705992698669,3.5,-8.48618388175964));
#8383=CARTESIAN_POINT('Ctrl Pts',(4.72515121263317,3.5,-8.47560500324507));
#8384=CARTESIAN_POINT('Ctrl Pts',(6.21227465564533,3.5,-8.4227987253247));
#8385=CARTESIAN_POINT('Ctrl Pts',(8.358638860406,3.5,-8.62070794573761));
#8386=CARTESIAN_POINT('Ctrl Pts',(9.83226794622043,3.5,-9.87584581981305));
#8387=CARTESIAN_POINT('Ctrl Pts',(10.2732496237977,3.5,-11.6327086366731));
#8388=CARTESIAN_POINT('Ctrl Pts',(10.2530538166274,3.5,-13.2532031414519));
#8389=CARTESIAN_POINT('Ctrl Pts',(9.95789453444353,3.5,-14.6359486850053));
#8390=CARTESIAN_POINT('Ctrl Pts',(9.02015985979247,3.5,-16.053286116717));
#8391=CARTESIAN_POINT('Ctrl Pts',(7.2417494359187,3.5,-16.5841712766301));
#8392=CARTESIAN_POINT('Ctrl Pts',(5.3762910778323,3.5,-16.3951153657732));
#8393=CARTESIAN_POINT('Ctrl Pts',(4.90626650278841,3.5,-16.4912666554025));
#8394=CARTESIAN_POINT('Ctrl Pts',(3.6370661854744,3.5,-16.4861822128296));
#8395=CARTESIAN_POINT('',(3.63706618136296,3.5,-16.4861822128296));
#8396=CARTESIAN_POINT('',(4.69572454690933,3.5,-9.43024694919586));
#8397=CARTESIAN_POINT('',(4.69572961330414,3.5,-15.5421185493469));
#8398=CARTESIAN_POINT('',(4.69572454690933,3.5,-9.43024694919586));
#8399=CARTESIAN_POINT('Ctrl Pts',(4.69572961330414,3.5,-15.5421185493469));
#8400=CARTESIAN_POINT('Ctrl Pts',(5.31351745490491,3.5,-15.5450509012243));
#8401=CARTESIAN_POINT('Ctrl Pts',(6.00527964170181,3.5,-15.4935584660081));
#8402=CARTESIAN_POINT('Ctrl Pts',(7.44972110060797,3.5,-15.620422924426));
#8403=CARTESIAN_POINT('Ctrl Pts',(8.66474532836238,3.5,-14.8809365375825));
#8404=CARTESIAN_POINT('Ctrl Pts',(9.18112432695602,3.5,-13.468543155563));
#8405=CARTESIAN_POINT('Ctrl Pts',(9.18327168994056,3.5,-11.9738398637017));
#8406=CARTESIAN_POINT('Ctrl Pts',(8.9102628919871,3.5,-10.549816764657));
#8407=CARTESIAN_POINT('Ctrl Pts',(8.00784948840018,3.5,-9.58040695780124));
#8408=CARTESIAN_POINT('Ctrl Pts',(6.50399952371326,3.5,-9.37929627124687));
#8409=CARTESIAN_POINT('Ctrl Pts',(5.43626234680521,3.5,-9.42566705861517));
#8410=CARTESIAN_POINT('Ctrl Pts',(4.69572454690933,3.5,-9.43024694919586));
#8411=CARTESIAN_POINT('Ctrl Pts',(3.63705992698669,2.5,-8.48618388175964));
#8412=CARTESIAN_POINT('Ctrl Pts',(3.63705992698669,3.5,-8.48618388175964));
#8413=CARTESIAN_POINT('Ctrl Pts',(4.72515121263317,2.5,-8.47560500324507));
#8414=CARTESIAN_POINT('Ctrl Pts',(4.72515121263317,3.5,-8.47560500324507));
#8415=CARTESIAN_POINT('Ctrl Pts',(6.21227465564533,2.5,-8.4227987253247));
#8416=CARTESIAN_POINT('Ctrl Pts',(6.21227465564533,3.5,-8.4227987253247));
#8417=CARTESIAN_POINT('Ctrl Pts',(8.358638860406,2.5,-8.62070794573761));
#8418=CARTESIAN_POINT('Ctrl Pts',(8.358638860406,3.5,-8.62070794573761));
#8419=CARTESIAN_POINT('Ctrl Pts',(9.83226794622043,2.5,-9.87584581981305));
#8420=CARTESIAN_POINT('Ctrl Pts',(9.83226794622043,3.5,-9.87584581981305));
#8421=CARTESIAN_POINT('Ctrl Pts',(10.2732496237977,2.5,-11.6327086366731));
#8422=CARTESIAN_POINT('Ctrl Pts',(10.2732496237977,3.5,-11.6327086366731));
#8423=CARTESIAN_POINT('Ctrl Pts',(10.2530538166274,2.5,-13.2532031414519));
#8424=CARTESIAN_POINT('Ctrl Pts',(10.2530538166274,3.5,-13.2532031414519));
#8425=CARTESIAN_POINT('Ctrl Pts',(9.95789453444353,2.5,-14.6359486850053));
#8426=CARTESIAN_POINT('Ctrl Pts',(9.95789453444353,3.5,-14.6359486850053));
#8427=CARTESIAN_POINT('Ctrl Pts',(9.02015985979247,2.5,-16.053286116717));
#8428=CARTESIAN_POINT('Ctrl Pts',(9.02015985979247,3.5,-16.053286116717));
#8429=CARTESIAN_POINT('Ctrl Pts',(7.2417494359187,2.5,-16.5841712766301));
#8430=CARTESIAN_POINT('Ctrl Pts',(7.2417494359187,3.5,-16.5841712766301));
#8431=CARTESIAN_POINT('Ctrl Pts',(5.3762910778323,2.5,-16.3951153657732));
#8432=CARTESIAN_POINT('Ctrl Pts',(5.3762910778323,3.5,-16.3951153657732));
#8433=CARTESIAN_POINT('Ctrl Pts',(4.90626650278841,2.5,-16.4912666554025));
#8434=CARTESIAN_POINT('Ctrl Pts',(4.90626650278841,3.5,-16.4912666554025));
#8435=CARTESIAN_POINT('Ctrl Pts',(3.6370661854744,2.5,-16.4861822128296));
#8436=CARTESIAN_POINT('Ctrl Pts',(3.6370661854744,3.5,-16.4861822128296));
#8437=CARTESIAN_POINT('',(3.6370661854744,2.5,-16.4861822128296));
#8438=CARTESIAN_POINT('',(3.63705992698669,2.5,-8.48618388175964));
#8439=CARTESIAN_POINT('Ctrl Pts',(3.6370661854744,2.5,-16.4861822128296));
#8440=CARTESIAN_POINT('Ctrl Pts',(4.90626650278841,2.5,-16.4912666554025));
#8441=CARTESIAN_POINT('Ctrl Pts',(5.3762910778323,2.5,-16.3951153657732));
#8442=CARTESIAN_POINT('Ctrl Pts',(7.2417494359187,2.5,-16.5841712766301));
#8443=CARTESIAN_POINT('Ctrl Pts',(9.02015985979247,2.5,-16.053286116717));
#8444=CARTESIAN_POINT('Ctrl Pts',(9.95789453444353,2.5,-14.6359486850053));
#8445=CARTESIAN_POINT('Ctrl Pts',(10.2530538166274,2.5,-13.2532031414519));
#8446=CARTESIAN_POINT('Ctrl Pts',(10.2732496237977,2.5,-11.6327086366731));
#8447=CARTESIAN_POINT('Ctrl Pts',(9.83226794622043,2.5,-9.87584581981305));
#8448=CARTESIAN_POINT('Ctrl Pts',(8.358638860406,2.5,-8.62070794573761));
#8449=CARTESIAN_POINT('Ctrl Pts',(6.21227465564533,2.5,-8.4227987253247));
#8450=CARTESIAN_POINT('Ctrl Pts',(4.72515121263317,2.5,-8.47560500324507));
#8451=CARTESIAN_POINT('Ctrl Pts',(3.63705992698669,2.5,-8.48618388175964));
#8452=CARTESIAN_POINT('',(3.6370661854744,2.5,-16.4861822128296));
#8453=CARTESIAN_POINT('',(3.63705992698669,2.5,-8.48618388175964));
#8454=CARTESIAN_POINT('Origin',(3.63706305651275,2.5,-12.4861830472946));
#8455=CARTESIAN_POINT('',(3.637079857982,2.5,-33.9930901029742));
#8456=CARTESIAN_POINT('Origin',(4.69572708010674,2.5,-12.4861827492714));
#8457=CARTESIAN_POINT('',(4.69572961330414,2.5,-15.5421185493469));
#8458=CARTESIAN_POINT('',(4.69572454690933,2.5,-9.43024694919586));
#8459=CARTESIAN_POINT('',(4.6957449081122,2.5,-33.9930894283752));
#8460=CARTESIAN_POINT('',(4.69572961330414,2.5,-15.5421185493469));
#8461=CARTESIAN_POINT('',(4.69572454690933,2.5,-9.43024694919586));
#8462=CARTESIAN_POINT('Ctrl Pts',(4.69572961330414,2.5,-15.5421185493469));
#8463=CARTESIAN_POINT('Ctrl Pts',(4.69572961330414,3.5,-15.5421185493469));
#8464=CARTESIAN_POINT('Ctrl Pts',(5.31351745490491,2.5,-15.5450509012243));
#8465=CARTESIAN_POINT('Ctrl Pts',(5.31351745490491,3.5,-15.5450509012243));
#8466=CARTESIAN_POINT('Ctrl Pts',(6.00527964170181,2.5,-15.4935584660081));
#8467=CARTESIAN_POINT('Ctrl Pts',(6.00527964170181,3.5,-15.4935584660081));
#8468=CARTESIAN_POINT('Ctrl Pts',(7.44972110060797,2.5,-15.620422924426));
#8469=CARTESIAN_POINT('Ctrl Pts',(7.44972110060797,3.5,-15.620422924426));
#8470=CARTESIAN_POINT('Ctrl Pts',(8.66474532836238,2.5,-14.8809365375825));
#8471=CARTESIAN_POINT('Ctrl Pts',(8.66474532836238,3.5,-14.8809365375825));
#8472=CARTESIAN_POINT('Ctrl Pts',(9.18112432695602,2.5,-13.468543155563));
#8473=CARTESIAN_POINT('Ctrl Pts',(9.18112432695602,3.5,-13.468543155563));
#8474=CARTESIAN_POINT('Ctrl Pts',(9.18327168994056,2.5,-11.9738398637017));
#8475=CARTESIAN_POINT('Ctrl Pts',(9.18327168994056,3.5,-11.9738398637017));
#8476=CARTESIAN_POINT('Ctrl Pts',(8.9102628919871,2.5,-10.549816764657));
#8477=CARTESIAN_POINT('Ctrl Pts',(8.9102628919871,3.5,-10.549816764657));
#8478=CARTESIAN_POINT('Ctrl Pts',(8.00784948840018,2.5,-9.58040695780124));
#8479=CARTESIAN_POINT('Ctrl Pts',(8.00784948840018,3.5,-9.58040695780124));
#8480=CARTESIAN_POINT('Ctrl Pts',(6.50399952371326,2.5,-9.37929627124687));
#8481=CARTESIAN_POINT('Ctrl Pts',(6.50399952371326,3.5,-9.37929627124687));
#8482=CARTESIAN_POINT('Ctrl Pts',(5.43626234680521,2.5,-9.42566705861517));
#8483=CARTESIAN_POINT('Ctrl Pts',(5.43626234680521,3.5,-9.42566705861517));
#8484=CARTESIAN_POINT('Ctrl Pts',(4.69572454690933,2.5,-9.43024694919586));
#8485=CARTESIAN_POINT('Ctrl Pts',(4.69572454690933,3.5,-9.43024694919586));
#8486=CARTESIAN_POINT('Ctrl Pts',(4.69572454690933,2.5,-9.43024694919586));
#8487=CARTESIAN_POINT('Ctrl Pts',(5.43626234680521,2.5,-9.42566705861517));
#8488=CARTESIAN_POINT('Ctrl Pts',(6.50399952371326,2.5,-9.37929627124687));
#8489=CARTESIAN_POINT('Ctrl Pts',(8.00784948840018,2.5,-9.58040695780124));
#8490=CARTESIAN_POINT('Ctrl Pts',(8.9102628919871,2.5,-10.549816764657));
#8491=CARTESIAN_POINT('Ctrl Pts',(9.18327168994056,2.5,-11.9738398637017));
#8492=CARTESIAN_POINT('Ctrl Pts',(9.18112432695602,2.5,-13.468543155563));
#8493=CARTESIAN_POINT('Ctrl Pts',(8.66474532836238,2.5,-14.8809365375825));
#8494=CARTESIAN_POINT('Ctrl Pts',(7.44972110060797,2.5,-15.620422924426));
#8495=CARTESIAN_POINT('Ctrl Pts',(6.00527964170181,2.5,-15.4935584660081));
#8496=CARTESIAN_POINT('Ctrl Pts',(5.31351745490491,2.5,-15.5450509012243));
#8497=CARTESIAN_POINT('Ctrl Pts',(4.69572961330414,2.5,-15.5421185493469));
#8498=CARTESIAN_POINT('Origin',(0.,2.5,-55.5));
#8499=CARTESIAN_POINT('Origin',(0.,3.5,-55.5));
#8500=CARTESIAN_POINT('',(-6.8186092376709,3.5,2.1331799030304));
#8501=CARTESIAN_POINT('',(-10.0982820987701,3.5,1.35282129049301));
#8502=CARTESIAN_POINT('Ctrl Pts',(-6.8186092376709,3.5,2.1331799030304));
#8503=CARTESIAN_POINT('Ctrl Pts',(-6.9798395656868,3.5,2.52863172374633));
#8504=CARTESIAN_POINT('Ctrl Pts',(-7.42411109087818,3.5,3.28981706645661));
#8505=CARTESIAN_POINT('Ctrl Pts',(-8.82481715906101,3.5,3.42219257184009));
#8506=CARTESIAN_POINT('Ctrl Pts',(-9.91260627555343,3.5,2.64827443983288));
#8507=CARTESIAN_POINT('Ctrl Pts',(-10.0548301000554,3.5,1.761119173937));
#8508=CARTESIAN_POINT('Ctrl Pts',(-10.0982820987701,3.5,1.35282129049301));
#8509=CARTESIAN_POINT('',(-5.77631652355194,3.5,1.35282471776009));
#8510=CARTESIAN_POINT('',(-10.0982820987701,3.5,1.35282129049301));
#8511=CARTESIAN_POINT('',(-5.80360174179077,3.5,2.25869089365005));
#8512=CARTESIAN_POINT('Ctrl Pts',(-5.77631652355194,3.5,1.35282471776009));
#8513=CARTESIAN_POINT('Ctrl Pts',(-5.75234389263318,3.5,0.566866234358919));
#8514=CARTESIAN_POINT('Ctrl Pts',(-5.97505246651146,3.5,-1.18599307833988));
#8515=CARTESIAN_POINT('Ctrl Pts',(-8.09138129924262,3.5,-2.14849907003518));
#8516=CARTESIAN_POINT('Ctrl Pts',(-9.87110943129101,3.5,-1.6926820469428));
#8517=CARTESIAN_POINT('Ctrl Pts',(-10.9106464416183,3.5,-0.577064688640623));
#8518=CARTESIAN_POINT('Ctrl Pts',(-11.1572344735565,3.5,0.890752284907262));
#8519=CARTESIAN_POINT('Ctrl Pts',(-11.0775247872731,3.5,2.43429203586794));
#8520=CARTESIAN_POINT('Ctrl Pts',(-10.0862113665936,3.5,3.87878650775858));
#8521=CARTESIAN_POINT('Ctrl Pts',(-8.36021074422828,3.5,4.25591529471176));
#8522=CARTESIAN_POINT('Ctrl Pts',(-6.56394948213618,3.5,3.87274327176523));
#8523=CARTESIAN_POINT('Ctrl Pts',(-5.99350817249594,3.5,2.80491502800947));
#8524=CARTESIAN_POINT('Ctrl Pts',(-5.80360174179077,3.5,2.25869089365005));
#8525=CARTESIAN_POINT('',(-5.80360174179077,3.5,2.25869089365005));
#8526=CARTESIAN_POINT('',(-10.0437116622925,3.5,0.545183643698692));
#8527=CARTESIAN_POINT('',(-6.80769324302673,3.5,0.545185804367065));
#8528=CARTESIAN_POINT('Ctrl Pts',(-10.0437116622925,3.5,0.545183643698692));
#8529=CARTESIAN_POINT('Ctrl Pts',(-9.98529436626676,3.5,0.113894363975395));
#8530=CARTESIAN_POINT('Ctrl Pts',(-9.73302957300261,3.5,-0.758158359068242));
#8531=CARTESIAN_POINT('Ctrl Pts',(-8.41726789558779,3.5,-1.29690113766804));
#8532=CARTESIAN_POINT('Ctrl Pts',(-7.08174750060964,3.5,-0.780370202437233));
#8533=CARTESIAN_POINT('Ctrl Pts',(-6.85920172597824,3.5,0.11782103885378));
#8534=CARTESIAN_POINT('Ctrl Pts',(-6.80769324302673,3.5,0.545185804367065));
#8535=CARTESIAN_POINT('',(-6.80769324302673,3.5,0.545185806763648));
#8536=CARTESIAN_POINT('Ctrl Pts',(-6.8186092376709,2.5,2.1331799030304));
#8537=CARTESIAN_POINT('Ctrl Pts',(-6.8186092376709,3.5,2.1331799030304));
#8538=CARTESIAN_POINT('Ctrl Pts',(-6.9798395656868,2.5,2.52863172374633));
#8539=CARTESIAN_POINT('Ctrl Pts',(-6.9798395656868,3.5,2.52863172374633));
#8540=CARTESIAN_POINT('Ctrl Pts',(-7.42411109087818,2.5,3.28981706645661));
#8541=CARTESIAN_POINT('Ctrl Pts',(-7.42411109087818,3.5,3.28981706645661));
#8542=CARTESIAN_POINT('Ctrl Pts',(-8.82481715906101,2.5,3.42219257184009));
#8543=CARTESIAN_POINT('Ctrl Pts',(-8.82481715906101,3.5,3.42219257184009));
#8544=CARTESIAN_POINT('Ctrl Pts',(-9.91260627555343,2.5,2.64827443983288));
#8545=CARTESIAN_POINT('Ctrl Pts',(-9.91260627555343,3.5,2.64827443983288));
#8546=CARTESIAN_POINT('Ctrl Pts',(-10.0548301000554,2.5,1.761119173937));
#8547=CARTESIAN_POINT('Ctrl Pts',(-10.0548301000554,3.5,1.761119173937));
#8548=CARTESIAN_POINT('Ctrl Pts',(-10.0982820987701,2.5,1.35282129049301));
#8549=CARTESIAN_POINT('Ctrl Pts',(-10.0982820987701,3.5,1.35282129049301));
#8550=CARTESIAN_POINT('',(-10.0982820987701,2.5,1.35282129049301));
#8551=CARTESIAN_POINT('',(-6.8186092376709,2.5,2.1331799030304));
#8552=CARTESIAN_POINT('Ctrl Pts',(-10.0982820987701,2.5,1.35282129049301));
#8553=CARTESIAN_POINT('Ctrl Pts',(-10.0548301000554,2.5,1.761119173937));
#8554=CARTESIAN_POINT('Ctrl Pts',(-9.91260627555343,2.5,2.64827443983288));
#8555=CARTESIAN_POINT('Ctrl Pts',(-8.82481715906101,2.5,3.42219257184009));
#8556=CARTESIAN_POINT('Ctrl Pts',(-7.42411109087818,2.5,3.28981706645661));
#8557=CARTESIAN_POINT('Ctrl Pts',(-6.9798395656868,2.5,2.52863172374633));
#8558=CARTESIAN_POINT('Ctrl Pts',(-6.8186092376709,2.5,2.1331799030304));
#8559=CARTESIAN_POINT('',(-10.0982820987701,2.5,1.35282129049301));
#8560=CARTESIAN_POINT('',(-6.8186092376709,2.5,2.1331799030304));
#8561=CARTESIAN_POINT('Origin',(-7.93729931116104,2.5,1.35282300412655));
#8562=CARTESIAN_POINT('',(-5.77631652355194,2.5,1.35282471776009));
#8563=CARTESIAN_POINT('',(-3.96867219738778,2.5,1.35282615120044));
#8564=CARTESIAN_POINT('',(-5.77631652355194,2.5,1.35282471776009));
#8565=CARTESIAN_POINT('Ctrl Pts',(-5.77631652355194,2.5,1.35282471776009));
#8566=CARTESIAN_POINT('Ctrl Pts',(-5.77631652355194,3.5,1.35282471776009));
#8567=CARTESIAN_POINT('Ctrl Pts',(-5.75234389263318,2.5,0.566866234358919));
#8568=CARTESIAN_POINT('Ctrl Pts',(-5.75234389263318,3.5,0.566866234358919));
#8569=CARTESIAN_POINT('Ctrl Pts',(-5.97505246651146,2.5,-1.18599307833988));
#8570=CARTESIAN_POINT('Ctrl Pts',(-5.97505246651146,3.5,-1.18599307833988));
#8571=CARTESIAN_POINT('Ctrl Pts',(-8.09138129924262,2.5,-2.14849907003518));
#8572=CARTESIAN_POINT('Ctrl Pts',(-8.09138129924262,3.5,-2.14849907003518));
#8573=CARTESIAN_POINT('Ctrl Pts',(-9.87110943129101,2.5,-1.6926820469428));
#8574=CARTESIAN_POINT('Ctrl Pts',(-9.87110943129101,3.5,-1.6926820469428));
#8575=CARTESIAN_POINT('Ctrl Pts',(-10.9106464416183,2.5,-0.577064688640622));
#8576=CARTESIAN_POINT('Ctrl Pts',(-10.9106464416183,3.5,-0.577064688640623));
#8577=CARTESIAN_POINT('Ctrl Pts',(-11.1572344735565,2.5,0.890752284907262));
#8578=CARTESIAN_POINT('Ctrl Pts',(-11.1572344735565,3.5,0.890752284907262));
#8579=CARTESIAN_POINT('Ctrl Pts',(-11.0775247872731,2.5,2.43429203586794));
#8580=CARTESIAN_POINT('Ctrl Pts',(-11.0775247872731,3.5,2.43429203586794));
#8581=CARTESIAN_POINT('Ctrl Pts',(-10.0862113665936,2.5,3.87878650775858));
#8582=CARTESIAN_POINT('Ctrl Pts',(-10.0862113665936,3.5,3.87878650775858));
#8583=CARTESIAN_POINT('Ctrl Pts',(-8.36021074422828,2.5,4.25591529471176));
#8584=CARTESIAN_POINT('Ctrl Pts',(-8.36021074422828,3.5,4.25591529471176));
#8585=CARTESIAN_POINT('Ctrl Pts',(-6.56394948213618,2.5,3.87274327176523));
#8586=CARTESIAN_POINT('Ctrl Pts',(-6.56394948213618,3.5,3.87274327176523));
#8587=CARTESIAN_POINT('Ctrl Pts',(-5.99350817249594,2.5,2.80491502800947));
#8588=CARTESIAN_POINT('Ctrl Pts',(-5.99350817249594,3.5,2.80491502800947));
#8589=CARTESIAN_POINT('Ctrl Pts',(-5.80360174179077,2.5,2.25869089365005));
#8590=CARTESIAN_POINT('Ctrl Pts',(-5.80360174179077,3.5,2.25869089365005));
#8591=CARTESIAN_POINT('',(-5.80360174179077,2.5,2.25869089365005));
#8592=CARTESIAN_POINT('Ctrl Pts',(-5.80360174179077,2.5,2.25869089365005));
#8593=CARTESIAN_POINT('Ctrl Pts',(-5.99350817249594,2.5,2.80491502800947));
#8594=CARTESIAN_POINT('Ctrl Pts',(-6.56394948213618,2.5,3.87274327176523));
#8595=CARTESIAN_POINT('Ctrl Pts',(-8.36021074422828,2.5,4.25591529471176));
#8596=CARTESIAN_POINT('Ctrl Pts',(-10.0862113665936,2.5,3.87878650775858));
#8597=CARTESIAN_POINT('Ctrl Pts',(-11.0775247872731,2.5,2.43429203586794));
#8598=CARTESIAN_POINT('Ctrl Pts',(-11.1572344735565,2.5,0.890752284907262));
#8599=CARTESIAN_POINT('Ctrl Pts',(-10.9106464416183,2.5,-0.577064688640622));
#8600=CARTESIAN_POINT('Ctrl Pts',(-9.87110943129101,2.5,-1.6926820469428));
#8601=CARTESIAN_POINT('Ctrl Pts',(-8.09138129924262,2.5,-2.14849907003518));
#8602=CARTESIAN_POINT('Ctrl Pts',(-5.97505246651146,2.5,-1.18599307833988));
#8603=CARTESIAN_POINT('Ctrl Pts',(-5.75234389263318,2.5,0.56686623435892));
#8604=CARTESIAN_POINT('Ctrl Pts',(-5.77631652355194,2.5,1.35282471776009));
#8605=CARTESIAN_POINT('',(-5.80360174179077,2.5,2.25869089365005));
#8606=CARTESIAN_POINT('Origin',(-6.31110548973083,2.5,2.19593539834023));
#8607=CARTESIAN_POINT('',(-6.71655539606709,2.5,2.14579939481566));
#8608=CARTESIAN_POINT('Ctrl Pts',(-10.0437116622925,2.5,0.545183643698692));
#8609=CARTESIAN_POINT('Ctrl Pts',(-10.0437116622925,3.5,0.545183643698692));
#8610=CARTESIAN_POINT('Ctrl Pts',(-9.98529436626676,2.5,0.113894363975395));
#8611=CARTESIAN_POINT('Ctrl Pts',(-9.98529436626676,3.5,0.113894363975395));
#8612=CARTESIAN_POINT('Ctrl Pts',(-9.73302957300261,2.5,-0.758158359068242));
#8613=CARTESIAN_POINT('Ctrl Pts',(-9.73302957300261,3.5,-0.758158359068242));
#8614=CARTESIAN_POINT('Ctrl Pts',(-8.41726789558779,2.5,-1.29690113766804));
#8615=CARTESIAN_POINT('Ctrl Pts',(-8.41726789558779,3.5,-1.29690113766804));
#8616=CARTESIAN_POINT('Ctrl Pts',(-7.08174750060964,2.5,-0.780370202437233));
#8617=CARTESIAN_POINT('Ctrl Pts',(-7.08174750060964,3.5,-0.780370202437233));
#8618=CARTESIAN_POINT('Ctrl Pts',(-6.85920172597824,2.5,0.11782103885378));
#8619=CARTESIAN_POINT('Ctrl Pts',(-6.85920172597824,3.5,0.11782103885378));
#8620=CARTESIAN_POINT('Ctrl Pts',(-6.80769324302673,2.5,0.545185804367065));
#8621=CARTESIAN_POINT('Ctrl Pts',(-6.80769324302673,3.5,0.545185804367065));
#8622=CARTESIAN_POINT('',(-6.80769324302673,2.5,0.545185804367065));
#8623=CARTESIAN_POINT('',(-10.0437116622925,2.5,0.545183643698692));
#8624=CARTESIAN_POINT('Ctrl Pts',(-6.80769324302673,2.5,0.545185804367065));
#8625=CARTESIAN_POINT('Ctrl Pts',(-6.85920172597824,2.5,0.11782103885378));
#8626=CARTESIAN_POINT('Ctrl Pts',(-7.08174750060964,2.5,-0.780370202437233));
#8627=CARTESIAN_POINT('Ctrl Pts',(-8.41726789558779,2.5,-1.29690113766804));
#8628=CARTESIAN_POINT('Ctrl Pts',(-9.73302957300261,2.5,-0.758158359068242));
#8629=CARTESIAN_POINT('Ctrl Pts',(-9.98529436626676,2.5,0.113894363975395));
#8630=CARTESIAN_POINT('Ctrl Pts',(-10.0437116622925,2.5,0.545183643698692));
#8631=CARTESIAN_POINT('',(-6.80769324302673,2.5,0.545185804367065));
#8632=CARTESIAN_POINT('',(-10.0437116622925,2.5,0.545183643698692));
#8633=CARTESIAN_POINT('Origin',(-8.42570245265961,2.5,0.545184725889184));
#8634=CARTESIAN_POINT('',(-4.21286994619084,2.5,0.545187540176673));
#8635=CARTESIAN_POINT('Origin',(0.,2.5,-55.5));
#8636=CARTESIAN_POINT('Origin',(0.,3.5,-55.5));
#8637=CARTESIAN_POINT('',(-6.68765425682068,3.5,16.4851582050323));
#8638=CARTESIAN_POINT('',(-5.77087223529816,3.5,16.4851593971252));
#8639=CARTESIAN_POINT('',(-6.68765425682068,3.5,16.4851582050323));
#8640=CARTESIAN_POINT('',(-3.57714504003525,3.5,10.6897985935211));
#8641=CARTESIAN_POINT('',(-5.77087223529816,3.5,16.4851593971252));
#8642=CARTESIAN_POINT('',(-4.58669453859329,3.5,10.6897974014282));
#8643=CARTESIAN_POINT('',(-3.57714504003525,3.5,10.6897985935211));
#8644=CARTESIAN_POINT('',(-6.24017775058743,3.5,15.3282713890076));
#8645=CARTESIAN_POINT('Ctrl Pts',(-4.58669453859333,3.5,10.6897974014282));
#8646=CARTESIAN_POINT('Ctrl Pts',(-5.14744456821156,3.5,12.2310899633506));
#8647=CARTESIAN_POINT('Ctrl Pts',(-5.76433529112923,3.5,13.7591068433162));
#8648=CARTESIAN_POINT('Ctrl Pts',(-6.24017775058743,3.5,15.3282713890076));
#8649=CARTESIAN_POINT('',(-7.85545110702229,3.5,10.6897950172504));
#8650=CARTESIAN_POINT('Ctrl Pts',(-6.24017775058746,3.5,15.3282713890076));
#8651=CARTESIAN_POINT('Ctrl Pts',(-6.69349166817653,3.5,13.7565807561882));
#8652=CARTESIAN_POINT('Ctrl Pts',(-7.30486144887591,3.5,12.2305247605457));
#8653=CARTESIAN_POINT('Ctrl Pts',(-7.85545110702229,3.5,10.6897950172504));
#8654=CARTESIAN_POINT('',(-8.89228641986847,3.5,10.6897938251495));
#8655=CARTESIAN_POINT('',(-7.85545110702515,3.5,10.6897950172424));
#8656=CARTESIAN_POINT('',(-8.89228641986847,3.5,10.6897938251495));
#8657=CARTESIAN_POINT('Origin',(-6.22926324605942,2.5,16.4851588010788));
#8658=CARTESIAN_POINT('',(-5.77087223529816,2.5,16.4851593971252));
#8659=CARTESIAN_POINT('',(-6.68765425682068,2.5,16.4851582050323));
#8660=CARTESIAN_POINT('',(-3.11467842423437,2.5,16.4851628509776));
#8661=CARTESIAN_POINT('',(-5.77087223529816,2.5,16.4851593971252));
#8662=CARTESIAN_POINT('',(-6.68765425682068,2.5,16.4851582050323));
#8663=CARTESIAN_POINT('Origin',(-4.6740086376667,2.5,13.5874789953232));
#8664=CARTESIAN_POINT('',(-3.57714504003525,2.5,10.6897985935211));
#8665=CARTESIAN_POINT('',(7.05600061154983,2.5,-17.4007113209647));
#8666=CARTESIAN_POINT('',(-3.57714504003525,2.5,10.6897985935211));
#8667=CARTESIAN_POINT('Origin',(-4.08191978931427,2.5,10.6897979974747));
#8668=CARTESIAN_POINT('',(-4.58669453859329,2.5,10.6897974014282));
#8669=CARTESIAN_POINT('',(-2.04099897366901,2.5,10.689800407428));
#8670=CARTESIAN_POINT('',(-4.58669453859329,2.5,10.6897974014282));
#8671=CARTESIAN_POINT('Ctrl Pts',(-4.58669453859333,2.5,10.6897974014282));
#8672=CARTESIAN_POINT('Ctrl Pts',(-4.58669453859333,3.5,10.6897974014282));
#8673=CARTESIAN_POINT('Ctrl Pts',(-5.14744456821156,2.5,12.2310899633506));
#8674=CARTESIAN_POINT('Ctrl Pts',(-5.14744456821156,3.5,12.2310899633506));
#8675=CARTESIAN_POINT('Ctrl Pts',(-5.76433529112923,2.5,13.7591068433162));
#8676=CARTESIAN_POINT('Ctrl Pts',(-5.76433529112923,3.5,13.7591068433162));
#8677=CARTESIAN_POINT('Ctrl Pts',(-6.24017775058743,2.5,15.3282713890076));
#8678=CARTESIAN_POINT('Ctrl Pts',(-6.24017775058743,3.5,15.3282713890076));
#8679=CARTESIAN_POINT('',(-6.24017775058743,2.5,15.3282713890076));
#8680=CARTESIAN_POINT('Ctrl Pts',(-6.24017775058743,2.5,15.3282713890076));
#8681=CARTESIAN_POINT('Ctrl Pts',(-5.76433529112923,2.5,13.7591068433162));
#8682=CARTESIAN_POINT('Ctrl Pts',(-5.14744456821156,2.5,12.2310899633506));
#8683=CARTESIAN_POINT('Ctrl Pts',(-4.58669453859333,2.5,10.6897974014282));
#8684=CARTESIAN_POINT('',(-6.24017775058743,2.5,15.3282713890076));
#8685=CARTESIAN_POINT('Ctrl Pts',(-6.24017775058746,2.5,15.3282713890076));
#8686=CARTESIAN_POINT('Ctrl Pts',(-6.24017775058746,3.5,15.3282713890076));
#8687=CARTESIAN_POINT('Ctrl Pts',(-6.69349166817653,2.5,13.7565807561882));
#8688=CARTESIAN_POINT('Ctrl Pts',(-6.69349166817653,3.5,13.7565807561882));
#8689=CARTESIAN_POINT('Ctrl Pts',(-7.30486144887591,2.5,12.2305247605457));
#8690=CARTESIAN_POINT('Ctrl Pts',(-7.30486144887591,3.5,12.2305247605457));
#8691=CARTESIAN_POINT('Ctrl Pts',(-7.85545110702229,2.5,10.6897950172504));
#8692=CARTESIAN_POINT('Ctrl Pts',(-7.85545110702229,3.5,10.6897950172504));
#8693=CARTESIAN_POINT('',(-7.85545110702229,2.5,10.6897950172504));
#8694=CARTESIAN_POINT('Ctrl Pts',(-7.85545110702229,2.5,10.6897950172504));
#8695=CARTESIAN_POINT('Ctrl Pts',(-7.30486144887591,2.5,12.2305247605457));
#8696=CARTESIAN_POINT('Ctrl Pts',(-6.69349166817653,2.5,13.7565807561882));
#8697=CARTESIAN_POINT('Ctrl Pts',(-6.24017775058746,2.5,15.3282713890076));
#8698=CARTESIAN_POINT('',(-7.85545110702229,2.5,10.6897950172504));
#8699=CARTESIAN_POINT('Origin',(-8.37386876344681,2.5,10.689794421196));
#8700=CARTESIAN_POINT('',(-8.89228641986847,2.5,10.6897938251495));
#8701=CARTESIAN_POINT('',(-4.18697243231552,2.5,10.6897992350457));
#8702=CARTESIAN_POINT('',(-8.89228641986847,2.5,10.6897938251495));
#8703=CARTESIAN_POINT('Origin',(-7.78997033834457,2.5,13.5874760150909));
#8704=CARTESIAN_POINT('',(-18.7771935439502,2.5,-15.2948759104843));
#8705=CARTESIAN_POINT('Origin',(0.,3.5,-55.5));
#8706=CARTESIAN_POINT('',(13.448783159256,3.5,3.99949967861176));
#8707=CARTESIAN_POINT('',(14.4310486316681,3.5,3.99949997663498));
#8708=CARTESIAN_POINT('',(13.448783159256,3.5,3.99949967861176));
#8709=CARTESIAN_POINT('',(17.1759343147278,3.5,3.99950236082077));
#8710=CARTESIAN_POINT('Ctrl Pts',(14.4310486316681,3.5,3.99949997663498));
#8711=CARTESIAN_POINT('Ctrl Pts',(14.4255861778146,3.5,3.00758375498638));
#8712=CARTESIAN_POINT('Ctrl Pts',(14.4256714877698,3.5,1.58907058955556));
#8713=CARTESIAN_POINT('Ctrl Pts',(14.4361443420399,3.5,-0.578327566551283));
#8714=CARTESIAN_POINT('Ctrl Pts',(15.7110955994869,3.5,-1.189870661708));
#8715=CARTESIAN_POINT('Ctrl Pts',(16.7078224983409,3.5,-0.969403692519338));
#8716=CARTESIAN_POINT('Ctrl Pts',(17.1698680472382,3.5,-0.352644837793336));
#8717=CARTESIAN_POINT('Ctrl Pts',(17.1731022008033,3.5,0.390294102347087));
#8718=CARTESIAN_POINT('Ctrl Pts',(17.1957776926585,3.5,1.82443160284191));
#8719=CARTESIAN_POINT('Ctrl Pts',(17.1833083347339,3.5,3.03589574991455));
#8720=CARTESIAN_POINT('Ctrl Pts',(17.1759343147278,3.5,3.99950236082077));
#8721=CARTESIAN_POINT('',(18.1581974029541,3.5,3.99950355291367));
#8722=CARTESIAN_POINT('',(17.1759343147278,3.5,3.99950236082077));
#8723=CARTESIAN_POINT('',(14.3328237533569,3.5,-0.971852242946625));
#8724=CARTESIAN_POINT('Ctrl Pts',(18.1581974029541,3.5,3.99950355291367));
#8725=CARTESIAN_POINT('Ctrl Pts',(18.1601094134355,3.5,3.11406674198538));
#8726=CARTESIAN_POINT('Ctrl Pts',(18.137543156407,3.5,1.77490265018692));
#8727=CARTESIAN_POINT('Ctrl Pts',(18.1996354949,3.5,0.0321051793380034));
#8728=CARTESIAN_POINT('Ctrl Pts',(17.9264032177805,3.5,-1.60841036986405));
#8729=CARTESIAN_POINT('Ctrl Pts',(16.3244618630656,3.5,-2.06306054076836));
#8730=CARTESIAN_POINT('Ctrl Pts',(15.0056190466589,3.5,-1.74597241614557));
#8731=CARTESIAN_POINT('Ctrl Pts',(14.55049325858,3.5,-1.22060381836169));
#8732=CARTESIAN_POINT('Ctrl Pts',(14.3328237533569,3.5,-0.971852242946625));
#8733=CARTESIAN_POINT('',(14.3328261375427,3.5,-1.79586231708527));
#8734=CARTESIAN_POINT('',(14.3328237533569,3.5,-0.971852242946625));
#8735=CARTESIAN_POINT('',(13.4487879276276,3.5,-1.79586380720139));
#8736=CARTESIAN_POINT('',(14.3328261375427,3.5,-1.79586231708527));
#8737=CARTESIAN_POINT('',(13.4487879276276,3.5,-1.79586380720139));
#8738=CARTESIAN_POINT('Origin',(13.939915895462,2.5,3.99949982762337));
#8739=CARTESIAN_POINT('',(14.4310486316681,2.5,3.99949997663498));
#8740=CARTESIAN_POINT('',(13.448783159256,2.5,3.99949967861176));
#8741=CARTESIAN_POINT('',(6.96994892154004,2.5,3.99949771290786));
#8742=CARTESIAN_POINT('',(14.4310486316681,2.5,3.99949997663498));
#8743=CARTESIAN_POINT('',(13.448783159256,2.5,3.99949967861176));
#8744=CARTESIAN_POINT('Ctrl Pts',(14.4310486316681,2.5,3.99949997663498));
#8745=CARTESIAN_POINT('Ctrl Pts',(14.4310486316681,3.5,3.99949997663498));
#8746=CARTESIAN_POINT('Ctrl Pts',(14.4255861778146,2.5,3.00758375498638));
#8747=CARTESIAN_POINT('Ctrl Pts',(14.4255861778146,3.5,3.00758375498638));
#8748=CARTESIAN_POINT('Ctrl Pts',(14.4256714877698,2.5,1.58907058955556));
#8749=CARTESIAN_POINT('Ctrl Pts',(14.4256714877698,3.5,1.58907058955556));
#8750=CARTESIAN_POINT('Ctrl Pts',(14.4361443420399,2.5,-0.578327566551283));
#8751=CARTESIAN_POINT('Ctrl Pts',(14.4361443420399,3.5,-0.578327566551283));
#8752=CARTESIAN_POINT('Ctrl Pts',(15.7110955994869,2.5,-1.189870661708));
#8753=CARTESIAN_POINT('Ctrl Pts',(15.7110955994869,3.5,-1.189870661708));
#8754=CARTESIAN_POINT('Ctrl Pts',(16.7078224983409,2.5,-0.969403692519338));
#8755=CARTESIAN_POINT('Ctrl Pts',(16.7078224983409,3.5,-0.969403692519338));
#8756=CARTESIAN_POINT('Ctrl Pts',(17.1698680472382,2.5,-0.352644837793336));
#8757=CARTESIAN_POINT('Ctrl Pts',(17.1698680472382,3.5,-0.352644837793336));
#8758=CARTESIAN_POINT('Ctrl Pts',(17.1731022008033,2.5,0.390294102347087));
#8759=CARTESIAN_POINT('Ctrl Pts',(17.1731022008033,3.5,0.390294102347087));
#8760=CARTESIAN_POINT('Ctrl Pts',(17.1957776926585,2.5,1.82443160284191));
#8761=CARTESIAN_POINT('Ctrl Pts',(17.1957776926585,3.5,1.82443160284191));
#8762=CARTESIAN_POINT('Ctrl Pts',(17.1833083347339,2.5,3.03589574991455));
#8763=CARTESIAN_POINT('Ctrl Pts',(17.1833083347339,3.5,3.03589574991455));
#8764=CARTESIAN_POINT('Ctrl Pts',(17.1759343147278,2.5,3.99950236082077));
#8765=CARTESIAN_POINT('Ctrl Pts',(17.1759343147278,3.5,3.99950236082077));
#8766=CARTESIAN_POINT('',(17.1759343147278,2.5,3.99950236082077));
#8767=CARTESIAN_POINT('Ctrl Pts',(17.1759343147278,2.5,3.99950236082077));
#8768=CARTESIAN_POINT('Ctrl Pts',(17.1833083347339,2.5,3.03589574991455));
#8769=CARTESIAN_POINT('Ctrl Pts',(17.1957776926585,2.5,1.82443160284191));
#8770=CARTESIAN_POINT('Ctrl Pts',(17.1731022008033,2.5,0.390294102347087));
#8771=CARTESIAN_POINT('Ctrl Pts',(17.1698680472382,2.5,-0.352644837793336));
#8772=CARTESIAN_POINT('Ctrl Pts',(16.7078224983409,2.5,-0.969403692519338));
#8773=CARTESIAN_POINT('Ctrl Pts',(15.7110955994869,2.5,-1.189870661708));
#8774=CARTESIAN_POINT('Ctrl Pts',(14.4361443420399,2.5,-0.578327566551283));
#8775=CARTESIAN_POINT('Ctrl Pts',(14.4256714877698,2.5,1.58907058955556));
#8776=CARTESIAN_POINT('Ctrl Pts',(14.4255861778146,2.5,3.00758375498638));
#8777=CARTESIAN_POINT('Ctrl Pts',(14.4310486316681,2.5,3.99949997663498));
#8778=CARTESIAN_POINT('',(17.1759343147278,2.5,3.99950236082077));
#8779=CARTESIAN_POINT('Origin',(17.6670658588409,2.5,3.99950295686722));
#8780=CARTESIAN_POINT('',(18.1581974029541,2.5,3.99950355291367));
#8781=CARTESIAN_POINT('',(8.83349682457746,2.5,3.99949223628226));
#8782=CARTESIAN_POINT('',(18.1581974029541,2.5,3.99950355291367));
#8783=CARTESIAN_POINT('Ctrl Pts',(18.1581974029541,2.5,3.99950355291367));
#8784=CARTESIAN_POINT('Ctrl Pts',(18.1581974029541,3.5,3.99950355291367));
#8785=CARTESIAN_POINT('Ctrl Pts',(18.1601094134355,2.5,3.11406674198538));
#8786=CARTESIAN_POINT('Ctrl Pts',(18.1601094134355,3.5,3.11406674198538));
#8787=CARTESIAN_POINT('Ctrl Pts',(18.137543156407,2.5,1.77490265018692));
#8788=CARTESIAN_POINT('Ctrl Pts',(18.137543156407,3.5,1.77490265018692));
#8789=CARTESIAN_POINT('Ctrl Pts',(18.1996354949,2.5,0.0321051793380035));
#8790=CARTESIAN_POINT('Ctrl Pts',(18.1996354949,3.5,0.0321051793380034));
#8791=CARTESIAN_POINT('Ctrl Pts',(17.9264032177805,2.5,-1.60841036986405));
#8792=CARTESIAN_POINT('Ctrl Pts',(17.9264032177805,3.5,-1.60841036986405));
#8793=CARTESIAN_POINT('Ctrl Pts',(16.3244618630656,2.5,-2.06306054076836));
#8794=CARTESIAN_POINT('Ctrl Pts',(16.3244618630656,3.5,-2.06306054076836));
#8795=CARTESIAN_POINT('Ctrl Pts',(15.0056190466589,2.5,-1.74597241614557));
#8796=CARTESIAN_POINT('Ctrl Pts',(15.0056190466589,3.5,-1.74597241614557));
#8797=CARTESIAN_POINT('Ctrl Pts',(14.55049325858,2.5,-1.22060381836169));
#8798=CARTESIAN_POINT('Ctrl Pts',(14.55049325858,3.5,-1.22060381836169));
#8799=CARTESIAN_POINT('Ctrl Pts',(14.3328237533569,2.5,-0.971852242946625));
#8800=CARTESIAN_POINT('Ctrl Pts',(14.3328237533569,3.5,-0.971852242946625));
#8801=CARTESIAN_POINT('',(14.3328237533569,2.5,-0.971852242946625));
#8802=CARTESIAN_POINT('Ctrl Pts',(14.3328237533569,2.5,-0.971852242946625));
#8803=CARTESIAN_POINT('Ctrl Pts',(14.55049325858,2.5,-1.22060381836169));
#8804=CARTESIAN_POINT('Ctrl Pts',(15.0056190466589,2.5,-1.74597241614557));
#8805=CARTESIAN_POINT('Ctrl Pts',(16.3244618630656,2.5,-2.06306054076836));
#8806=CARTESIAN_POINT('Ctrl Pts',(17.9264032177805,2.5,-1.60841036986405));
#8807=CARTESIAN_POINT('Ctrl Pts',(18.1996354949,2.5,0.0321051793380035));
#8808=CARTESIAN_POINT('Ctrl Pts',(18.137543156407,2.5,1.77490265018692));
#8809=CARTESIAN_POINT('Ctrl Pts',(18.1601094134355,2.5,3.11406674198538));
#8810=CARTESIAN_POINT('Ctrl Pts',(18.1581974029541,2.5,3.99950355291367));
#8811=CARTESIAN_POINT('',(14.3328237533569,2.5,-0.971852242946625));
#8812=CARTESIAN_POINT('Origin',(14.3328249454498,2.5,-1.38385728001595));
#8813=CARTESIAN_POINT('',(14.3328261375427,2.5,-1.79586231708527));
#8814=CARTESIAN_POINT('',(14.3329032350507,2.5,-28.4419079045267));
#8815=CARTESIAN_POINT('',(14.3328261375427,2.5,-1.79586231708527));
#8816=CARTESIAN_POINT('Origin',(13.8908070325851,2.5,-1.79586306214333));
#8817=CARTESIAN_POINT('',(13.4487879276276,2.5,-1.79586380720139));
#8818=CARTESIAN_POINT('',(6.94535825503331,2.5,-1.79587476924497));
#8819=CARTESIAN_POINT('',(13.4487879276276,2.5,-1.79586380720139));
#8820=CARTESIAN_POINT('Origin',(13.4487855434418,2.5,1.10181793570518));
#8821=CARTESIAN_POINT('',(13.4488088291639,2.5,-27.1990854993599));
#8822=CARTESIAN_POINT('Origin',(0.,3.5,-55.5));
#8823=CARTESIAN_POINT('',(-18.1583118438721,3.5,3.99947285652161));
#8824=CARTESIAN_POINT('',(-13.6235189437866,3.5,-0.257003009319305));
#8825=CARTESIAN_POINT('Ctrl Pts',(-18.1583118438721,3.5,3.99947285652161));
#8826=CARTESIAN_POINT('Ctrl Pts',(-17.2443363880244,3.5,4.00704645734916));
#8827=CARTESIAN_POINT('Ctrl Pts',(-15.5707761902358,3.5,4.0120857526461));
#8828=CARTESIAN_POINT('Ctrl Pts',(-12.7384492949749,3.5,3.97448849732499));
#8829=CARTESIAN_POINT('Ctrl Pts',(-11.8579584627885,3.5,1.7449168614027));
#8830=CARTESIAN_POINT('Ctrl Pts',(-12.5256960289408,3.5,0.220362527979489));
#8831=CARTESIAN_POINT('Ctrl Pts',(-13.2515407793895,3.5,-0.121778390858488));
#8832=CARTESIAN_POINT('Ctrl Pts',(-13.6235189437866,3.5,-0.257003009319307));
#8833=CARTESIAN_POINT('',(-18.1583023071289,3.5,-4.00052785873413));
#8834=CARTESIAN_POINT('Ctrl Pts',(-13.6235189437866,3.5,-0.257003009319304));
#8835=CARTESIAN_POINT('Ctrl Pts',(-13.2913488569337,3.5,-0.445273183739498));
#8836=CARTESIAN_POINT('Ctrl Pts',(-12.6915713110864,3.5,-0.891122390325015));
#8837=CARTESIAN_POINT('Ctrl Pts',(-12.2806212709106,3.5,-2.45094823077195));
#8838=CARTESIAN_POINT('Ctrl Pts',(-13.5607144715031,3.5,-4.16538719023409));
#8839=CARTESIAN_POINT('Ctrl Pts',(-16.0436930810571,3.5,-3.89845887271825));
#8840=CARTESIAN_POINT('Ctrl Pts',(-16.9604164849258,3.5,-4.01386583992635));
#8841=CARTESIAN_POINT('Ctrl Pts',(-18.1583023071289,3.5,-4.00052785873413));
#8842=CARTESIAN_POINT('',(-18.1583023071289,3.5,-4.00052785873413));
#8843=CARTESIAN_POINT('',(-17.0996451377869,3.5,-0.638997852802277));
#8844=CARTESIAN_POINT('',(-17.0996427536011,3.5,-3.05646240711212));
#8845=CARTESIAN_POINT('',(-17.0996451377869,3.5,-0.638997852802277));
#8846=CARTESIAN_POINT('Ctrl Pts',(-17.0996427536011,3.5,-3.05646240711212));
#8847=CARTESIAN_POINT('Ctrl Pts',(-16.6356169228976,3.5,-3.05605959427001));
#8848=CARTESIAN_POINT('Ctrl Pts',(-15.9103281433169,3.5,-3.06448661079603));
#8849=CARTESIAN_POINT('Ctrl Pts',(-14.9952133321734,3.5,-3.04511638556999));
#8850=CARTESIAN_POINT('Ctrl Pts',(-14.1951689933789,3.5,-3.01950250853031));
#8851=CARTESIAN_POINT('Ctrl Pts',(-13.5704654238811,3.5,-2.4486123877281));
#8852=CARTESIAN_POINT('Ctrl Pts',(-13.4744358730101,3.5,-1.52331238564547));
#8853=CARTESIAN_POINT('Ctrl Pts',(-13.9675279105806,3.5,-0.759640366407451));
#8854=CARTESIAN_POINT('Ctrl Pts',(-14.9723667775523,3.5,-0.621639167676165));
#8855=CARTESIAN_POINT('Ctrl Pts',(-15.9595090290177,3.5,-0.645004343346552));
#8856=CARTESIAN_POINT('Ctrl Pts',(-16.7430610274107,3.5,-0.639240143215278));
#8857=CARTESIAN_POINT('Ctrl Pts',(-17.0996451377869,3.5,-0.638997852802277));
#8858=CARTESIAN_POINT('',(-17.0996475219727,3.5,3.05540800094604));
#8859=CARTESIAN_POINT('',(-17.0996451377869,3.5,0.30506819486618));
#8860=CARTESIAN_POINT('',(-17.0996475219727,3.5,3.05540800094604));
#8861=CARTESIAN_POINT('Ctrl Pts',(-17.0996451377869,3.5,0.30506819486618));
#8862=CARTESIAN_POINT('Ctrl Pts',(-16.5871846579318,3.5,0.305815645696791));
#8863=CARTESIAN_POINT('Ctrl Pts',(-15.6095039874217,3.5,0.343057093498293));
#8864=CARTESIAN_POINT('Ctrl Pts',(-14.1942455799734,3.5,0.23562215729039));
#8865=CARTESIAN_POINT('Ctrl Pts',(-13.2250346149946,3.5,0.980374354583797));
#8866=CARTESIAN_POINT('Ctrl Pts',(-13.1439512222967,3.5,2.06666329267526));
#8867=CARTESIAN_POINT('Ctrl Pts',(-13.7185697571364,3.5,2.93764854652792));
#8868=CARTESIAN_POINT('Ctrl Pts',(-14.8328636661439,3.5,3.0830216762309));
#8869=CARTESIAN_POINT('Ctrl Pts',(-15.89854983126,3.5,3.04487276694807));
#8870=CARTESIAN_POINT('Ctrl Pts',(-16.7333651357841,3.5,3.05530529484097));
#8871=CARTESIAN_POINT('Ctrl Pts',(-17.0996475219727,3.5,3.05540800094604));
#8872=CARTESIAN_POINT('Ctrl Pts',(-18.1583118438721,2.5,3.99947285652161));
#8873=CARTESIAN_POINT('Ctrl Pts',(-18.1583118438721,3.5,3.99947285652161));
#8874=CARTESIAN_POINT('Ctrl Pts',(-17.2443363880244,2.5,4.00704645734916));
#8875=CARTESIAN_POINT('Ctrl Pts',(-17.2443363880244,3.5,4.00704645734916));
#8876=CARTESIAN_POINT('Ctrl Pts',(-15.5707761902358,2.5,4.0120857526461));
#8877=CARTESIAN_POINT('Ctrl Pts',(-15.5707761902358,3.5,4.0120857526461));
#8878=CARTESIAN_POINT('Ctrl Pts',(-12.7384492949749,2.5,3.97448849732499));
#8879=CARTESIAN_POINT('Ctrl Pts',(-12.7384492949749,3.5,3.97448849732499));
#8880=CARTESIAN_POINT('Ctrl Pts',(-11.8579584627885,2.5,1.7449168614027));
#8881=CARTESIAN_POINT('Ctrl Pts',(-11.8579584627885,3.5,1.7449168614027));
#8882=CARTESIAN_POINT('Ctrl Pts',(-12.5256960289408,2.5,0.220362527979489));
#8883=CARTESIAN_POINT('Ctrl Pts',(-12.5256960289408,3.5,0.220362527979489));
#8884=CARTESIAN_POINT('Ctrl Pts',(-13.2515407793895,2.5,-0.121778390858488));
#8885=CARTESIAN_POINT('Ctrl Pts',(-13.2515407793895,3.5,-0.121778390858488));
#8886=CARTESIAN_POINT('Ctrl Pts',(-13.6235189437866,2.5,-0.257003009319307));
#8887=CARTESIAN_POINT('Ctrl Pts',(-13.6235189437866,3.5,-0.257003009319307));
#8888=CARTESIAN_POINT('',(-13.6235189437866,2.5,-0.257003009319305));
#8889=CARTESIAN_POINT('',(-18.1583118438721,2.5,3.99947285652161));
#8890=CARTESIAN_POINT('Ctrl Pts',(-13.6235189437866,2.5,-0.257003009319307));
#8891=CARTESIAN_POINT('Ctrl Pts',(-13.2515407793895,2.5,-0.121778390858488));
#8892=CARTESIAN_POINT('Ctrl Pts',(-12.5256960289408,2.5,0.220362527979489));
#8893=CARTESIAN_POINT('Ctrl Pts',(-11.8579584627885,2.5,1.7449168614027));
#8894=CARTESIAN_POINT('Ctrl Pts',(-12.7384492949749,2.5,3.97448849732499));
#8895=CARTESIAN_POINT('Ctrl Pts',(-15.5707761902358,2.5,4.0120857526461));
#8896=CARTESIAN_POINT('Ctrl Pts',(-17.2443363880244,2.5,4.00704645734916));
#8897=CARTESIAN_POINT('Ctrl Pts',(-18.1583118438721,2.5,3.99947285652161));
#8898=CARTESIAN_POINT('',(-13.6235189437866,2.5,-0.257003009319305));
#8899=CARTESIAN_POINT('',(-18.1583118438721,2.5,3.99947285652161));
#8900=CARTESIAN_POINT('Ctrl Pts',(-13.6235189437866,2.5,-0.257003009319304));
#8901=CARTESIAN_POINT('Ctrl Pts',(-13.6235189437866,3.5,-0.257003009319304));
#8902=CARTESIAN_POINT('Ctrl Pts',(-13.2913488569337,2.5,-0.445273183739497));
#8903=CARTESIAN_POINT('Ctrl Pts',(-13.2913488569337,3.5,-0.445273183739498));
#8904=CARTESIAN_POINT('Ctrl Pts',(-12.6915713110864,2.5,-0.891122390325015));
#8905=CARTESIAN_POINT('Ctrl Pts',(-12.6915713110864,3.5,-0.891122390325015));
#8906=CARTESIAN_POINT('Ctrl Pts',(-12.2806212709106,2.5,-2.45094823077195));
#8907=CARTESIAN_POINT('Ctrl Pts',(-12.2806212709106,3.5,-2.45094823077195));
#8908=CARTESIAN_POINT('Ctrl Pts',(-13.5607144715031,2.5,-4.16538719023409));
#8909=CARTESIAN_POINT('Ctrl Pts',(-13.5607144715031,3.5,-4.16538719023409));
#8910=CARTESIAN_POINT('Ctrl Pts',(-16.0436930810571,2.5,-3.89845887271825));
#8911=CARTESIAN_POINT('Ctrl Pts',(-16.0436930810571,3.5,-3.89845887271825));
#8912=CARTESIAN_POINT('Ctrl Pts',(-16.9604164849258,2.5,-4.01386583992635));
#8913=CARTESIAN_POINT('Ctrl Pts',(-16.9604164849258,3.5,-4.01386583992635));
#8914=CARTESIAN_POINT('Ctrl Pts',(-18.1583023071289,2.5,-4.00052785873413));
#8915=CARTESIAN_POINT('Ctrl Pts',(-18.1583023071289,3.5,-4.00052785873413));
#8916=CARTESIAN_POINT('',(-18.1583023071289,2.5,-4.00052785873413));
#8917=CARTESIAN_POINT('Ctrl Pts',(-18.1583023071289,2.5,-4.00052785873413));
#8918=CARTESIAN_POINT('Ctrl Pts',(-16.9604164849258,2.5,-4.01386583992635));
#8919=CARTESIAN_POINT('Ctrl Pts',(-16.0436930810571,2.5,-3.89845887271825));
#8920=CARTESIAN_POINT('Ctrl Pts',(-13.5607144715031,2.5,-4.16538719023409));
#8921=CARTESIAN_POINT('Ctrl Pts',(-12.2806212709106,2.5,-2.45094823077195));
#8922=CARTESIAN_POINT('Ctrl Pts',(-12.6915713110864,2.5,-0.891122390325015));
#8923=CARTESIAN_POINT('Ctrl Pts',(-13.2913488569337,2.5,-0.445273183739497));
#8924=CARTESIAN_POINT('Ctrl Pts',(-13.6235189437866,2.5,-0.257003009319304));
#8925=CARTESIAN_POINT('',(-18.1583023071289,2.5,-4.00052785873413));
#8926=CARTESIAN_POINT('Origin',(-18.1583070755005,2.5,-0.000527501106262207));
#8927=CARTESIAN_POINT('',(-18.1582739952271,2.5,-27.7502745737072));
#8928=CARTESIAN_POINT('Origin',(-17.099643945694,2.5,-1.8477301299572));
#8929=CARTESIAN_POINT('',(-17.0996427536011,2.5,-3.05646240711212));
#8930=CARTESIAN_POINT('',(-17.0996451377869,2.5,-0.638997852802277));
#8931=CARTESIAN_POINT('',(-17.0996174888387,2.5,-28.6738734970778));
#8932=CARTESIAN_POINT('',(-17.0996427536011,2.5,-3.05646240711212));
#8933=CARTESIAN_POINT('',(-17.0996451377869,2.5,-0.638997852802277));
#8934=CARTESIAN_POINT('Ctrl Pts',(-17.0996427536011,2.5,-3.05646240711212));
#8935=CARTESIAN_POINT('Ctrl Pts',(-17.0996427536011,3.5,-3.05646240711212));
#8936=CARTESIAN_POINT('Ctrl Pts',(-16.6356169228976,2.5,-3.05605959427001));
#8937=CARTESIAN_POINT('Ctrl Pts',(-16.6356169228976,3.5,-3.05605959427001));
#8938=CARTESIAN_POINT('Ctrl Pts',(-15.9103281433169,2.5,-3.06448661079603));
#8939=CARTESIAN_POINT('Ctrl Pts',(-15.9103281433169,3.5,-3.06448661079603));
#8940=CARTESIAN_POINT('Ctrl Pts',(-14.9952133321734,2.5,-3.04511638556999));
#8941=CARTESIAN_POINT('Ctrl Pts',(-14.9952133321734,3.5,-3.04511638556999));
#8942=CARTESIAN_POINT('Ctrl Pts',(-14.1951689933789,2.5,-3.01950250853031));
#8943=CARTESIAN_POINT('Ctrl Pts',(-14.1951689933789,3.5,-3.01950250853031));
#8944=CARTESIAN_POINT('Ctrl Pts',(-13.5704654238811,2.5,-2.4486123877281));
#8945=CARTESIAN_POINT('Ctrl Pts',(-13.5704654238811,3.5,-2.4486123877281));
#8946=CARTESIAN_POINT('Ctrl Pts',(-13.4744358730101,2.5,-1.52331238564547));
#8947=CARTESIAN_POINT('Ctrl Pts',(-13.4744358730101,3.5,-1.52331238564547));
#8948=CARTESIAN_POINT('Ctrl Pts',(-13.9675279105806,2.5,-0.759640366407451));
#8949=CARTESIAN_POINT('Ctrl Pts',(-13.9675279105806,3.5,-0.759640366407451));
#8950=CARTESIAN_POINT('Ctrl Pts',(-14.9723667775523,2.5,-0.621639167676165));
#8951=CARTESIAN_POINT('Ctrl Pts',(-14.9723667775523,3.5,-0.621639167676165));
#8952=CARTESIAN_POINT('Ctrl Pts',(-15.9595090290177,2.5,-0.645004343346552));
#8953=CARTESIAN_POINT('Ctrl Pts',(-15.9595090290177,3.5,-0.645004343346552));
#8954=CARTESIAN_POINT('Ctrl Pts',(-16.7430610274107,2.5,-0.639240143215278));
#8955=CARTESIAN_POINT('Ctrl Pts',(-16.7430610274107,3.5,-0.639240143215278));
#8956=CARTESIAN_POINT('Ctrl Pts',(-17.0996451377869,2.5,-0.638997852802277));
#8957=CARTESIAN_POINT('Ctrl Pts',(-17.0996451377869,3.5,-0.638997852802277));
#8958=CARTESIAN_POINT('Ctrl Pts',(-17.0996451377869,2.5,-0.638997852802277));
#8959=CARTESIAN_POINT('Ctrl Pts',(-16.7430610274107,2.5,-0.639240143215278));
#8960=CARTESIAN_POINT('Ctrl Pts',(-15.9595090290177,2.5,-0.645004343346552));
#8961=CARTESIAN_POINT('Ctrl Pts',(-14.9723667775523,2.5,-0.621639167676165));
#8962=CARTESIAN_POINT('Ctrl Pts',(-13.9675279105806,2.5,-0.759640366407451));
#8963=CARTESIAN_POINT('Ctrl Pts',(-13.4744358730101,2.5,-1.52331238564547));
#8964=CARTESIAN_POINT('Ctrl Pts',(-13.5704654238811,2.5,-2.4486123877281));
#8965=CARTESIAN_POINT('Ctrl Pts',(-14.1951689933789,2.5,-3.01950250853031));
#8966=CARTESIAN_POINT('Ctrl Pts',(-14.9952133321734,2.5,-3.04511638556999));
#8967=CARTESIAN_POINT('Ctrl Pts',(-15.9103281433169,2.5,-3.06448661079603));
#8968=CARTESIAN_POINT('Ctrl Pts',(-16.6356169228976,2.5,-3.05605959427001));
#8969=CARTESIAN_POINT('Ctrl Pts',(-17.0996427536011,2.5,-3.05646240711212));
#8970=CARTESIAN_POINT('Origin',(-17.0996463298798,2.5,1.68023809790611));
#8971=CARTESIAN_POINT('',(-17.0996451377869,2.5,0.30506819486618));
#8972=CARTESIAN_POINT('',(-17.0996475219727,2.5,3.05540800094604));
#8973=CARTESIAN_POINT('',(-17.0996215459701,2.5,-26.9098883626067));
#8974=CARTESIAN_POINT('',(-17.0996451377869,2.5,0.30506819486618));
#8975=CARTESIAN_POINT('',(-17.0996475219727,2.5,3.05540800094604));
#8976=CARTESIAN_POINT('Ctrl Pts',(-17.0996451377869,2.5,0.30506819486618));
#8977=CARTESIAN_POINT('Ctrl Pts',(-17.0996451377869,3.5,0.30506819486618));
#8978=CARTESIAN_POINT('Ctrl Pts',(-16.5871846579318,2.5,0.305815645696792));
#8979=CARTESIAN_POINT('Ctrl Pts',(-16.5871846579318,3.5,0.305815645696791));
#8980=CARTESIAN_POINT('Ctrl Pts',(-15.6095039874217,2.5,0.343057093498293));
#8981=CARTESIAN_POINT('Ctrl Pts',(-15.6095039874217,3.5,0.343057093498293));
#8982=CARTESIAN_POINT('Ctrl Pts',(-14.1942455799734,2.5,0.23562215729039));
#8983=CARTESIAN_POINT('Ctrl Pts',(-14.1942455799734,3.5,0.23562215729039));
#8984=CARTESIAN_POINT('Ctrl Pts',(-13.2250346149946,2.5,0.980374354583797));
#8985=CARTESIAN_POINT('Ctrl Pts',(-13.2250346149946,3.5,0.980374354583797));
#8986=CARTESIAN_POINT('Ctrl Pts',(-13.1439512222967,2.5,2.06666329267526));
#8987=CARTESIAN_POINT('Ctrl Pts',(-13.1439512222967,3.5,2.06666329267526));
#8988=CARTESIAN_POINT('Ctrl Pts',(-13.7185697571364,2.5,2.93764854652792));
#8989=CARTESIAN_POINT('Ctrl Pts',(-13.7185697571364,3.5,2.93764854652792));
#8990=CARTESIAN_POINT('Ctrl Pts',(-14.8328636661439,2.5,3.0830216762309));
#8991=CARTESIAN_POINT('Ctrl Pts',(-14.8328636661439,3.5,3.0830216762309));
#8992=CARTESIAN_POINT('Ctrl Pts',(-15.89854983126,2.5,3.04487276694807));
#8993=CARTESIAN_POINT('Ctrl Pts',(-15.89854983126,3.5,3.04487276694807));
#8994=CARTESIAN_POINT('Ctrl Pts',(-16.7333651357841,2.5,3.05530529484097));
#8995=CARTESIAN_POINT('Ctrl Pts',(-16.7333651357841,3.5,3.05530529484097));
#8996=CARTESIAN_POINT('Ctrl Pts',(-17.0996475219727,2.5,3.05540800094604));
#8997=CARTESIAN_POINT('Ctrl Pts',(-17.0996475219727,3.5,3.05540800094604));
#8998=CARTESIAN_POINT('Ctrl Pts',(-17.0996475219727,2.5,3.05540800094604));
#8999=CARTESIAN_POINT('Ctrl Pts',(-16.7333651357841,2.5,3.05530529484097));
#9000=CARTESIAN_POINT('Ctrl Pts',(-15.89854983126,2.5,3.04487276694807));
#9001=CARTESIAN_POINT('Ctrl Pts',(-14.8328636661439,2.5,3.0830216762309));
#9002=CARTESIAN_POINT('Ctrl Pts',(-13.7185697571364,2.5,2.93764854652792));
#9003=CARTESIAN_POINT('Ctrl Pts',(-13.1439512222967,2.5,2.06666329267526));
#9004=CARTESIAN_POINT('Ctrl Pts',(-13.2250346149946,2.5,0.980374354583797));
#9005=CARTESIAN_POINT('Ctrl Pts',(-14.1942455799734,2.5,0.23562215729039));
#9006=CARTESIAN_POINT('Ctrl Pts',(-15.6095039874217,2.5,0.343057093498293));
#9007=CARTESIAN_POINT('Ctrl Pts',(-16.5871846579318,2.5,0.305815645696792));
#9008=CARTESIAN_POINT('Ctrl Pts',(-17.0996451377869,2.5,0.30506819486618));
#9009=CARTESIAN_POINT('Origin',(0.,2.5,-55.5));
#9010=CARTESIAN_POINT('Origin',(0.,2.5,-55.5));
#9011=CARTESIAN_POINT('Origin',(0.,3.5,-55.5));
#9012=CARTESIAN_POINT('',(8.77072572575899,3.5,24.9994969367981));
#9013=CARTESIAN_POINT('',(8.77072930236567,3.5,20.983126163483));
#9014=CARTESIAN_POINT('',(8.77072572575899,3.5,24.9994969367981));
#9015=CARTESIAN_POINT('',(8.45422506332397,3.5,20.9831237792969));
#9016=CARTESIAN_POINT('',(8.77072930335999,3.5,20.9831261634827));
#9017=CARTESIAN_POINT('',(7.2973358631134,3.5,21.9872164726257));
#9018=CARTESIAN_POINT('Ctrl Pts',(8.45422506332397,3.5,20.9831237792969));
#9019=CARTESIAN_POINT('Ctrl Pts',(8.17288866461335,3.5,21.4438983256887));
#9020=CARTESIAN_POINT('Ctrl Pts',(7.77807031960584,3.5,21.7410360859867));
#9021=CARTESIAN_POINT('Ctrl Pts',(7.2973358631134,3.5,21.9872164726257));
#9022=CARTESIAN_POINT('',(7.29733526706696,3.5,22.4619793891907));
#9023=CARTESIAN_POINT('',(7.2973358631134,3.5,21.9872164726257));
#9024=CARTESIAN_POINT('',(8.27960133552551,3.5,21.8698906898499));
#9025=CARTESIAN_POINT('Ctrl Pts',(7.29733526706696,3.5,22.4619793891907));
#9026=CARTESIAN_POINT('Ctrl Pts',(7.65776412208835,3.5,22.3127799545693));
#9027=CARTESIAN_POINT('Ctrl Pts',(7.98416893665142,3.5,22.1248869871131));
#9028=CARTESIAN_POINT('Ctrl Pts',(8.27960133552551,3.5,21.8698906898499));
#9029=CARTESIAN_POINT('',(8.27959835529327,3.5,24.9994969367981));
#9030=CARTESIAN_POINT('',(8.27960133552551,3.5,21.8698906898499));
#9031=CARTESIAN_POINT('',(8.27959835529327,3.5,24.9994969367981));
#9032=CARTESIAN_POINT('Origin',(8.77072751406233,2.5,22.9913115501405));
#9033=CARTESIAN_POINT('',(8.77072930236567,2.5,20.983126163483));
#9034=CARTESIAN_POINT('',(8.77072572575899,2.5,24.9994969367981));
#9035=CARTESIAN_POINT('',(8.77076246259383,2.5,-16.2543403197011));
#9036=CARTESIAN_POINT('',(8.77072930236567,2.5,20.983126163483));
#9037=CARTESIAN_POINT('',(8.77072572575899,2.5,24.9994969367981));
#9038=CARTESIAN_POINT('Origin',(8.61247718284482,2.5,20.9831249713898));
#9039=CARTESIAN_POINT('',(8.45422506332397,2.5,20.9831237792969));
#9040=CARTESIAN_POINT('',(4.30595052288801,2.5,20.9830925308775));
#9041=CARTESIAN_POINT('',(8.45422506332397,2.5,20.9831237792969));
#9042=CARTESIAN_POINT('Ctrl Pts',(8.45422506332397,2.5,20.9831237792969));
#9043=CARTESIAN_POINT('Ctrl Pts',(8.45422506332397,3.5,20.9831237792969));
#9044=CARTESIAN_POINT('Ctrl Pts',(8.17288866461335,2.5,21.4438983256887));
#9045=CARTESIAN_POINT('Ctrl Pts',(8.17288866461335,3.5,21.4438983256887));
#9046=CARTESIAN_POINT('Ctrl Pts',(7.77807031960584,2.5,21.7410360859867));
#9047=CARTESIAN_POINT('Ctrl Pts',(7.77807031960584,3.5,21.7410360859867));
#9048=CARTESIAN_POINT('Ctrl Pts',(7.2973358631134,2.5,21.9872164726257));
#9049=CARTESIAN_POINT('Ctrl Pts',(7.2973358631134,3.5,21.9872164726257));
#9050=CARTESIAN_POINT('',(7.2973358631134,2.5,21.9872164726257));
#9051=CARTESIAN_POINT('Ctrl Pts',(7.2973358631134,2.5,21.9872164726257));
#9052=CARTESIAN_POINT('Ctrl Pts',(7.77807031960584,2.5,21.7410360859867));
#9053=CARTESIAN_POINT('Ctrl Pts',(8.17288866461335,2.5,21.4438983256887));
#9054=CARTESIAN_POINT('Ctrl Pts',(8.45422506332397,2.5,20.9831237792969));
#9055=CARTESIAN_POINT('',(7.2973358631134,2.5,21.9872164726257));
#9056=CARTESIAN_POINT('Origin',(7.29733556509018,2.5,22.2245979309082));
#9057=CARTESIAN_POINT('',(7.29733526706696,2.5,22.4619793891907));
#9058=CARTESIAN_POINT('',(7.29738435519512,2.5,-16.6376964537236));
#9059=CARTESIAN_POINT('',(7.29733526706696,2.5,22.4619793891907));
#9060=CARTESIAN_POINT('Ctrl Pts',(7.29733526706696,2.5,22.4619793891907));
#9061=CARTESIAN_POINT('Ctrl Pts',(7.29733526706696,3.5,22.4619793891907));
#9062=CARTESIAN_POINT('Ctrl Pts',(7.65776412208835,2.5,22.3127799545693));
#9063=CARTESIAN_POINT('Ctrl Pts',(7.65776412208835,3.5,22.3127799545693));
#9064=CARTESIAN_POINT('Ctrl Pts',(7.98416893665142,2.5,22.1248869871131));
#9065=CARTESIAN_POINT('Ctrl Pts',(7.98416893665142,3.5,22.1248869871131));
#9066=CARTESIAN_POINT('Ctrl Pts',(8.27960133552551,2.5,21.8698906898499));
#9067=CARTESIAN_POINT('Ctrl Pts',(8.27960133552551,3.5,21.8698906898499));
#9068=CARTESIAN_POINT('',(8.27960133552551,2.5,21.8698906898499));
#9069=CARTESIAN_POINT('Ctrl Pts',(8.27960133552551,2.5,21.8698906898499));
#9070=CARTESIAN_POINT('Ctrl Pts',(7.98416893665142,2.5,22.1248869871131));
#9071=CARTESIAN_POINT('Ctrl Pts',(7.65776412208835,2.5,22.3127799545693));
#9072=CARTESIAN_POINT('Ctrl Pts',(7.29733526706696,2.5,22.4619793891907));
#9073=CARTESIAN_POINT('',(8.27960133552551,2.5,21.8698906898499));
#9074=CARTESIAN_POINT('Origin',(8.27959984540939,2.5,23.434693813324));
#9075=CARTESIAN_POINT('',(8.27959835529327,2.5,24.9994969367981));
#9076=CARTESIAN_POINT('',(8.27963742900254,2.5,-16.0326491510922));
#9077=CARTESIAN_POINT('',(8.27959835529327,2.5,24.9994969367981));
#9078=CARTESIAN_POINT('Origin',(8.52516204052613,2.5,24.9994969367981));
#9079=CARTESIAN_POINT('',(4.26258102026307,2.5,24.9994969367981));
#9080=CARTESIAN_POINT('Origin',(0.,3.5,-55.5));
#9081=CARTESIAN_POINT('',(0.0313037633895874,3.5,24.1345500946045));
#9082=CARTESIAN_POINT('',(1.84849321842194,3.5,22.9149079322815));
#9083=CARTESIAN_POINT('Ctrl Pts',(0.0313037633895874,3.5,24.1345500946045));
#9084=CARTESIAN_POINT('Ctrl Pts',(0.101734625983959,3.5,24.4241665152556));
#9085=CARTESIAN_POINT('Ctrl Pts',(0.353244265072745,3.5,24.9672976235468));
#9086=CARTESIAN_POINT('Ctrl Pts',(1.38582728119231,3.5,25.1460263679103));
#9087=CARTESIAN_POINT('Ctrl Pts',(2.27192292627399,3.5,24.8724712191276));
#9088=CARTESIAN_POINT('Ctrl Pts',(2.51654756133625,3.5,24.0623845207271));
#9089=CARTESIAN_POINT('Ctrl Pts',(2.22461079388794,3.5,23.5043169315911));
#9090=CARTESIAN_POINT('Ctrl Pts',(1.61757279899166,3.5,23.3457256818303));
#9091=CARTESIAN_POINT('Ctrl Pts',(1.1358633475226,3.5,23.1987993989839));
#9092=CARTESIAN_POINT('Ctrl Pts',(0.750979416923672,3.5,23.1092732221512));
#9093=CARTESIAN_POINT('Ctrl Pts',(0.584554458855074,3.5,22.9200737909526));
#9094=CARTESIAN_POINT('Ctrl Pts',(0.580518496111838,3.5,22.6544856173842));
#9095=CARTESIAN_POINT('Ctrl Pts',(0.847676300099697,3.5,22.4506636879055));
#9096=CARTESIAN_POINT('Ctrl Pts',(1.24014395518606,3.5,22.4303754766618));
#9097=CARTESIAN_POINT('Ctrl Pts',(1.58753070571125,3.5,22.468303958178));
#9098=CARTESIAN_POINT('Ctrl Pts',(1.80035169443151,3.5,22.7095290814812));
#9099=CARTESIAN_POINT('Ctrl Pts',(1.82860126610306,3.5,22.8276889001291));
#9100=CARTESIAN_POINT('Ctrl Pts',(1.84849321842194,3.5,22.9149079322815));
#9101=CARTESIAN_POINT('',(2.32871115207672,3.5,22.8494238853455));
#9102=CARTESIAN_POINT('',(1.84849321842194,3.5,22.9149079322815));
#9103=CARTESIAN_POINT('',(0.516978800296783,3.5,24.058153629303));
#9104=CARTESIAN_POINT('Ctrl Pts',(2.32871115207672,3.5,22.8494238853455));
#9105=CARTESIAN_POINT('Ctrl Pts',(2.3058667733714,3.5,22.7377487026623));
#9106=CARTESIAN_POINT('Ctrl Pts',(2.25757406867763,3.5,22.4843287580107));
#9107=CARTESIAN_POINT('Ctrl Pts',(1.89080548181839,3.5,22.1130065763001));
#9108=CARTESIAN_POINT('Ctrl Pts',(1.21698177179065,3.5,21.9891872106151));
#9109=CARTESIAN_POINT('Ctrl Pts',(0.488457050480496,3.5,22.1119846962625));
#9110=CARTESIAN_POINT('Ctrl Pts',(0.100336330323453,3.5,22.6040814101944));
#9111=CARTESIAN_POINT('Ctrl Pts',(0.0954955226930403,3.5,23.1327820895813));
#9112=CARTESIAN_POINT('Ctrl Pts',(0.422222357706695,3.5,23.5324942319933));
#9113=CARTESIAN_POINT('Ctrl Pts',(0.903200362170339,3.5,23.6648677685173));
#9114=CARTESIAN_POINT('Ctrl Pts',(1.3448934237268,3.5,23.7974545984022));
#9115=CARTESIAN_POINT('Ctrl Pts',(1.71893086833756,3.5,23.8656673325442));
#9116=CARTESIAN_POINT('Ctrl Pts',(1.92067802160725,3.5,24.0514083677651));
#9117=CARTESIAN_POINT('Ctrl Pts',(1.95401259205144,3.5,24.2947028628836));
#9118=CARTESIAN_POINT('Ctrl Pts',(1.78312673104869,3.5,24.577784480617));
#9119=CARTESIAN_POINT('Ctrl Pts',(1.3962691621458,3.5,24.6747243448674));
#9120=CARTESIAN_POINT('Ctrl Pts',(0.998045543370349,3.5,24.6613762227154));
#9121=CARTESIAN_POINT('Ctrl Pts',(0.617419840834926,3.5,24.4620656080397));
#9122=CARTESIAN_POINT('Ctrl Pts',(0.543922696327203,3.5,24.1871780666392));
#9123=CARTESIAN_POINT('Ctrl Pts',(0.516978800296783,3.5,24.058153629303));
#9124=CARTESIAN_POINT('',(0.516978800296783,3.5,24.058153629303));
#9125=CARTESIAN_POINT('Ctrl Pts',(0.0313037633895874,2.5,24.1345500946045));
#9126=CARTESIAN_POINT('Ctrl Pts',(0.0313037633895874,3.5,24.1345500946045));
#9127=CARTESIAN_POINT('Ctrl Pts',(0.101734625983959,2.5,24.4241665152556));
#9128=CARTESIAN_POINT('Ctrl Pts',(0.101734625983959,3.5,24.4241665152556));
#9129=CARTESIAN_POINT('Ctrl Pts',(0.353244265072745,2.5,24.9672976235468));
#9130=CARTESIAN_POINT('Ctrl Pts',(0.353244265072745,3.5,24.9672976235468));
#9131=CARTESIAN_POINT('Ctrl Pts',(1.38582728119231,2.5,25.1460263679103));
#9132=CARTESIAN_POINT('Ctrl Pts',(1.38582728119231,3.5,25.1460263679103));
#9133=CARTESIAN_POINT('Ctrl Pts',(2.27192292627399,2.5,24.8724712191276));
#9134=CARTESIAN_POINT('Ctrl Pts',(2.27192292627399,3.5,24.8724712191276));
#9135=CARTESIAN_POINT('Ctrl Pts',(2.51654756133625,2.5,24.0623845207271));
#9136=CARTESIAN_POINT('Ctrl Pts',(2.51654756133625,3.5,24.0623845207271));
#9137=CARTESIAN_POINT('Ctrl Pts',(2.22461079388794,2.5,23.5043169315911));
#9138=CARTESIAN_POINT('Ctrl Pts',(2.22461079388794,3.5,23.5043169315911));
#9139=CARTESIAN_POINT('Ctrl Pts',(1.61757279899166,2.5,23.3457256818303));
#9140=CARTESIAN_POINT('Ctrl Pts',(1.61757279899166,3.5,23.3457256818303));
#9141=CARTESIAN_POINT('Ctrl Pts',(1.1358633475226,2.5,23.1987993989839));
#9142=CARTESIAN_POINT('Ctrl Pts',(1.1358633475226,3.5,23.1987993989839));
#9143=CARTESIAN_POINT('Ctrl Pts',(0.750979416923672,2.5,23.1092732221512));
#9144=CARTESIAN_POINT('Ctrl Pts',(0.750979416923672,3.5,23.1092732221512));
#9145=CARTESIAN_POINT('Ctrl Pts',(0.584554458855074,2.5,22.9200737909526));
#9146=CARTESIAN_POINT('Ctrl Pts',(0.584554458855074,3.5,22.9200737909526));
#9147=CARTESIAN_POINT('Ctrl Pts',(0.580518496111838,2.5,22.6544856173842));
#9148=CARTESIAN_POINT('Ctrl Pts',(0.580518496111838,3.5,22.6544856173842));
#9149=CARTESIAN_POINT('Ctrl Pts',(0.847676300099697,2.5,22.4506636879055));
#9150=CARTESIAN_POINT('Ctrl Pts',(0.847676300099697,3.5,22.4506636879055));
#9151=CARTESIAN_POINT('Ctrl Pts',(1.24014395518606,2.5,22.4303754766618));
#9152=CARTESIAN_POINT('Ctrl Pts',(1.24014395518606,3.5,22.4303754766618));
#9153=CARTESIAN_POINT('Ctrl Pts',(1.58753070571125,2.5,22.468303958178));
#9154=CARTESIAN_POINT('Ctrl Pts',(1.58753070571125,3.5,22.468303958178));
#9155=CARTESIAN_POINT('Ctrl Pts',(1.80035169443151,2.5,22.7095290814812));
#9156=CARTESIAN_POINT('Ctrl Pts',(1.80035169443151,3.5,22.7095290814812));
#9157=CARTESIAN_POINT('Ctrl Pts',(1.82860126610306,2.5,22.8276889001291));
#9158=CARTESIAN_POINT('Ctrl Pts',(1.82860126610306,3.5,22.8276889001291));
#9159=CARTESIAN_POINT('Ctrl Pts',(1.84849321842194,2.5,22.9149079322815));
#9160=CARTESIAN_POINT('Ctrl Pts',(1.84849321842194,3.5,22.9149079322815));
#9161=CARTESIAN_POINT('',(1.84849321842194,2.5,22.9149079322815));
#9162=CARTESIAN_POINT('',(0.0313037633895874,2.5,24.1345500946045));
#9163=CARTESIAN_POINT('Ctrl Pts',(1.84849321842194,2.5,22.9149079322815));
#9164=CARTESIAN_POINT('Ctrl Pts',(1.82860126610306,2.5,22.8276889001291));
#9165=CARTESIAN_POINT('Ctrl Pts',(1.80035169443151,2.5,22.7095290814812));
#9166=CARTESIAN_POINT('Ctrl Pts',(1.58753070571125,2.5,22.468303958178));
#9167=CARTESIAN_POINT('Ctrl Pts',(1.24014395518606,2.5,22.4303754766618));
#9168=CARTESIAN_POINT('Ctrl Pts',(0.847676300099697,2.5,22.4506636879055));
#9169=CARTESIAN_POINT('Ctrl Pts',(0.580518496111838,2.5,22.6544856173842));
#9170=CARTESIAN_POINT('Ctrl Pts',(0.584554458855074,2.5,22.9200737909526));
#9171=CARTESIAN_POINT('Ctrl Pts',(0.750979416923672,2.5,23.1092732221512));
#9172=CARTESIAN_POINT('Ctrl Pts',(1.1358633475226,2.5,23.1987993989839));
#9173=CARTESIAN_POINT('Ctrl Pts',(1.61757279899166,2.5,23.3457256818303));
#9174=CARTESIAN_POINT('Ctrl Pts',(2.22461079388794,2.5,23.5043169315911));
#9175=CARTESIAN_POINT('Ctrl Pts',(2.51654756133625,2.5,24.0623845207271));
#9176=CARTESIAN_POINT('Ctrl Pts',(2.27192292627399,2.5,24.8724712191276));
#9177=CARTESIAN_POINT('Ctrl Pts',(1.38582728119231,2.5,25.1460263679103));
#9178=CARTESIAN_POINT('Ctrl Pts',(0.353244265072745,2.5,24.9672976235468));
#9179=CARTESIAN_POINT('Ctrl Pts',(0.101734625983959,2.5,24.4241665152556));
#9180=CARTESIAN_POINT('Ctrl Pts',(0.0313037633895874,2.5,24.1345500946045));
#9181=CARTESIAN_POINT('',(1.84849321842194,2.5,22.9149079322815));
#9182=CARTESIAN_POINT('',(0.0313037633895874,2.5,24.1345500946045));
#9183=CARTESIAN_POINT('Origin',(2.08860218524933,2.5,22.8821659088135));
#9184=CARTESIAN_POINT('',(2.32871115207672,2.5,22.8494238853455));
#9185=CARTESIAN_POINT('',(6.31002497698147,2.5,22.3065192516244));
#9186=CARTESIAN_POINT('',(2.32871115207672,2.5,22.8494238853455));
#9187=CARTESIAN_POINT('Ctrl Pts',(2.32871115207672,2.5,22.8494238853455));
#9188=CARTESIAN_POINT('Ctrl Pts',(2.32871115207672,3.5,22.8494238853455));
#9189=CARTESIAN_POINT('Ctrl Pts',(2.3058667733714,2.5,22.7377487026623));
#9190=CARTESIAN_POINT('Ctrl Pts',(2.3058667733714,3.5,22.7377487026623));
#9191=CARTESIAN_POINT('Ctrl Pts',(2.25757406867763,2.5,22.4843287580107));
#9192=CARTESIAN_POINT('Ctrl Pts',(2.25757406867763,3.5,22.4843287580107));
#9193=CARTESIAN_POINT('Ctrl Pts',(1.89080548181839,2.5,22.1130065763001));
#9194=CARTESIAN_POINT('Ctrl Pts',(1.89080548181839,3.5,22.1130065763001));
#9195=CARTESIAN_POINT('Ctrl Pts',(1.21698177179065,2.5,21.9891872106151));
#9196=CARTESIAN_POINT('Ctrl Pts',(1.21698177179065,3.5,21.9891872106151));
#9197=CARTESIAN_POINT('Ctrl Pts',(0.488457050480496,2.5,22.1119846962625));
#9198=CARTESIAN_POINT('Ctrl Pts',(0.488457050480496,3.5,22.1119846962625));
#9199=CARTESIAN_POINT('Ctrl Pts',(0.100336330323453,2.5,22.6040814101944));
#9200=CARTESIAN_POINT('Ctrl Pts',(0.100336330323453,3.5,22.6040814101944));
#9201=CARTESIAN_POINT('Ctrl Pts',(0.0954955226930403,2.5,23.1327820895813));
#9202=CARTESIAN_POINT('Ctrl Pts',(0.0954955226930403,3.5,23.1327820895813));
#9203=CARTESIAN_POINT('Ctrl Pts',(0.422222357706695,2.5,23.5324942319933));
#9204=CARTESIAN_POINT('Ctrl Pts',(0.422222357706695,3.5,23.5324942319933));
#9205=CARTESIAN_POINT('Ctrl Pts',(0.903200362170339,2.5,23.6648677685173));
#9206=CARTESIAN_POINT('Ctrl Pts',(0.903200362170339,3.5,23.6648677685173));
#9207=CARTESIAN_POINT('Ctrl Pts',(1.3448934237268,2.5,23.7974545984022));
#9208=CARTESIAN_POINT('Ctrl Pts',(1.3448934237268,3.5,23.7974545984022));
#9209=CARTESIAN_POINT('Ctrl Pts',(1.71893086833756,2.5,23.8656673325442));
#9210=CARTESIAN_POINT('Ctrl Pts',(1.71893086833756,3.5,23.8656673325442));
#9211=CARTESIAN_POINT('Ctrl Pts',(1.92067802160725,2.5,24.0514083677651));
#9212=CARTESIAN_POINT('Ctrl Pts',(1.92067802160725,3.5,24.0514083677651));
#9213=CARTESIAN_POINT('Ctrl Pts',(1.95401259205144,2.5,24.2947028628836));
#9214=CARTESIAN_POINT('Ctrl Pts',(1.95401259205144,3.5,24.2947028628836));
#9215=CARTESIAN_POINT('Ctrl Pts',(1.78312673104869,2.5,24.577784480617));
#9216=CARTESIAN_POINT('Ctrl Pts',(1.78312673104869,3.5,24.577784480617));
#9217=CARTESIAN_POINT('Ctrl Pts',(1.3962691621458,2.5,24.6747243448674));
#9218=CARTESIAN_POINT('Ctrl Pts',(1.3962691621458,3.5,24.6747243448674));
#9219=CARTESIAN_POINT('Ctrl Pts',(0.998045543370349,2.5,24.6613762227154));
#9220=CARTESIAN_POINT('Ctrl Pts',(0.998045543370349,3.5,24.6613762227154));
#9221=CARTESIAN_POINT('Ctrl Pts',(0.617419840834926,2.5,24.4620656080397));
#9222=CARTESIAN_POINT('Ctrl Pts',(0.617419840834926,3.5,24.4620656080397));
#9223=CARTESIAN_POINT('Ctrl Pts',(0.543922696327203,2.5,24.1871780666392));
#9224=CARTESIAN_POINT('Ctrl Pts',(0.543922696327203,3.5,24.1871780666392));
#9225=CARTESIAN_POINT('Ctrl Pts',(0.516978800296783,2.5,24.058153629303));
#9226=CARTESIAN_POINT('Ctrl Pts',(0.516978800296783,3.5,24.058153629303));
#9227=CARTESIAN_POINT('',(0.516978800296783,2.5,24.058153629303));
#9228=CARTESIAN_POINT('Ctrl Pts',(0.516978800296783,2.5,24.058153629303));
#9229=CARTESIAN_POINT('Ctrl Pts',(0.543922696327203,2.5,24.1871780666392));
#9230=CARTESIAN_POINT('Ctrl Pts',(0.617419840834926,2.5,24.4620656080397));
#9231=CARTESIAN_POINT('Ctrl Pts',(0.998045543370349,2.5,24.6613762227154));
#9232=CARTESIAN_POINT('Ctrl Pts',(1.3962691621458,2.5,24.6747243448674));
#9233=CARTESIAN_POINT('Ctrl Pts',(1.78312673104869,2.5,24.577784480617));
#9234=CARTESIAN_POINT('Ctrl Pts',(1.95401259205144,2.5,24.2947028628836));
#9235=CARTESIAN_POINT('Ctrl Pts',(1.92067802160725,2.5,24.0514083677651));
#9236=CARTESIAN_POINT('Ctrl Pts',(1.71893086833756,2.5,23.8656673325442));
#9237=CARTESIAN_POINT('Ctrl Pts',(1.3448934237268,2.5,23.7974545984022));
#9238=CARTESIAN_POINT('Ctrl Pts',(0.903200362170339,2.5,23.6648677685173));
#9239=CARTESIAN_POINT('Ctrl Pts',(0.422222357706695,2.5,23.5324942319933));
#9240=CARTESIAN_POINT('Ctrl Pts',(0.0954955226930403,2.5,23.1327820895813));
#9241=CARTESIAN_POINT('Ctrl Pts',(0.100336330323453,2.5,22.6040814101944));
#9242=CARTESIAN_POINT('Ctrl Pts',(0.488457050480496,2.5,22.1119846962625));
#9243=CARTESIAN_POINT('Ctrl Pts',(1.21698177179065,2.5,21.9891872106151));
#9244=CARTESIAN_POINT('Ctrl Pts',(1.89080548181839,2.5,22.1130065763001));
#9245=CARTESIAN_POINT('Ctrl Pts',(2.25757406867763,2.5,22.4843287580107));
#9246=CARTESIAN_POINT('Ctrl Pts',(2.3058667733714,2.5,22.7377487026623));
#9247=CARTESIAN_POINT('Ctrl Pts',(2.32871115207672,2.5,22.8494238853455));
#9248=CARTESIAN_POINT('',(0.516978800296783,2.5,24.058153629303));
#9249=CARTESIAN_POINT('Origin',(0.274141281843185,2.5,24.0963518619537));
#9250=CARTESIAN_POINT('',(6.24945770737387,2.5,23.1564372703462));
#9251=CARTESIAN_POINT('Origin',(0.,3.5,-55.5));
#9252=CARTESIAN_POINT('',(-4.11876142024993,3.5,21.5642881372764));
#9253=CARTESIAN_POINT('',(-3.62763047218323,3.5,21.5642905235184));
#9254=CARTESIAN_POINT('',(-4.11876142024993,3.5,21.5642881372764));
#9255=CARTESIAN_POINT('',(-3.62762987613678,3.5,20.9994864463806));
#9256=CARTESIAN_POINT('',(-3.62763047218323,3.5,21.5642905235291));
#9257=CARTESIAN_POINT('',(-4.11876052618027,3.5,20.9994840621948));
#9258=CARTESIAN_POINT('',(-3.62762987613678,3.5,20.9994864463806));
#9259=CARTESIAN_POINT('',(-4.11876052618027,3.5,20.9994840621948));
#9260=CARTESIAN_POINT('Origin',(-3.87319594621658,2.5,21.5642893303974));
#9261=CARTESIAN_POINT('',(-3.62763047218323,2.5,21.5642905235184));
#9262=CARTESIAN_POINT('',(-4.11876142024993,2.5,21.5642881372764));
#9263=CARTESIAN_POINT('',(-1.93678518803034,2.5,21.5642987387733));
#9264=CARTESIAN_POINT('',(-3.62763047218323,2.5,21.5642905235184));
#9265=CARTESIAN_POINT('',(-4.11876142024993,2.5,21.5642881372764));
#9266=CARTESIAN_POINT('Origin',(-3.62763017416,2.5,21.2818884849495));
#9267=CARTESIAN_POINT('',(-3.62762987613678,2.5,20.9994864463806));
#9268=CARTESIAN_POINT('',(-3.62758965960282,2.5,-17.1090576716295));
#9269=CARTESIAN_POINT('',(-3.62762987613678,2.5,20.9994864463806));
#9270=CARTESIAN_POINT('Origin',(-3.87319520115852,2.5,20.9994852542877));
#9271=CARTESIAN_POINT('',(-4.11876052618027,2.5,20.9994840621948));
#9272=CARTESIAN_POINT('',(-1.93678328338135,2.5,20.999494654568));
#9273=CARTESIAN_POINT('',(-4.11876052618027,2.5,20.9994840621948));
#9274=CARTESIAN_POINT('Origin',(-4.1187609732151,2.5,21.2818860997356));
#9275=CARTESIAN_POINT('',(-4.11870020137908,2.5,-17.1090602099799));
#9276=CARTESIAN_POINT('Ctrl Pts',(51.7942570048985,47.9789859155704,-34.3859346546486));
#9277=CARTESIAN_POINT('Ctrl Pts',(53.2670504289385,47.7858598074886,-32.1820819870351));
#9278=CARTESIAN_POINT('Ctrl Pts',(54.5986327581511,47.5858749517149,-29.8845372630965));
#9279=CARTESIAN_POINT('Ctrl Pts',(55.7784093840802,47.3790398619965,-27.5121450771985));
#9280=CARTESIAN_POINT('Ctrl Pts',(51.3090676552531,48.0377207860115,-34.0567497540909));
#9281=CARTESIAN_POINT('Ctrl Pts',(52.7679034183058,47.8445842162294,-31.8734676484669));
#9282=CARTESIAN_POINT('Ctrl Pts',(54.0868437092489,47.6445885308154,-29.5973740256598));
#9283=CARTESIAN_POINT('Ctrl Pts',(55.2553928475198,47.4377422447685,-27.2471379641216));
#9284=CARTESIAN_POINT('Ctrl Pts',(50.8238783056077,48.0964556564525,-33.7275648535332));
#9285=CARTESIAN_POINT('Ctrl Pts',(52.2687564076731,47.9033086249703,-31.5648533098987));
#9286=CARTESIAN_POINT('Ctrl Pts',(53.5750546603467,47.7033021099159,-29.310210788223));
#9287=CARTESIAN_POINT('Ctrl Pts',(54.7323763109595,47.4964446275406,-26.9821308510447));
#9288=CARTESIAN_POINT('Ctrl Pts',(50.3386889559623,48.1551905268936,-33.3983799529755));
#9289=CARTESIAN_POINT('Ctrl Pts',(51.7696093970405,47.9620330337112,-31.2562389713306));
#9290=CARTESIAN_POINT('Ctrl Pts',(53.0632656114444,47.7620156890164,-29.0230475507863));
#9291=CARTESIAN_POINT('Ctrl Pts',(54.2093597743991,47.5551470103126,-26.7171237379678));
#9292=CARTESIAN_POINT('',(54.209359774399,47.5551470103127,-26.7171237379679));
#9293=CARTESIAN_POINT('',(55.7784093840801,47.3790398619968,-27.5121450771985));
#9294=CARTESIAN_POINT('',(54.209359774399,47.5551470103127,-26.7171237379679));
#9295=CARTESIAN_POINT('',(51.7942570048984,47.9789859155707,-34.3859346546486));
#9296=CARTESIAN_POINT('Ctrl Pts',(55.7784093840802,47.3790398619965,-27.5121450771985));
#9297=CARTESIAN_POINT('Ctrl Pts',(54.5986327581511,47.5858749517149,-29.8845372630965));
#9298=CARTESIAN_POINT('Ctrl Pts',(53.2670504289385,47.7858598074886,-32.1820819870351));
#9299=CARTESIAN_POINT('Ctrl Pts',(51.7942570048985,47.9789859155704,-34.3859346546486));
#9300=CARTESIAN_POINT('',(50.3386889559622,48.1551905268941,-33.3983799529755));
#9301=CARTESIAN_POINT('',(51.7942570048984,47.9789859155707,-34.3859346546486));
#9302=CARTESIAN_POINT('Ctrl Pts',(54.2093597743991,47.5551470103126,-26.7171237379678));
#9303=CARTESIAN_POINT('Ctrl Pts',(53.0632656114444,47.7620156890164,-29.0230475507863));
#9304=CARTESIAN_POINT('Ctrl Pts',(51.7696093970405,47.9620330337112,-31.2562389713306));
#9305=CARTESIAN_POINT('Ctrl Pts',(50.3386889559623,48.1551905268936,-33.3983799529755));
#9306=CARTESIAN_POINT('Ctrl Pts',(51.7749523722042,45.737308931501,-34.5835849652717));
#9307=CARTESIAN_POINT('Ctrl Pts',(51.5799043624571,45.7627398863422,-34.8736812309033));
#9308=CARTESIAN_POINT('Ctrl Pts',(51.1900978808951,46.1416828514506,-35.4152377029411));
#9309=CARTESIAN_POINT('Ctrl Pts',(51.0794205857994,47.0480207913307,-35.506852987109));
#9310=CARTESIAN_POINT('Ctrl Pts',(51.3071646260343,47.7956464960114,-35.1236635164189));
#9311=CARTESIAN_POINT('Ctrl Pts',(51.6000104541745,48.0044572951525,-34.6766005226516));
#9312=CARTESIAN_POINT('Ctrl Pts',(51.7942570048986,47.9789859155704,-34.3859346546484));
#9313=CARTESIAN_POINT('Ctrl Pts',(51.2899126444312,45.6299622134207,-34.266671193551));
#9314=CARTESIAN_POINT('Ctrl Pts',(51.083535673999,45.657150349523,-34.5735242965369));
#9315=CARTESIAN_POINT('Ctrl Pts',(50.6695184797406,46.0619111387616,-35.1473197600659));
#9316=CARTESIAN_POINT('Ctrl Pts',(50.550581494222,47.0386006376491,-35.2450611141652));
#9317=CARTESIAN_POINT('Ctrl Pts',(50.7934642832586,47.8421478513356,-34.8371807129741));
#9318=CARTESIAN_POINT('Ctrl Pts',(51.1036113363355,48.0649552292002,-34.3642398689803));
#9319=CARTESIAN_POINT('Ctrl Pts',(51.3090676552532,48.0377207860114,-34.0567497540907));
#9320=CARTESIAN_POINT('Ctrl Pts',(50.8048729166581,45.5226154953403,-33.9497574218304));
#9321=CARTESIAN_POINT('Ctrl Pts',(50.5871669855409,45.5515608127039,-34.2733673621706));
#9322=CARTESIAN_POINT('Ctrl Pts',(50.148939078586,45.9821394260726,-34.8794018171907));
#9323=CARTESIAN_POINT('Ctrl Pts',(50.0217424026446,47.0291804839675,-34.9832692412214));
#9324=CARTESIAN_POINT('Ctrl Pts',(50.2797639404828,47.8886492066598,-34.5506979095294));
#9325=CARTESIAN_POINT('Ctrl Pts',(50.6072122184964,48.1254531632479,-34.0518792153091));
#9326=CARTESIAN_POINT('Ctrl Pts',(50.8238783056078,48.0964556564525,-33.727564853533));
#9327=CARTESIAN_POINT('Ctrl Pts',(50.3198331888851,45.41526877726,-33.6328436501097));
#9328=CARTESIAN_POINT('Ctrl Pts',(50.0907982970829,45.4459712758848,-33.9732104278042));
#9329=CARTESIAN_POINT('Ctrl Pts',(49.6283596774314,45.9023677133836,-34.6114838743155));
#9330=CARTESIAN_POINT('Ctrl Pts',(49.4929033110672,47.0197603302859,-34.7214773682776));
#9331=CARTESIAN_POINT('Ctrl Pts',(49.7660635977071,47.9351505619839,-34.2642151060847));
#9332=CARTESIAN_POINT('Ctrl Pts',(50.1108131006574,48.1859510972957,-33.7395185616379));
#9333=CARTESIAN_POINT('Ctrl Pts',(50.3386889559624,48.1551905268935,-33.3983799529753));
#9334=CARTESIAN_POINT('',(51.7749523722042,45.7373089315013,-34.5835849652717));
#9335=CARTESIAN_POINT('Ctrl Pts',(51.7942570048986,47.9789859155704,-34.3859346546484));
#9336=CARTESIAN_POINT('Ctrl Pts',(51.6000104541745,48.0044572951525,-34.6766005226516));
#9337=CARTESIAN_POINT('Ctrl Pts',(51.3071646260343,47.7956464960114,-35.1236635164189));
#9338=CARTESIAN_POINT('Ctrl Pts',(51.0794205857994,47.0480207913307,-35.506852987109));
#9339=CARTESIAN_POINT('Ctrl Pts',(51.1900978808951,46.1416828514506,-35.4152377029411));
#9340=CARTESIAN_POINT('Ctrl Pts',(51.5799043624571,45.7627398863422,-34.8736812309033));
#9341=CARTESIAN_POINT('Ctrl Pts',(51.7749523722042,45.737308931501,-34.5835849652717));
#9342=CARTESIAN_POINT('',(50.319833188885,45.4152687772603,-33.6328436501097));
#9343=CARTESIAN_POINT('',(51.7749523722042,45.7373089315013,-34.5835849652717));
#9344=CARTESIAN_POINT('Ctrl Pts',(50.3386889559624,48.1551905268935,-33.3983799529753));
#9345=CARTESIAN_POINT('Ctrl Pts',(50.1108131006574,48.1859510972957,-33.7395185616379));
#9346=CARTESIAN_POINT('Ctrl Pts',(49.7660635977071,47.9351505619839,-34.2642151060847));
#9347=CARTESIAN_POINT('Ctrl Pts',(49.4929033110672,47.0197603302859,-34.7214773682776));
#9348=CARTESIAN_POINT('Ctrl Pts',(49.6283596774314,45.9023677133836,-34.6114838743155));
#9349=CARTESIAN_POINT('Ctrl Pts',(50.0907982970829,45.4459712758848,-33.9732104278042));
#9350=CARTESIAN_POINT('Ctrl Pts',(50.3198331888851,45.41526877726,-33.6328436501097));
#9351=CARTESIAN_POINT('Ctrl Pts',(55.7784093840801,47.3790398619964,-27.5121450771986));
#9352=CARTESIAN_POINT('Ctrl Pts',(55.8562082050634,47.3654003935035,-27.3557007885796));
#9353=CARTESIAN_POINT('Ctrl Pts',(56.0886945497839,47.2107988131247,-26.8935787532159));
#9354=CARTESIAN_POINT('Ctrl Pts',(56.3434642656815,46.442039192444,-26.4268900351969));
#9355=CARTESIAN_POINT('Ctrl Pts',(56.2385505607909,45.3849295115747,-26.7559771232638));
#9356=CARTESIAN_POINT('Ctrl Pts',(55.9354196159675,45.1110649261851,-27.4093740466002));
#9357=CARTESIAN_POINT('Ctrl Pts',(55.7788927255339,45.1383006089442,-27.7217693176338));
#9358=CARTESIAN_POINT('Ctrl Pts',(55.2553928475198,47.4377422447684,-27.2471379641217));
#9359=CARTESIAN_POINT('Ctrl Pts',(55.3376782143729,47.423158583489,-27.081638233759));
#9360=CARTESIAN_POINT('Ctrl Pts',(55.5834335177662,47.2583859258375,-26.5927128598006));
#9361=CARTESIAN_POINT('Ctrl Pts',(55.8543392156063,46.4320353223234,-26.0952147217127));
#9362=CARTESIAN_POINT('Ctrl Pts',(55.7433332506009,45.2935542527809,-26.4469401471498));
#9363=CARTESIAN_POINT('Ctrl Pts',(55.4229013240327,45.0018684982953,-27.1391085183635));
#9364=CARTESIAN_POINT('Ctrl Pts',(55.2572659549105,45.0309862704945,-27.4695587145919));
#9365=CARTESIAN_POINT('Ctrl Pts',(54.7323763109594,47.4964446275404,-26.9821308510448));
#9366=CARTESIAN_POINT('Ctrl Pts',(54.8191482236824,47.4809167734744,-26.8075756789384));
#9367=CARTESIAN_POINT('Ctrl Pts',(55.0781724857485,47.3059730385502,-26.2918469663853));
#9368=CARTESIAN_POINT('Ctrl Pts',(55.365214165531,46.4220314522029,-25.7635394082284));
#9369=CARTESIAN_POINT('Ctrl Pts',(55.2481159404108,45.2021789939871,-26.1379031710357));
#9370=CARTESIAN_POINT('Ctrl Pts',(54.910383032098,44.8926720704055,-26.8688429901268));
#9371=CARTESIAN_POINT('Ctrl Pts',(54.7356391842871,44.9236719320448,-27.21734811155));
#9372=CARTESIAN_POINT('Ctrl Pts',(54.2093597743991,47.5551470103125,-26.7171237379679));
#9373=CARTESIAN_POINT('Ctrl Pts',(54.3006182329918,47.5386749634599,-26.5335131241177));
#9374=CARTESIAN_POINT('Ctrl Pts',(54.5729114537308,47.353560151263,-25.99098107297));
#9375=CARTESIAN_POINT('Ctrl Pts',(54.8760891154558,46.4120275820823,-25.4318640947442));
#9376=CARTESIAN_POINT('Ctrl Pts',(54.7528986302208,45.1108037351932,-25.8288661949217));
#9377=CARTESIAN_POINT('Ctrl Pts',(54.3978647401632,44.7834756425157,-26.5985774618901));
#9378=CARTESIAN_POINT('Ctrl Pts',(54.2140124136637,44.8163575935951,-26.9651375085082));
#9379=CARTESIAN_POINT('',(54.2140124136636,44.8163575935953,-26.9651375085082));
#9380=CARTESIAN_POINT('',(55.7788927255339,45.1383006089445,-27.7217693176338));
#9381=CARTESIAN_POINT('',(54.2140124136636,44.8163575935953,-26.9651375085082));
#9382=CARTESIAN_POINT('Ctrl Pts',(55.7788927255339,45.1383006089442,-27.7217693176338));
#9383=CARTESIAN_POINT('Ctrl Pts',(55.9354196159675,45.1110649261851,-27.4093740466002));
#9384=CARTESIAN_POINT('Ctrl Pts',(56.2385505607909,45.3849295115747,-26.7559771232638));
#9385=CARTESIAN_POINT('Ctrl Pts',(56.3434642656815,46.442039192444,-26.4268900351969));
#9386=CARTESIAN_POINT('Ctrl Pts',(56.0886945497839,47.2107988131247,-26.8935787532159));
#9387=CARTESIAN_POINT('Ctrl Pts',(55.8562082050634,47.3654003935035,-27.3557007885796));
#9388=CARTESIAN_POINT('Ctrl Pts',(55.7784093840801,47.3790398619964,-27.5121450771986));
#9389=CARTESIAN_POINT('Ctrl Pts',(54.2140124136637,44.8163575935951,-26.9651375085082));
#9390=CARTESIAN_POINT('Ctrl Pts',(54.3978647401632,44.7834756425157,-26.5985774618901));
#9391=CARTESIAN_POINT('Ctrl Pts',(54.7528986302208,45.1108037351932,-25.8288661949217));
#9392=CARTESIAN_POINT('Ctrl Pts',(54.8760891154558,46.4120275820823,-25.4318640947442));
#9393=CARTESIAN_POINT('Ctrl Pts',(54.5729114537308,47.353560151263,-25.99098107297));
#9394=CARTESIAN_POINT('Ctrl Pts',(54.3006182329918,47.5386749634599,-26.5335131241177));
#9395=CARTESIAN_POINT('Ctrl Pts',(54.2093597743991,47.5551470103125,-26.7171237379679));
#9396=CARTESIAN_POINT('Ctrl Pts',(55.7788927255339,45.1383006089442,-27.7217693176337));
#9397=CARTESIAN_POINT('Ctrl Pts',(54.5920426707818,45.3448125474635,-30.0904763398164));
#9398=CARTESIAN_POINT('Ctrl Pts',(53.2538571490309,45.5444848127487,-32.383999573253));
#9399=CARTESIAN_POINT('Ctrl Pts',(51.7749523722043,45.7373089315008,-34.5835849652717));
#9400=CARTESIAN_POINT('Ctrl Pts',(55.2572659549105,45.0309862704945,-27.4695587145918));
#9401=CARTESIAN_POINT('Ctrl Pts',(54.0812060139356,45.2374870498986,-29.8159540632566));
#9402=CARTESIAN_POINT('Ctrl Pts',(52.7552486551684,45.437148521559,-32.0878494798325));
#9403=CARTESIAN_POINT('Ctrl Pts',(51.2899126444312,45.6299622134204,-34.266671193551));
#9404=CARTESIAN_POINT('Ctrl Pts',(54.7356391842871,44.9236719320447,-27.2173481115499));
#9405=CARTESIAN_POINT('Ctrl Pts',(53.5703693570893,45.1301615523337,-29.5414317866968));
#9406=CARTESIAN_POINT('Ctrl Pts',(52.2566401613059,45.3298122303692,-31.7916993864121));
#9407=CARTESIAN_POINT('Ctrl Pts',(50.8048729166581,45.5226154953401,-33.9497574218303));
#9408=CARTESIAN_POINT('Ctrl Pts',(54.2140124136637,44.816357593595,-26.9651375085081));
#9409=CARTESIAN_POINT('Ctrl Pts',(53.0595327002431,45.0228360547687,-29.2669095101371));
#9410=CARTESIAN_POINT('Ctrl Pts',(51.7580316674434,45.2224759391795,-31.4955492929916));
#9411=CARTESIAN_POINT('Ctrl Pts',(50.3198331888851,45.4152687772597,-33.6328436501097));
#9412=CARTESIAN_POINT('Ctrl Pts',(51.7749523722043,45.7373089315008,-34.5835849652717));
#9413=CARTESIAN_POINT('Ctrl Pts',(53.2538571490309,45.5444848127487,-32.383999573253));
#9414=CARTESIAN_POINT('Ctrl Pts',(54.5920426707818,45.3448125474635,-30.0904763398164));
#9415=CARTESIAN_POINT('Ctrl Pts',(55.7788927255339,45.1383006089442,-27.7217693176337));
#9416=CARTESIAN_POINT('Ctrl Pts',(50.3198331888851,45.4152687772597,-33.6328436501097));
#9417=CARTESIAN_POINT('Ctrl Pts',(51.7580316674434,45.2224759391795,-31.4955492929916));
#9418=CARTESIAN_POINT('Ctrl Pts',(53.0595327002431,45.0228360547687,-29.2669095101371));
#9419=CARTESIAN_POINT('Ctrl Pts',(54.2140124136637,44.816357593595,-26.9651375085081));
#9420=CARTESIAN_POINT('Origin',(3.7561760601765E-31,44.9593148451109,-2.77667241841727E-15));
#9421=CARTESIAN_POINT('Ctrl Pts',(-55.6762214462466,47.9789859155704,-27.6621750090579));
#9422=CARTESIAN_POINT('Ctrl Pts',(-54.5040257619152,47.7858598074886,-30.03957786261));
#9423=CARTESIAN_POINT('Ctrl Pts',(-53.1800848292598,47.5858749517149,-32.3415343489079));
#9424=CARTESIAN_POINT('Ctrl Pts',(-51.715421241497,47.3790398619965,-34.5494469707025));
#9425=CARTESIAN_POINT('Ctrl Pts',(-55.1485442849987,48.0377207860114,-27.4065811568982));
#9426=CARTESIAN_POINT('Ctrl Pts',(-53.9871843994267,47.8445842162294,-29.7616110404631));
#9427=CARTESIAN_POINT('Ctrl Pts',(-52.6754996461555,47.6445885308154,-32.0418936498982));
#9428=CARTESIAN_POINT('Ctrl Pts',(-51.2244100811086,47.4377422447685,-34.2290049199803));
#9429=CARTESIAN_POINT('Ctrl Pts',(-54.6208671237508,48.0964556564525,-27.1509873047384));
#9430=CARTESIAN_POINT('Ctrl Pts',(-53.4703430369382,47.9033086249703,-29.4836442183162));
#9431=CARTESIAN_POINT('Ctrl Pts',(-52.1709144630512,47.7033021099158,-31.7422529508886));
#9432=CARTESIAN_POINT('Ctrl Pts',(-50.7333989207203,47.4964446275405,-33.9085628692581));
#9433=CARTESIAN_POINT('Ctrl Pts',(-54.0931899625028,48.1551905268936,-26.8953934525787));
#9434=CARTESIAN_POINT('Ctrl Pts',(-52.9535016744497,47.9620330337111,-29.2056773961693));
#9435=CARTESIAN_POINT('Ctrl Pts',(-51.6663292799469,47.7620156890163,-31.4426122518789));
#9436=CARTESIAN_POINT('Ctrl Pts',(-50.242387760332,47.5551470103126,-33.588120818536));
#9437=CARTESIAN_POINT('',(-50.2423877603319,47.5551470103127,-33.5881208185359));
#9438=CARTESIAN_POINT('',(-51.715421241497,47.3790398619968,-34.5494469707025));
#9439=CARTESIAN_POINT('',(-50.2423877603319,47.5551470103127,-33.5881208185359));
#9440=CARTESIAN_POINT('',(-55.6762214462466,47.9789859155707,-27.6621750090579));
#9441=CARTESIAN_POINT('Ctrl Pts',(-51.715421241497,47.3790398619965,-34.5494469707025));
#9442=CARTESIAN_POINT('Ctrl Pts',(-53.1800848292598,47.5858749517149,-32.3415343489079));
#9443=CARTESIAN_POINT('Ctrl Pts',(-54.5040257619152,47.7858598074886,-30.03957786261));
#9444=CARTESIAN_POINT('Ctrl Pts',(-55.6762214462466,47.9789859155704,-27.6621750090579));
#9445=CARTESIAN_POINT('',(-54.0931899625028,48.1551905268941,-26.8953934525787));
#9446=CARTESIAN_POINT('',(-55.6762214462466,47.9789859155707,-27.6621750090579));
#9447=CARTESIAN_POINT('Ctrl Pts',(-50.242387760332,47.5551470103126,-33.588120818536));
#9448=CARTESIAN_POINT('Ctrl Pts',(-51.6663292799469,47.7620156890163,-31.4426122518789));
#9449=CARTESIAN_POINT('Ctrl Pts',(-52.9535016744497,47.9620330337111,-29.2056773961693));
#9450=CARTESIAN_POINT('Ctrl Pts',(-54.0931899625028,48.1551905268936,-26.8953934525787));
#9451=CARTESIAN_POINT('Ctrl Pts',(-55.837739319965,45.737308931501,-27.5466315514224));
#9452=CARTESIAN_POINT('Ctrl Pts',(-55.9145926853182,45.7500244089216,-27.3896492193152));
#9453=CARTESIAN_POINT('Ctrl Pts',(-56.1360541389451,45.9016847189486,-26.9211126936083));
#9454=CARTESIAN_POINT('Ctrl Pts',(-56.33532807165,46.6669776521059,-26.4221618527386));
#9455=CARTESIAN_POINT('Ctrl Pts',(-56.1537988998348,47.7263272422303,-26.7067752781899));
#9456=CARTESIAN_POINT('Ctrl Pts',(-55.8308221965883,48.0044572951525,-27.348619627532));
#9457=CARTESIAN_POINT('Ctrl Pts',(-55.6762214462465,47.9789859155704,-27.6621750090581));
#9458=CARTESIAN_POINT('Ctrl Pts',(-55.3207640789592,45.6299622134207,-27.2850317111866));
#9459=CARTESIAN_POINT('Ctrl Pts',(-55.4020411275591,45.6435562814719,-27.118954585865));
#9460=CARTESIAN_POINT('Ctrl Pts',(-55.6360450047908,45.8051690775003,-26.6232099421531));
#9461=CARTESIAN_POINT('Ctrl Pts',(-55.8472625460538,46.6276412915844,-26.0911086861803));
#9462=CARTESIAN_POINT('Ctrl Pts',(-55.653687828015,47.7686525483567,-26.3950124224102));
#9463=CARTESIAN_POINT('Ctrl Pts',(-55.3121103764467,48.0649552292002,-27.0749057079028));
#9464=CARTESIAN_POINT('Ctrl Pts',(-55.1485442849986,48.0377207860114,-27.4065811568984));
#9465=CARTESIAN_POINT('Ctrl Pts',(-54.8037888379534,45.5226154953403,-27.0234318709508));
#9466=CARTESIAN_POINT('Ctrl Pts',(-54.8894895698,45.5370881540221,-26.8482599524147));
#9467=CARTESIAN_POINT('Ctrl Pts',(-55.1360358706365,45.7086534360521,-26.3253071906978));
#9468=CARTESIAN_POINT('Ctrl Pts',(-55.3591970204575,46.5883049310629,-25.7600555196221));
#9469=CARTESIAN_POINT('Ctrl Pts',(-55.1535767561951,47.8109778544831,-26.0832495666305));
#9470=CARTESIAN_POINT('Ctrl Pts',(-54.7933985563052,48.1254531632479,-26.8011917882736));
#9471=CARTESIAN_POINT('Ctrl Pts',(-54.6208671237506,48.0964556564525,-27.1509873047387));
#9472=CARTESIAN_POINT('Ctrl Pts',(-54.2868135969477,45.41526877726,-26.7618320307149));
#9473=CARTESIAN_POINT('Ctrl Pts',(-54.376938012041,45.4306200265723,-26.5775653189645));
#9474=CARTESIAN_POINT('Ctrl Pts',(-54.6360267364821,45.6121377946039,-26.0274044392425));
#9475=CARTESIAN_POINT('Ctrl Pts',(-54.8711314948613,46.5489685705414,-25.4290023530638));
#9476=CARTESIAN_POINT('Ctrl Pts',(-54.6534656843753,47.8533031606094,-25.7714867108508));
#9477=CARTESIAN_POINT('Ctrl Pts',(-54.2746867361637,48.1859510972957,-26.5274778686444));
#9478=CARTESIAN_POINT('Ctrl Pts',(-54.0931899625027,48.1551905268935,-26.895393452579));
#9479=CARTESIAN_POINT('',(-55.8377393199649,45.7373089315013,-27.5466315514225));
#9480=CARTESIAN_POINT('Ctrl Pts',(-55.6762214462465,47.9789859155704,-27.6621750090581));
#9481=CARTESIAN_POINT('Ctrl Pts',(-55.8308221965883,48.0044572951525,-27.348619627532));
#9482=CARTESIAN_POINT('Ctrl Pts',(-56.1537988998348,47.7263272422303,-26.7067752781899));
#9483=CARTESIAN_POINT('Ctrl Pts',(-56.33532807165,46.6669776521059,-26.4221618527386));
#9484=CARTESIAN_POINT('Ctrl Pts',(-56.1360541389451,45.9016847189486,-26.9211126936083));
#9485=CARTESIAN_POINT('Ctrl Pts',(-55.9145926853182,45.7500244089216,-27.3896492193152));
#9486=CARTESIAN_POINT('Ctrl Pts',(-55.837739319965,45.737308931501,-27.5466315514224));
#9487=CARTESIAN_POINT('',(-54.2868135969476,45.4152687772603,-26.7618320307149));
#9488=CARTESIAN_POINT('',(-55.8377393199649,45.7373089315013,-27.5466315514225));
#9489=CARTESIAN_POINT('Ctrl Pts',(-54.0931899625027,48.1551905268935,-26.895393452579));
#9490=CARTESIAN_POINT('Ctrl Pts',(-54.2746867361637,48.1859510972957,-26.5274778686444));
#9491=CARTESIAN_POINT('Ctrl Pts',(-54.6534656843753,47.8533031606094,-25.7714867108508));
#9492=CARTESIAN_POINT('Ctrl Pts',(-54.8711314948613,46.5489685705414,-25.4290023530638));
#9493=CARTESIAN_POINT('Ctrl Pts',(-54.6360267364821,45.6121377946039,-26.0274044392425));
#9494=CARTESIAN_POINT('Ctrl Pts',(-54.376938012041,45.4306200265723,-26.5775653189645));
#9495=CARTESIAN_POINT('Ctrl Pts',(-54.2868135969477,45.41526877726,-26.7618320307149));
#9496=CARTESIAN_POINT('Ctrl Pts',(-51.715421241497,47.3790398619964,-34.5494469707024));
#9497=CARTESIAN_POINT('Ctrl Pts',(-51.5222506060383,47.3517609250106,-34.8406427700333));
#9498=CARTESIAN_POINT('Ctrl Pts',(-51.2539158677731,47.0658507491714,-35.2545185153768));
#9499=CARTESIAN_POINT('Ctrl Pts',(-51.0987136043604,46.2630255290891,-35.5362500923269));
#9500=CARTESIAN_POINT('Ctrl Pts',(-51.2897832177077,45.3862998820675,-35.3272321529765));
#9501=CARTESIAN_POINT('Ctrl Pts',(-51.7049240341694,45.1110649261851,-34.7368073354701));
#9502=CARTESIAN_POINT('Ctrl Pts',(-51.8972028296898,45.1383006089442,-34.4450534364625));
#9503=CARTESIAN_POINT('Ctrl Pts',(-51.2244100811087,47.4377422447684,-34.2290049199803));
#9504=CARTESIAN_POINT('Ctrl Pts',(-51.0200415063346,47.4085749222095,-34.537027086452));
#9505=CARTESIAN_POINT('Ctrl Pts',(-50.735379691913,47.1030666883178,-34.9754055560631));
#9506=CARTESIAN_POINT('Ctrl Pts',(-50.569701999702,46.2390527735613,-35.2756983851387));
#9507=CARTESIAN_POINT('Ctrl Pts',(-50.7745422351142,45.295202414192,-35.0528696127906));
#9508=CARTESIAN_POINT('Ctrl Pts',(-51.2146080749818,45.0018684982953,-34.4280862388688));
#9509=CARTESIAN_POINT('Ctrl Pts',(-51.41796865504,45.0309862704945,-34.1194167033295));
#9510=CARTESIAN_POINT('Ctrl Pts',(-50.7333989207203,47.4964446275404,-33.9085628692581));
#9511=CARTESIAN_POINT('Ctrl Pts',(-50.517832406631,47.4653889194084,-34.2334114028706));
#9512=CARTESIAN_POINT('Ctrl Pts',(-50.216843516053,47.1402826274641,-34.6962925967493));
#9513=CARTESIAN_POINT('Ctrl Pts',(-50.0406903950436,46.2150800180335,-35.0151466779506));
#9514=CARTESIAN_POINT('Ctrl Pts',(-50.2593012525207,45.2041049463164,-34.7785070726046));
#9515=CARTESIAN_POINT('Ctrl Pts',(-50.7242921157942,44.8926720704055,-34.1193651422675));
#9516=CARTESIAN_POINT('Ctrl Pts',(-50.9387344803903,44.9236719320448,-33.7937799701966));
#9517=CARTESIAN_POINT('Ctrl Pts',(-50.242387760332,47.5551470103125,-33.5881208185359));
#9518=CARTESIAN_POINT('Ctrl Pts',(-50.0156233069274,47.5222029166073,-33.9297957192892));
#9519=CARTESIAN_POINT('Ctrl Pts',(-49.6983073401929,47.1774985666105,-34.4171796374356));
#9520=CARTESIAN_POINT('Ctrl Pts',(-49.5116787903851,46.1911072625057,-34.7545949707625));
#9521=CARTESIAN_POINT('Ctrl Pts',(-49.7440602699272,45.1130074784409,-34.5041445324186));
#9522=CARTESIAN_POINT('Ctrl Pts',(-50.2339761566067,44.7834756425157,-33.8106440456661));
#9523=CARTESIAN_POINT('Ctrl Pts',(-50.4595003057405,44.8163575935951,-33.4681432370636));
#9524=CARTESIAN_POINT('',(-50.4595003057405,44.8163575935953,-33.4681432370636));
#9525=CARTESIAN_POINT('',(-51.8972028296898,45.1383006089445,-34.4450534364625));
#9526=CARTESIAN_POINT('',(-50.4595003057405,44.8163575935953,-33.4681432370636));
#9527=CARTESIAN_POINT('Ctrl Pts',(-51.8972028296898,45.1383006089442,-34.4450534364625));
#9528=CARTESIAN_POINT('Ctrl Pts',(-51.7049240341694,45.1110649261851,-34.7368073354701));
#9529=CARTESIAN_POINT('Ctrl Pts',(-51.2897832177077,45.3862998820675,-35.3272321529765));
#9530=CARTESIAN_POINT('Ctrl Pts',(-51.0987136043604,46.2630255290891,-35.5362500923269));
#9531=CARTESIAN_POINT('Ctrl Pts',(-51.2539158677731,47.0658507491714,-35.2545185153768));
#9532=CARTESIAN_POINT('Ctrl Pts',(-51.5222506060383,47.3517609250106,-34.8406427700333));
#9533=CARTESIAN_POINT('Ctrl Pts',(-51.715421241497,47.3790398619964,-34.5494469707024));
#9534=CARTESIAN_POINT('Ctrl Pts',(-50.4595003057405,44.8163575935951,-33.4681432370636));
#9535=CARTESIAN_POINT('Ctrl Pts',(-50.2339761566067,44.7834756425157,-33.8106440456661));
#9536=CARTESIAN_POINT('Ctrl Pts',(-49.7440602699272,45.1130074784409,-34.5041445324186));
#9537=CARTESIAN_POINT('Ctrl Pts',(-49.5116787903851,46.1911072625057,-34.7545949707625));
#9538=CARTESIAN_POINT('Ctrl Pts',(-49.6983073401929,47.1774985666105,-34.4171796374356));
#9539=CARTESIAN_POINT('Ctrl Pts',(-50.0156233069274,47.5222029166073,-33.9297957192892));
#9540=CARTESIAN_POINT('Ctrl Pts',(-50.242387760332,47.5551470103125,-33.5881208185359));
#9541=CARTESIAN_POINT('Ctrl Pts',(-51.8972028296897,45.1383006089442,-34.4450534364625));
#9542=CARTESIAN_POINT('Ctrl Pts',(-53.3551382576465,45.3448125474635,-32.2328576274729));
#9543=CARTESIAN_POINT('Ctrl Pts',(-54.672294881097,45.5444848127487,-29.9271933539418));
#9544=CARTESIAN_POINT('Ctrl Pts',(-55.837739319965,45.7373089315008,-27.5466315514225));
#9545=CARTESIAN_POINT('Ctrl Pts',(-51.41796865504,45.0309862704945,-34.1194167033296));
#9546=CARTESIAN_POINT('Ctrl Pts',(-52.8619766638179,45.2374870498986,-31.9277212437397));
#9547=CARTESIAN_POINT('Ctrl Pts',(-54.1665171299304,45.437148521559,-29.6434607784244));
#9548=CARTESIAN_POINT('Ctrl Pts',(-55.3207640789592,45.6299622134204,-27.2850317111866));
#9549=CARTESIAN_POINT('Ctrl Pts',(-50.9387344803902,44.9236719320447,-33.7937799701966));
#9550=CARTESIAN_POINT('Ctrl Pts',(-52.3688150699892,45.1301615523337,-31.6225848600064));
#9551=CARTESIAN_POINT('Ctrl Pts',(-53.6607393787639,45.3298122303692,-29.359728202907));
#9552=CARTESIAN_POINT('Ctrl Pts',(-54.8037888379534,45.5226154953401,-27.0234318709508));
#9553=CARTESIAN_POINT('Ctrl Pts',(-50.4595003057405,44.816357593595,-33.4681432370637));
#9554=CARTESIAN_POINT('Ctrl Pts',(-51.8756534761606,45.0228360547687,-31.3174484762731));
#9555=CARTESIAN_POINT('Ctrl Pts',(-53.1549616275974,45.2224759391795,-29.0759956273896));
#9556=CARTESIAN_POINT('Ctrl Pts',(-54.2868135969477,45.4152687772597,-26.761832030715));
#9557=CARTESIAN_POINT('Ctrl Pts',(-55.837739319965,45.7373089315008,-27.5466315514225));
#9558=CARTESIAN_POINT('Ctrl Pts',(-54.672294881097,45.5444848127487,-29.9271933539418));
#9559=CARTESIAN_POINT('Ctrl Pts',(-53.3551382576465,45.3448125474635,-32.2328576274729));
#9560=CARTESIAN_POINT('Ctrl Pts',(-51.8972028296897,45.1383006089442,-34.4450534364625));
#9561=CARTESIAN_POINT('Ctrl Pts',(-54.2868135969477,45.4152687772597,-26.761832030715));
#9562=CARTESIAN_POINT('Ctrl Pts',(-53.1549616275974,45.2224759391795,-29.0759956273896));
#9563=CARTESIAN_POINT('Ctrl Pts',(-51.8756534761606,45.0228360547687,-31.3174484762731));
#9564=CARTESIAN_POINT('Ctrl Pts',(-50.4595003057405,44.816357593595,-33.4681432370637));
#9565=CARTESIAN_POINT('Origin',(-1.17420459745482E-31,44.9593148451109,
-2.77667241841727E-15));
#9566=CARTESIAN_POINT('Ctrl Pts',(3.88196444134816,47.9789859155707,62.0481096637065));
#9567=CARTESIAN_POINT('Ctrl Pts',(1.23697533297672,47.7858598074889,62.221659849645));
#9568=CARTESIAN_POINT('Ctrl Pts',(-1.41854792889132,47.5858749517152,62.2260716120043));
#9569=CARTESIAN_POINT('Ctrl Pts',(-4.06298814258317,47.3790398619968,62.061592047901));
#9570=CARTESIAN_POINT('Ctrl Pts',(3.83947662974565,48.0377207860117,61.463330910989));
#9571=CARTESIAN_POINT('Ctrl Pts',(1.2192809811209,47.8445842162297,61.63507868893));
#9572=CARTESIAN_POINT('Ctrl Pts',(-1.41134406309338,47.6445885308157,61.639267675558));
#9573=CARTESIAN_POINT('Ctrl Pts',(-4.03098276641115,47.4377422447688,61.4761428841019));
#9574=CARTESIAN_POINT('Ctrl Pts',(3.79698881814313,48.0964556564528,60.8785521582716));
#9575=CARTESIAN_POINT('Ctrl Pts',(1.20158662926509,47.9033086249706,61.0484975282149));
#9576=CARTESIAN_POINT('Ctrl Pts',(-1.40414019729543,47.7033021099162,61.0524637391116));
#9577=CARTESIAN_POINT('Ctrl Pts',(-3.99897739023912,47.4964446275408,60.8906937203028));
#9578=CARTESIAN_POINT('Ctrl Pts',(3.75450100654061,48.1551905268939,60.2937734055542));
#9579=CARTESIAN_POINT('Ctrl Pts',(1.18389227740927,47.9620330337114,60.4619163674999));
#9580=CARTESIAN_POINT('Ctrl Pts',(-1.39693633149748,47.7620156890166,60.4656598026652));
#9581=CARTESIAN_POINT('Ctrl Pts',(-3.9669720140671,47.5551470103129,60.3052445565038));
#9582=CARTESIAN_POINT('',(-3.96697201406709,47.5551470103127,60.3052445565037));
#9583=CARTESIAN_POINT('',(-4.06298814258317,47.3790398619968,62.061592047901));
#9584=CARTESIAN_POINT('',(-3.96697201406709,47.5551470103127,60.3052445565037));
#9585=CARTESIAN_POINT('',(3.88196444134815,47.9789859155707,62.0481096637065));
#9586=CARTESIAN_POINT('Ctrl Pts',(-4.06298814258317,47.3790398619968,62.061592047901));
#9587=CARTESIAN_POINT('Ctrl Pts',(-1.41854792889132,47.5858749517152,62.2260716120043));
#9588=CARTESIAN_POINT('Ctrl Pts',(1.23697533297672,47.7858598074889,62.221659849645));
#9589=CARTESIAN_POINT('Ctrl Pts',(3.88196444134816,47.9789859155707,62.0481096637065));
#9590=CARTESIAN_POINT('',(3.75450100654058,48.1551905268941,60.2937734055542));
#9591=CARTESIAN_POINT('',(3.88196444134815,47.9789859155707,62.0481096637065));
#9592=CARTESIAN_POINT('',(1.14419341661416E-6,47.8685734136027,60.4224675814043));
#9593=CARTESIAN_POINT('Ctrl Pts',(1.14489651065197E-6,47.8685734135972,
60.4224675555258));
#9594=CARTESIAN_POINT('Ctrl Pts',(1.25230693704923,47.9657335551037,60.4184171955022));
#9595=CARTESIAN_POINT('Ctrl Pts',(2.50461202681138,48.0612729192296,60.3755283738515));
#9596=CARTESIAN_POINT('Ctrl Pts',(3.75450100654061,48.1551905268939,60.2937734055542));
#9597=CARTESIAN_POINT('Ctrl Pts',(-3.9669720140671,47.5551470103129,60.3052445565038));
#9598=CARTESIAN_POINT('Ctrl Pts',(-2.64654668283249,47.6614313881727,60.3876622271939));
#9599=CARTESIAN_POINT('Ctrl Pts',(-1.32327237684064,47.7659072409824,60.4267474480299));
#9600=CARTESIAN_POINT('Ctrl Pts',(1.14489651065197E-6,47.8685734135972,
60.4224675555258));
#9601=CARTESIAN_POINT('Ctrl Pts',(4.06278694776067,45.7373089315013,62.1302165166941));
#9602=CARTESIAN_POINT('Ctrl Pts',(4.41154168821424,45.7627398863425,62.1063481181113));
#9603=CARTESIAN_POINT('Ctrl Pts',(4.9043106181278,46.0456042566492,62.0571570108385));
#9604=CARTESIAN_POINT('Ctrl Pts',(5.22605247421648,46.8463816769404,61.9964926625872));
#9605=CARTESIAN_POINT('Ctrl Pts',(4.94968157368101,47.7250372839805,61.9839968914544));
#9606=CARTESIAN_POINT('Ctrl Pts',(4.23081174241395,48.004457295153,62.0252201501835));
#9607=CARTESIAN_POINT('Ctrl Pts',(3.88196444134813,47.9789859155709,62.0481096637065));
#9608=CARTESIAN_POINT('Ctrl Pts',(4.03085143452798,45.629962213421,61.5517029047376));
#9609=CARTESIAN_POINT('Ctrl Pts',(4.39978250215993,45.6571503495233,61.5264017570802));
#9610=CARTESIAN_POINT('Ctrl Pts',(4.92189950760444,45.9593462076993,61.4737053642438));
#9611=CARTESIAN_POINT('Ctrl Pts',(5.26489307069989,46.8210591384211,61.4081354307866));
#9612=CARTESIAN_POINT('Ctrl Pts',(4.96960374430856,47.7670891779819,61.3950288313431));
#9613=CARTESIAN_POINT('Ctrl Pts',(4.20849904011149,48.0649552292007,61.4391455768831));
#9614=CARTESIAN_POINT('Ctrl Pts',(3.83947662974562,48.037720786012,61.463330910989));
#9615=CARTESIAN_POINT('Ctrl Pts',(3.9989159212953,45.5226154953406,60.9731892927811));
#9616=CARTESIAN_POINT('Ctrl Pts',(4.38802331610562,45.5515608127041,60.9464553960492));
#9617=CARTESIAN_POINT('Ctrl Pts',(4.93948839708108,45.8730881587494,60.890253717649));
#9618=CARTESIAN_POINT('Ctrl Pts',(5.3037336671833,46.7957365999018,60.8197781989861));
#9619=CARTESIAN_POINT('Ctrl Pts',(4.9895259149361,47.8091410719834,60.8060607712319));
#9620=CARTESIAN_POINT('Ctrl Pts',(4.18618633780904,48.1254531632485,60.8530710035827));
#9621=CARTESIAN_POINT('Ctrl Pts',(3.7969888181431,48.096455656453,60.8785521582716));
#9622=CARTESIAN_POINT('Ctrl Pts',(3.96698040806261,45.4152687772603,60.3946756808246));
#9623=CARTESIAN_POINT('Ctrl Pts',(4.37626413005132,45.445971275885,60.3665090350181));
#9624=CARTESIAN_POINT('Ctrl Pts',(4.95707728655772,45.7868301097995,60.3068020710543));
#9625=CARTESIAN_POINT('Ctrl Pts',(5.34257426366671,46.7704140613826,60.2314209671855));
#9626=CARTESIAN_POINT('Ctrl Pts',(5.00944808556364,47.8511929659849,60.2170927111206));
#9627=CARTESIAN_POINT('Ctrl Pts',(4.16387363550658,48.1859510972962,60.2669964302822));
#9628=CARTESIAN_POINT('Ctrl Pts',(3.75450100654058,48.1551905268941,60.2937734055542));
#9629=CARTESIAN_POINT('',(4.06278694776067,45.7373089315013,62.1302165166941));
#9630=CARTESIAN_POINT('Ctrl Pts',(3.88196444134813,47.9789859155709,62.0481096637065));
#9631=CARTESIAN_POINT('Ctrl Pts',(4.23081174241395,48.004457295153,62.0252201501835));
#9632=CARTESIAN_POINT('Ctrl Pts',(4.94968157368101,47.7250372839805,61.9839968914544));
#9633=CARTESIAN_POINT('Ctrl Pts',(5.22605247421648,46.8463816769404,61.9964926625872));
#9634=CARTESIAN_POINT('Ctrl Pts',(4.9043106181278,46.0456042566492,62.0571570108385));
#9635=CARTESIAN_POINT('Ctrl Pts',(4.41154168821424,45.7627398863425,62.1063481181113));
#9636=CARTESIAN_POINT('Ctrl Pts',(4.06278694776067,45.7373089315013,62.1302165166941));
#9637=CARTESIAN_POINT('',(3.96698040806261,45.4152687772603,60.3946756808246));
#9638=CARTESIAN_POINT('',(4.06278694776067,45.7373089315013,62.1302165166941));
#9639=CARTESIAN_POINT('Ctrl Pts',(3.75450100654058,48.1551905268941,60.2937734055542));
#9640=CARTESIAN_POINT('Ctrl Pts',(4.16387363550658,48.1859510972962,60.2669964302822));
#9641=CARTESIAN_POINT('Ctrl Pts',(5.00944808556364,47.8511929659849,60.2170927111206));
#9642=CARTESIAN_POINT('Ctrl Pts',(5.34257426366671,46.7704140613826,60.2314209671855));
#9643=CARTESIAN_POINT('Ctrl Pts',(4.95707728655772,45.7868301097995,60.3068020710543));
#9644=CARTESIAN_POINT('Ctrl Pts',(4.37626413005132,45.445971275885,60.3665090350181));
#9645=CARTESIAN_POINT('Ctrl Pts',(3.96698040806261,45.4152687772603,60.3946756808246));
#9646=CARTESIAN_POINT('Ctrl Pts',(-4.06298814258316,47.3790398619967,62.061592047901));
#9647=CARTESIAN_POINT('Ctrl Pts',(-4.23737228129579,47.3654003935038,62.0507456589475));
#9648=CARTESIAN_POINT('Ctrl Pts',(-4.75381927691097,47.2107696748446,62.0210289155811));
#9649=CARTESIAN_POINT('Ctrl Pts',(-5.28537299097403,46.4420053451196,62.0083208006714));
#9650=CARTESIAN_POINT('Ctrl Pts',(-4.94792970972579,45.3848223569024,62.0820164312014));
#9651=CARTESIAN_POINT('Ctrl Pts',(-4.23049558179811,45.1110649261854,62.1461813820703));
#9652=CARTESIAN_POINT('Ctrl Pts',(-3.88168989584412,45.1383006089445,62.1668227540962));
#9653=CARTESIAN_POINT('Ctrl Pts',(-4.03098276641114,47.4377422447687,61.4761428841019));
#9654=CARTESIAN_POINT('Ctrl Pts',(-4.21545242065125,47.4231585834892,61.4646542369751));
#9655=CARTESIAN_POINT('Ctrl Pts',(-4.76174407380172,47.2583561328789,61.4330277613651));
#9656=CARTESIAN_POINT('Ctrl Pts',(-5.32804833292022,46.4319995549987,61.4188889913777));
#9657=CARTESIAN_POINT('Ctrl Pts',(-4.96794927301096,45.2934451308117,61.4986291482859));
#9658=CARTESIAN_POINT('Ctrl Pts',(-4.20829324905094,45.0018684982956,61.5671947572323));
#9659=CARTESIAN_POINT('Ctrl Pts',(-3.83929729987047,45.0309862704948,61.5889754179214));
#9660=CARTESIAN_POINT('Ctrl Pts',(-3.99897739023911,47.4964446275407,60.8906937203028));
#9661=CARTESIAN_POINT('Ctrl Pts',(-4.19353256000672,47.4809167734747,60.8785628150027));
#9662=CARTESIAN_POINT('Ctrl Pts',(-4.76966887069248,47.3059425909133,60.8450266071491));
#9663=CARTESIAN_POINT('Ctrl Pts',(-5.37072367486641,46.4219937648779,60.8294571820839));
#9664=CARTESIAN_POINT('Ctrl Pts',(-4.98796883629613,45.202067904721,60.9152418653704));
#9665=CARTESIAN_POINT('Ctrl Pts',(-4.18609091630377,44.8926720704058,60.9882081323942));
#9666=CARTESIAN_POINT('Ctrl Pts',(-3.79690470389682,44.9236719320451,61.0111280817465));
#9667=CARTESIAN_POINT('Ctrl Pts',(-3.96697201406709,47.5551470103127,60.3052445565038));
#9668=CARTESIAN_POINT('Ctrl Pts',(-4.17161269936218,47.5386749634602,60.2924713930302));
#9669=CARTESIAN_POINT('Ctrl Pts',(-4.77759366758324,47.3535290489476,60.2570254529331));
#9670=CARTESIAN_POINT('Ctrl Pts',(-5.4133990168126,46.411987974757,60.2400253727902));
#9671=CARTESIAN_POINT('Ctrl Pts',(-5.0079883995813,45.1106906786303,60.3318545824549));
#9672=CARTESIAN_POINT('Ctrl Pts',(-4.1638885835566,44.783475642516,60.4092215075562));
#9673=CARTESIAN_POINT('Ctrl Pts',(-3.75451210792317,44.8163575935953,60.4332807455717));
#9674=CARTESIAN_POINT('',(-3.75451210792317,44.8163575935953,60.4332807455717));
#9675=CARTESIAN_POINT('',(-3.88168989584412,45.1383006089445,62.1668227540962));
#9676=CARTESIAN_POINT('',(-3.75451210792317,44.8163575935953,60.4332807455717));
#9677=CARTESIAN_POINT('Ctrl Pts',(-3.88168989584412,45.1383006089445,62.1668227540962));
#9678=CARTESIAN_POINT('Ctrl Pts',(-4.23049558179811,45.1110649261854,62.1461813820703));
#9679=CARTESIAN_POINT('Ctrl Pts',(-4.94792970972579,45.3848223569024,62.0820164312014));
#9680=CARTESIAN_POINT('Ctrl Pts',(-5.28537299097403,46.4420053451196,62.0083208006714));
#9681=CARTESIAN_POINT('Ctrl Pts',(-4.75381927691097,47.2107696748446,62.0210289155811));
#9682=CARTESIAN_POINT('Ctrl Pts',(-4.23737228129579,47.3654003935038,62.0507456589475));
#9683=CARTESIAN_POINT('Ctrl Pts',(-4.06298814258316,47.3790398619967,62.061592047901));
#9684=CARTESIAN_POINT('Ctrl Pts',(-3.75451210792317,44.8163575935953,60.4332807455717));
#9685=CARTESIAN_POINT('Ctrl Pts',(-4.1638885835566,44.783475642516,60.4092215075562));
#9686=CARTESIAN_POINT('Ctrl Pts',(-5.0079883995813,45.1106906786303,60.3318545824549));
#9687=CARTESIAN_POINT('Ctrl Pts',(-5.4133990168126,46.411987974757,60.2400253727902));
#9688=CARTESIAN_POINT('Ctrl Pts',(-4.77759366758324,47.3535290489476,60.2570254529331));
#9689=CARTESIAN_POINT('Ctrl Pts',(-4.17161269936218,47.5386749634602,60.2924713930302));
#9690=CARTESIAN_POINT('Ctrl Pts',(-3.96697201406709,47.5551470103127,60.3052445565038));
#9691=CARTESIAN_POINT('Ctrl Pts',(-3.88168989584411,45.1383006089445,62.1668227540962));
#9692=CARTESIAN_POINT('Ctrl Pts',(-1.23690441313526,45.3448125474639,62.3233339672893));
#9693=CARTESIAN_POINT('Ctrl Pts',(1.4184377320661,45.5444848127491,62.3111929271948));
#9694=CARTESIAN_POINT('Ctrl Pts',(4.0627869477607,45.7373089315011,62.1302165166941));
#9695=CARTESIAN_POINT('Ctrl Pts',(-3.83929729987047,45.0309862704948,61.5889754179214));
#9696=CARTESIAN_POINT('Ctrl Pts',(-1.21922935011765,45.2374870498989,61.7436753069963));
#9697=CARTESIAN_POINT('Ctrl Pts',(1.41126847476208,45.4371485215593,61.7313102582569));
#9698=CARTESIAN_POINT('Ctrl Pts',(4.03085143452801,45.6299622134208,61.5517029047376));
#9699=CARTESIAN_POINT('Ctrl Pts',(-3.79690470389682,44.9236719320451,61.0111280817465));
#9700=CARTESIAN_POINT('Ctrl Pts',(-1.20155428710003,45.130161552334,61.1640166467032));
#9701=CARTESIAN_POINT('Ctrl Pts',(1.40409921745806,45.3298122303695,61.151427589319));
#9702=CARTESIAN_POINT('Ctrl Pts',(3.99891592129533,45.5226154953404,60.9731892927811));
#9703=CARTESIAN_POINT('Ctrl Pts',(-3.75451210792317,44.8163575935953,60.4332807455717));
#9704=CARTESIAN_POINT('Ctrl Pts',(-1.18387922408242,45.022836054769,60.5843579864101));
#9705=CARTESIAN_POINT('Ctrl Pts',(1.39692996015405,45.2224759391798,60.5715449203812));
#9706=CARTESIAN_POINT('Ctrl Pts',(3.96698040806264,45.4152687772601,60.3946756808246));
#9707=CARTESIAN_POINT('Ctrl Pts',(4.0627869477607,45.7373089315011,62.1302165166941));
#9708=CARTESIAN_POINT('Ctrl Pts',(1.4184377320661,45.5444848127491,62.3111929271948));
#9709=CARTESIAN_POINT('Ctrl Pts',(-1.23690441313526,45.3448125474639,62.3233339672893));
#9710=CARTESIAN_POINT('Ctrl Pts',(-3.88168989584411,45.1383006089445,62.1668227540962));
#9711=CARTESIAN_POINT('',(1.01822829295932E-6,45.1126901438782,60.5373960905408));
#9712=CARTESIAN_POINT('Ctrl Pts',(1.01881656652814E-6,45.1126901438731,
60.537396066344));
#9713=CARTESIAN_POINT('Ctrl Pts',(-1.25230485200498,45.0155300030005,60.5414494308182));
#9714=CARTESIAN_POINT('Ctrl Pts',(-2.50461138361972,44.9167521617176,60.5067379684746));
#9715=CARTESIAN_POINT('Ctrl Pts',(-3.75451210792317,44.8163575935953,60.4332807455717));
#9716=CARTESIAN_POINT('Ctrl Pts',(3.96698040806264,45.4152687772601,60.3946756808246));
#9717=CARTESIAN_POINT('Ctrl Pts',(2.64654749073581,45.3162162431617,60.4855470355729));
#9718=CARTESIAN_POINT('Ctrl Pts',(1.32327462368075,45.2153563158181,60.533112999128));
#9719=CARTESIAN_POINT('Ctrl Pts',(1.01881656652814E-6,45.1126901438731,
60.537396066344));
#9720=CARTESIAN_POINT('Origin',(0.,44.9593148451109,-2.77667241841728E-15));
#9721=CARTESIAN_POINT('Origin',(44.,0.5,31.75));
#9722=CARTESIAN_POINT('',(45.,0.999999999999999,39.6862696659483));
#9723=CARTESIAN_POINT('',(45.,1.,63.5));
#9724=CARTESIAN_POINT('',(45.,0.999999999999999,31.75));
#9725=CARTESIAN_POINT('',(43.,0.,63.5));
#9726=CARTESIAN_POINT('',(8.30000000000001,-17.35,63.5));
#9727=CARTESIAN_POINT('',(43.,2.40387166590097E-15,38.9230009120368));
#9728=CARTESIAN_POINT('',(43.,1.94289029309402E-15,31.75));
#9729=CARTESIAN_POINT('Ctrl Pts',(43.,2.84494650060196E-15,38.9230009120369));
#9730=CARTESIAN_POINT('Ctrl Pts',(43.6659223280081,0.332961164004024,39.1796315593676));
#9731=CARTESIAN_POINT('Ctrl Pts',(44.3327268991762,0.666363449588101,39.4340641400423));
#9732=CARTESIAN_POINT('Ctrl Pts',(45.,1.,39.6862696659483));
#9733=CARTESIAN_POINT('Origin',(0.,0.5,-3.08798346681131E-17));
#9734=CARTESIAN_POINT('',(-43.,2.42736712272501E-15,38.9230009120369));
#9735=CARTESIAN_POINT('Origin',(0.,0.,-6.47112461314111E-31));
#9736=CARTESIAN_POINT('',(-45.,1.,39.6862696659483));
#9737=CARTESIAN_POINT('Ctrl Pts',(-43.,1.52655665885959E-15,38.9230009120369));
#9738=CARTESIAN_POINT('Ctrl Pts',(-43.6659223280119,0.33296116400594,39.1796315593691));
#9739=CARTESIAN_POINT('Ctrl Pts',(-44.3327268991842,0.666363449592126,39.4340641400453));
#9740=CARTESIAN_POINT('Ctrl Pts',(-45.,1.,39.6862696659483));
#9741=CARTESIAN_POINT('Origin',(0.,1.,-6.17596693362255E-17));
#9742=CARTESIAN_POINT('Origin',(-44.,0.5,19.8431348329847));
#9743=CARTESIAN_POINT('',(-43.,0.,63.5));
#9744=CARTESIAN_POINT('',(-43.,1.2490009027033E-15,19.8431348329847));
#9745=CARTESIAN_POINT('',(-45.,1.,63.5));
#9746=CARTESIAN_POINT('',(-44.3,0.650000000000003,63.5));
#9747=CARTESIAN_POINT('',(-45.,0.999999999999998,19.8431348329847));
#9748=CARTESIAN_POINT('Origin',(45.,0.,63.5));
#9749=CARTESIAN_POINT('',(45.,36.5156317875829,39.6862696659694));
#9750=CARTESIAN_POINT('',(45.,18.2578158937845,39.6862696659483));
#9751=CARTESIAN_POINT('',(45.,40.015631787578,44.8023436886956));
#9752=CARTESIAN_POINT('Ctrl Pts',(45.,40.015631787578,44.8023436886956));
#9753=CARTESIAN_POINT('Ctrl Pts',(45.,38.1596633122448,42.171811701291));
#9754=CARTESIAN_POINT('Ctrl Pts',(45.,36.5156317875689,39.6862696659483));
#9755=CARTESIAN_POINT('',(45.,40.0156317876,63.5));
#9756=CARTESIAN_POINT('',(45.,40.0156317876,63.5));
#9757=CARTESIAN_POINT('',(45.,0.,63.5));
#9758=CARTESIAN_POINT('Origin',(0.,18.2578158937845,-1.1275966724018E-15));
#9759=CARTESIAN_POINT('',(-45.,36.5156317875689,39.6862696659483));
#9760=CARTESIAN_POINT('',(-45.,18.2578158937845,39.6862696659483));
#9761=CARTESIAN_POINT('Origin',(0.,36.5156317875689,-2.2551933448036E-15));
#9762=CARTESIAN_POINT('Origin',(-45.,0.,39.6862696659695));
#9763=CARTESIAN_POINT('',(-45.,40.0156317876,63.5));
#9764=CARTESIAN_POINT('',(-45.,0.,63.5));
#9765=CARTESIAN_POINT('',(-45.,40.015631787578,44.8023436886956));
#9766=CARTESIAN_POINT('',(-45.,40.0156317876,63.5));
#9767=CARTESIAN_POINT('Ctrl Pts',(-45.,36.5156317875689,39.6862696659483));
#9768=CARTESIAN_POINT('Ctrl Pts',(-45.,38.1596633122446,42.1718117012907));
#9769=CARTESIAN_POINT('Ctrl Pts',(-45.,40.015631787578,44.8023436886956));
#9770=CARTESIAN_POINT('Origin',(11.8279066195164,6.5,-54.225));
#9771=CARTESIAN_POINT('',(8.67379818764539,8.5,-51.765));
#9772=CARTESIAN_POINT('',(10.2508524035809,6.5,-52.995));
#9773=CARTESIAN_POINT('Origin',(8.67379818764539,6.5,-51.765));
#9774=CARTESIAN_POINT('',(12.2541374886882,6.5,-56.1790540540541));
#9775=CARTESIAN_POINT('Origin',(11.8279066195164,6.5,-54.225));
#9776=CARTESIAN_POINT('',(8.78775406549431,8.50000000000001,-56.8245138869167));
#9777=CARTESIAN_POINT('Ctrl Pts',(8.78775406549431,8.5,-56.8245138869167));
#9778=CARTESIAN_POINT('Ctrl Pts',(9.1461583008357,8.5,-56.7690876621983));
#9779=CARTESIAN_POINT('Ctrl Pts',(9.49915952740406,8.42909041993794,-56.7109639906572));
#9780=CARTESIAN_POINT('Ctrl Pts',(10.295905643592,8.13726087951898,-56.5726207498302));
#9781=CARTESIAN_POINT('Ctrl Pts',(10.6932374981914,7.88390370062943,-56.4979331311631));
#9782=CARTESIAN_POINT('Ctrl Pts',(11.5054528843297,7.2614683116835,-56.3393098105678));
#9783=CARTESIAN_POINT('Ctrl Pts',(11.941430389427,6.81443767823289,-56.2472377689769));
#9784=CARTESIAN_POINT('Ctrl Pts',(12.2511463984217,6.50300769379605,-56.179706427388));
#9785=CARTESIAN_POINT('Ctrl Pts',(12.2526419500192,6.50150384694665,-56.1793802705911));
#9786=CARTESIAN_POINT('Ctrl Pts',(12.2541374886882,6.5,-56.179054054054));
#9787=CARTESIAN_POINT('Origin',(11.8279066195164,8.5,-54.225));
#9788=CARTESIAN_POINT('Origin',(0.,6.5,-45.));
#9789=CARTESIAN_POINT('',(-8.67379818764538,8.5,-51.765));
#9790=CARTESIAN_POINT('',(-10.2508524035809,6.5,-52.995));
#9791=CARTESIAN_POINT('Origin',(-8.67379818764538,6.5,-51.765));
#9792=CARTESIAN_POINT('Origin',(0.,6.5,-45.));
#9793=CARTESIAN_POINT('Origin',(0.,8.5,-45.));
#9794=CARTESIAN_POINT('Origin',(-11.8279066195164,6.5,-54.225));
#9795=CARTESIAN_POINT('',(-8.78775406549431,8.50000000000001,-56.8245138869167));
#9796=CARTESIAN_POINT('',(-12.2541374886882,6.5,-56.1790540540541));
#9797=CARTESIAN_POINT('Ctrl Pts',(-12.2541374886882,6.5,-56.179054054054));
#9798=CARTESIAN_POINT('Ctrl Pts',(-12.2526419501716,6.50150384679341,-56.1793802705579));
#9799=CARTESIAN_POINT('Ctrl Pts',(-12.2511463982692,6.50300769394914,-56.1797064274213));
#9800=CARTESIAN_POINT('Ctrl Pts',(-11.9414304538457,6.81443761347213,-56.2472377549308));
#9801=CARTESIAN_POINT('Ctrl Pts',(-11.5054527539679,7.26146841158538,-56.3393098360271));
#9802=CARTESIAN_POINT('Ctrl Pts',(-10.6932374981914,7.88390370062942,-56.4979331311631));
#9803=CARTESIAN_POINT('Ctrl Pts',(-10.295905643592,8.13726087951897,-56.5726207498302));
#9804=CARTESIAN_POINT('Ctrl Pts',(-9.49915952740406,8.42909041993794,-56.7109639906572));
#9805=CARTESIAN_POINT('Ctrl Pts',(-9.1461583008357,8.5,-56.7690876621983));
#9806=CARTESIAN_POINT('Ctrl Pts',(-8.78775406549431,8.5,-56.8245138869167));
#9807=CARTESIAN_POINT('Origin',(-11.8279066195164,6.5,-54.225));
#9808=CARTESIAN_POINT('Origin',(-11.8279066195164,8.5,-54.225));
#9809=CARTESIAN_POINT('Origin',(0.,8.5,-45.));
#9810=CARTESIAN_POINT('Origin',(0.,8.50000000000001,-5.24957189357912E-16));
#9811=CARTESIAN_POINT('',(-4.,8.5,-45.));
#9812=CARTESIAN_POINT('Origin',(0.,8.5,-45.));
#9813=CARTESIAN_POINT('Origin',(0.,6.5,50.));
#9814=CARTESIAN_POINT('',(5.5752126673836,8.5,40.5175423168123));
#9815=CARTESIAN_POINT('',(6.58888769781699,6.5,38.7934591016873));
#9816=CARTESIAN_POINT('Origin',(5.5752126673836,6.5,40.5175423168123));
#9817=CARTESIAN_POINT('',(-6.58888769781698,6.5,38.7934591016873));
#9818=CARTESIAN_POINT('Origin',(0.,6.5,50.));
#9819=CARTESIAN_POINT('',(-5.5752126673836,8.5,40.5175423168123));
#9820=CARTESIAN_POINT('Origin',(-5.5752126673836,6.5,40.5175423168123));
#9821=CARTESIAN_POINT('Origin',(0.,8.5,50.));
#9822=CARTESIAN_POINT('Origin',(0.,6.5,50.));
#9823=CARTESIAN_POINT('',(-6.94911131273986,8.25528379417422,40.2676428951029));
#9824=CARTESIAN_POINT('Ctrl Pts',(-5.57521266738544,8.5,40.517542316812));
#9825=CARTESIAN_POINT('Ctrl Pts',(-6.05809478674129,8.49999999999982,40.4396283181151));
#9826=CARTESIAN_POINT('Ctrl Pts',(-6.46377347789569,8.42702896211384,40.3640957904816));
#9827=CARTESIAN_POINT('Ctrl Pts',(-6.85036318173837,8.29392154096646,40.2875392015959));
#9828=CARTESIAN_POINT('Ctrl Pts',(-6.90038872972098,8.27513341682453,40.2775130706713));
#9829=CARTESIAN_POINT('Ctrl Pts',(-6.94911131273986,8.25528379417422,40.2676428951029));
#9830=CARTESIAN_POINT('',(-7.55424477588323,6.5,39.420142445853));
#9831=CARTESIAN_POINT('Origin',(0.,6.5,50.));
#9832=CARTESIAN_POINT('Origin',(-6.3920532719012,6.5,41.0478128387987));
#9833=CARTESIAN_POINT('Origin',(-8.71643627986527,6.5,37.7924720529073));
#9834=CARTESIAN_POINT('',(-9.24470514531165,6.5,39.721443801223));
#9835=CARTESIAN_POINT('Ctrl Pts',(-6.94911131273988,8.25528379417421,40.2676428951029));
#9836=CARTESIAN_POINT('Ctrl Pts',(-7.27618227818711,8.12203479870365,40.2013851630152));
#9837=CARTESIAN_POINT('Ctrl Pts',(-7.56329621074911,7.95076520852938,40.1383675822171));
#9838=CARTESIAN_POINT('Ctrl Pts',(-8.40632572642915,7.36365727610444,39.9455453244577));
#9839=CARTESIAN_POINT('Ctrl Pts',(-8.92370097435001,6.82316202899366,39.8093083667296));
#9840=CARTESIAN_POINT('Ctrl Pts',(-9.24170048474108,6.5030249522582,39.722266550789));
#9841=CARTESIAN_POINT('Ctrl Pts',(-9.24320282907408,6.5015124758109,39.7218552260637));
#9842=CARTESIAN_POINT('Ctrl Pts',(-9.24470514531164,6.5,39.721443801223));
#9843=CARTESIAN_POINT('Origin',(-8.71643627986527,6.5,37.7924720529073));
#9844=CARTESIAN_POINT('Origin',(0.,6.5,50.));
#9845=CARTESIAN_POINT('',(6.94911131273986,8.25528379417422,40.2676428951029));
#9846=CARTESIAN_POINT('Ctrl Pts',(6.94911131273986,8.25528379417422,40.2676428951029));
#9847=CARTESIAN_POINT('Ctrl Pts',(6.8581143466314,8.29235603722166,40.2860769758931));
#9848=CARTESIAN_POINT('Ctrl Pts',(6.76503089270717,8.32472074922351,40.3045549665899));
#9849=CARTESIAN_POINT('Ctrl Pts',(6.35952932335694,8.44466902804981,40.383281446425));
#9850=CARTESIAN_POINT('Ctrl Pts',(5.99628091623912,8.49999999999997,40.4496021101292));
#9851=CARTESIAN_POINT('Ctrl Pts',(5.57521266738397,8.5,40.5175423168122));
#9852=CARTESIAN_POINT('',(7.55424477588323,6.5,39.420142445853));
#9853=CARTESIAN_POINT('Origin',(6.39205327190119,6.5,41.0478128387987));
#9854=CARTESIAN_POINT('Origin',(0.,6.5,50.));
#9855=CARTESIAN_POINT('Origin',(8.71643627986527,6.5,37.7924720529073));
#9856=CARTESIAN_POINT('',(9.24470514531165,6.5,39.721443801223));
#9857=CARTESIAN_POINT('Ctrl Pts',(9.24470514531165,6.5,39.721443801223));
#9858=CARTESIAN_POINT('Ctrl Pts',(9.24320282822979,6.50151247666089,39.7218552262949));
#9859=CARTESIAN_POINT('Ctrl Pts',(9.24170048558779,6.50302495141102,39.7222665505572));
#9860=CARTESIAN_POINT('Ctrl Pts',(8.92366387776486,6.82319937466862,39.8093185206891));
#9861=CARTESIAN_POINT('Ctrl Pts',(8.40630625500019,7.36367083651982,39.945549778068));
#9862=CARTESIAN_POINT('Ctrl Pts',(7.56329621074873,7.95076520852965,40.1383675822172));
#9863=CARTESIAN_POINT('Ctrl Pts',(7.27618227818676,8.12203479870379,40.2013851630153));
#9864=CARTESIAN_POINT('Ctrl Pts',(6.94911131273988,8.25528379417421,40.2676428951029));
#9865=CARTESIAN_POINT('Origin',(8.71643627986527,6.5,37.7924720529073));
#9866=CARTESIAN_POINT('Origin',(-8.71643627986527,6.25662818755307E-47,
37.7924720529073));
#9867=CARTESIAN_POINT('',(-7.55424477588323,4.49999999999999,39.420142445853));
#9868=CARTESIAN_POINT('',(-7.55424477588323,6.25662818755307E-47,39.420142445853));
#9869=CARTESIAN_POINT('',(-9.24470514531165,4.5,39.721443801223));
#9870=CARTESIAN_POINT('Origin',(-8.71643627986527,4.49999999999999,37.7924720529073));
#9871=CARTESIAN_POINT('',(-9.24470514531165,6.25662818755307E-47,39.721443801223));
#9872=CARTESIAN_POINT('Origin',(0.,6.25662818755307E-47,50.));
#9873=CARTESIAN_POINT('',(7.55424477588323,4.49999999999999,39.420142445853));
#9874=CARTESIAN_POINT('',(7.55424477588323,6.25662818755307E-47,39.420142445853));
#9875=CARTESIAN_POINT('Origin',(0.,4.5,50.));
#9876=CARTESIAN_POINT('Origin',(44.4914393509197,31.2500000000011,-33.1777308519349));
#9877=CARTESIAN_POINT('',(43.0772257885466,4.49999999999999,-34.591944414308));
#9878=CARTESIAN_POINT('',(46.0947344626645,4.49999999999999,-34.3733247565092));
#9879=CARTESIAN_POINT('Origin',(44.4914393509197,4.49999999999999,-33.1777308519349));
#9880=CARTESIAN_POINT('',(46.0947344626645,40.0156317876,-34.3733247565092));
#9881=CARTESIAN_POINT('',(46.0947344626645,31.2500000000011,-34.3733247565092));
#9882=CARTESIAN_POINT('',(43.0772257885466,40.0156317876,-34.591944414308));
#9883=CARTESIAN_POINT('Origin',(44.4914393509197,40.0156317876,-33.1777308519349));
#9884=CARTESIAN_POINT('',(43.0772257885466,31.2500000000011,-34.591944414308));
#9885=CARTESIAN_POINT('Origin',(35.4417568261897,4.5,-24.1280483272049));
#9886=CARTESIAN_POINT('',(44.4914393509197,2.5,-33.1777308519349));
#9887=CARTESIAN_POINT('Origin',(44.4914393509197,4.5,-33.1777308519349));
#9888=CARTESIAN_POINT('',(36.0624458405139,4.5,-27.5771644662754));
#9889=CARTESIAN_POINT('',(34.0275432638166,4.5,-25.542261889578));
#9890=CARTESIAN_POINT('',(37.476659402887,2.5,-26.1629509039023));
#9891=CARTESIAN_POINT('Origin',(37.476659402887,4.5,-26.1629509039023));
#9892=CARTESIAN_POINT('',(35.4417568261897,2.5,-24.1280483272049));
#9893=CARTESIAN_POINT('Origin',(31.8198051533946,4.5,-31.8198051533946));
#9894=CARTESIAN_POINT('',(27.5771644662753,4.5,-36.0624458405139));
#9895=CARTESIAN_POINT('',(26.1629509039022,2.5,-37.476659402887));
#9896=CARTESIAN_POINT('Origin',(26.1629509039022,4.49999999999999,-37.476659402887));
#9897=CARTESIAN_POINT('Origin',(31.8198051533946,2.5,-31.8198051533946));
#9898=CARTESIAN_POINT('Origin',(31.8198051533946,4.5,-31.8198051533946));
#9899=CARTESIAN_POINT('Origin',(29.3250166697131,4.5,-40.6387251686978));
#9900=CARTESIAN_POINT('',(34.591944414308,4.5,-43.0772257885466));
#9901=CARTESIAN_POINT('',(33.1777308519349,2.5,-44.4914393509197));
#9902=CARTESIAN_POINT('Origin',(33.1777308519349,4.5,-44.4914393509197));
#9903=CARTESIAN_POINT('',(29.3250166697131,2.5,-40.6387251686978));
#9904=CARTESIAN_POINT('',(30.7392302320862,4.5,-39.2245116063247));
#9905=CARTESIAN_POINT('Origin',(44.4914393509197,4.49999999999999,-33.1777308519349));
#9906=CARTESIAN_POINT('Origin',(44.4914393509197,4.49999999999999,-33.1777308519349));
#9907=CARTESIAN_POINT('Origin',(33.1777308519349,31.2500000000011,-44.4914393509197));
#9908=CARTESIAN_POINT('',(34.3733247565092,4.49999999999999,-46.0947344626646));
#9909=CARTESIAN_POINT('Origin',(33.1777308519349,4.49999999999999,-44.4914393509197));
#9910=CARTESIAN_POINT('',(34.591944414308,40.0156317876,-43.0772257885466));
#9911=CARTESIAN_POINT('',(34.591944414308,31.2500000000011,-43.0772257885466));
#9912=CARTESIAN_POINT('',(34.3733247565092,40.0156317876,-46.0947344626646));
#9913=CARTESIAN_POINT('Origin',(33.1777308519349,40.0156317876,-44.4914393509197));
#9914=CARTESIAN_POINT('',(34.3733247565092,31.2500000000011,-46.0947344626646));
#9915=CARTESIAN_POINT('Origin',(33.1777308519349,4.49999999999999,-44.4914393509197));
#9916=CARTESIAN_POINT('Origin',(33.1777308519349,4.49999999999999,-44.4914393509197));
#9917=CARTESIAN_POINT('Origin',(0.,4.49999999999999,-2.77918512013012E-16));
#9918=CARTESIAN_POINT('',(44.4914393509197,2.5,33.1777308519349));
#9919=CARTESIAN_POINT('Origin',(0.,2.5,-1.54399173340563E-16));
#9920=CARTESIAN_POINT('',(46.0947344626646,4.49999999999999,34.3733247565091));
#9921=CARTESIAN_POINT('Origin',(44.4914393509197,4.49999999999999,33.1777308519349));
#9922=CARTESIAN_POINT('Origin',(0.,4.49999999999999,-2.77918512013012E-16));
#9923=CARTESIAN_POINT('Origin',(0.,2.5,-55.5));
#9924=CARTESIAN_POINT('',(11.8279066195164,2.5,-54.225));
#9925=CARTESIAN_POINT('Origin',(0.,2.5,-1.54399173340563E-16));
#9926=CARTESIAN_POINT('',(-11.8279066195164,2.5,-54.225));
#9927=CARTESIAN_POINT('Origin',(0.,2.5,-45.));
#9928=CARTESIAN_POINT('',(-33.1777308519349,2.5,-44.4914393509197));
#9929=CARTESIAN_POINT('Origin',(0.,2.5,-1.54399173340563E-16));
#9930=CARTESIAN_POINT('',(-26.1629509039023,2.5,-37.476659402887));
#9931=CARTESIAN_POINT('',(-24.1280483272049,2.5,-35.4417568261897));
#9932=CARTESIAN_POINT('',(-37.476659402887,2.5,-26.1629509039023));
#9933=CARTESIAN_POINT('Origin',(-31.8198051533946,2.5,-31.8198051533947));
#9934=CARTESIAN_POINT('',(-44.4914393509197,2.5,-33.1777308519349));
#9935=CARTESIAN_POINT('',(-40.6387251686978,2.5,-29.3250166697131));
#9936=CARTESIAN_POINT('',(-44.4914393509197,2.5,33.1777308519349));
#9937=CARTESIAN_POINT('Origin',(0.,2.5,-1.54399173340563E-16));
#9938=CARTESIAN_POINT('',(-37.476659402887,2.5,26.1629509039022));
#9939=CARTESIAN_POINT('',(-7.69175682618971,2.5,-3.62195167279508));
#9940=CARTESIAN_POINT('',(-25.6110626844396,2.5,26.7748555050638));
#9941=CARTESIAN_POINT('Origin',(-31.8198051533946,2.5,31.8198051533946));
#9942=CARTESIAN_POINT('',(-8.71643627986526,2.5,37.7924720529073));
#9943=CARTESIAN_POINT('Origin',(0.,2.5,5.96443820569885));
#9944=CARTESIAN_POINT('',(8.71643627986526,2.5,37.7924720529073));
#9945=CARTESIAN_POINT('Origin',(0.,2.5,50.));
#9946=CARTESIAN_POINT('',(25.6110626844396,2.5,26.7748555050637));
#9947=CARTESIAN_POINT('Origin',(0.,2.5,5.96443820569885));
#9948=CARTESIAN_POINT('',(37.476659402887,2.5,26.1629509039022));
#9949=CARTESIAN_POINT('Origin',(31.8198051533946,2.5,31.8198051533946));
#9950=CARTESIAN_POINT('',(12.8887251686978,2.5,1.57501666971307));
#9951=CARTESIAN_POINT('Origin',(0.,4.49999999999999,-2.77918512013012E-16));
#9952=CARTESIAN_POINT('',(12.2541374886882,4.49999999999999,-56.179054054054));
#9953=CARTESIAN_POINT('Origin',(0.,4.49999999999999,-2.77918512013012E-16));
#9954=CARTESIAN_POINT('Origin',(11.8279066195164,4.49999999999999,-54.225));
#9955=CARTESIAN_POINT('Origin',(0.,31.2500000000011,-1.9299896667571E-15));
#9956=CARTESIAN_POINT('Origin',(0.,40.0156317876,-2.4713521874823E-15));
#9957=CARTESIAN_POINT('',(46.0947344626646,40.0156317876,34.3733247565091));
#9958=CARTESIAN_POINT('',(46.0947344626646,31.2500000000011,34.3733247565091));
#9959=CARTESIAN_POINT('',(-7.04171909509728E-15,40.0156317876,57.5));
#9960=CARTESIAN_POINT('Origin',(0.,40.0156317876,-2.4713521874823E-15));
#9961=CARTESIAN_POINT('',(-7.04171909509728E-15,58.0000000000023,57.5));
#9962=CARTESIAN_POINT('',(-7.04171909509728E-15,31.2500000000011,57.5));
#9963=CARTESIAN_POINT('Origin',(0.,58.0000000000023,-3.58206082150118E-15));
#9964=CARTESIAN_POINT('',(-46.0947344626646,40.0156317876,34.3733247565091));
#9965=CARTESIAN_POINT('Origin',(0.,40.0156317876,-2.4713521874823E-15));
#9966=CARTESIAN_POINT('',(-46.0947344626646,4.49999999999999,34.3733247565091));
#9967=CARTESIAN_POINT('',(-46.0947344626646,31.2500000000011,34.3733247565091));
#9968=CARTESIAN_POINT('',(-46.0947344626645,4.49999999999999,-34.3733247565092));
#9969=CARTESIAN_POINT('Origin',(0.,4.49999999999999,-2.77918512013012E-16));
#9970=CARTESIAN_POINT('',(-46.0947344626645,40.0156317876,-34.3733247565092));
#9971=CARTESIAN_POINT('',(-46.0947344626645,31.2500000000011,-34.3733247565092));
#9972=CARTESIAN_POINT('',(-34.3733247565091,40.0156317876,-46.0947344626646));
#9973=CARTESIAN_POINT('Origin',(0.,40.0156317876,-2.4713521874823E-15));
#9974=CARTESIAN_POINT('',(-34.3733247565091,4.49999999999999,-46.0947344626646));
#9975=CARTESIAN_POINT('',(-34.3733247565091,31.2500000000011,-46.0947344626646));
#9976=CARTESIAN_POINT('',(-12.2541374886882,4.49999999999999,-56.179054054054));
#9977=CARTESIAN_POINT('Origin',(0.,4.49999999999999,-2.77918512013012E-16));
#9978=CARTESIAN_POINT('',(-12.2541374886882,31.2500000000011,-56.1790540540541));
#9979=CARTESIAN_POINT('',(12.2541374886882,31.2500000000011,-56.1790540540541));
#9980=CARTESIAN_POINT('Origin',(-33.1777308519349,31.2500000000011,-44.4914393509197));
#9981=CARTESIAN_POINT('',(-34.591944414308,4.49999999999999,-43.0772257885466));
#9982=CARTESIAN_POINT('Origin',(-33.1777308519349,4.49999999999999,-44.4914393509197));
#9983=CARTESIAN_POINT('',(-34.591944414308,40.0156317876,-43.0772257885466));
#9984=CARTESIAN_POINT('Origin',(-33.1777308519349,40.0156317876,-44.4914393509197));
#9985=CARTESIAN_POINT('',(-34.591944414308,31.2500000000011,-43.0772257885466));
#9986=CARTESIAN_POINT('Origin',(-24.1280483272049,4.5,-35.4417568261897));
#9987=CARTESIAN_POINT('Origin',(-33.1777308519349,4.5,-44.4914393509197));
#9988=CARTESIAN_POINT('',(-27.5771644662753,4.5,-36.0624458405139));
#9989=CARTESIAN_POINT('',(-25.542261889578,4.5,-34.0275432638166));
#9990=CARTESIAN_POINT('Origin',(-26.1629509039023,4.5,-37.476659402887));
#9991=CARTESIAN_POINT('Origin',(-31.8198051533946,4.5,-31.8198051533947));
#9992=CARTESIAN_POINT('',(-36.0624458405139,4.5,-27.5771644662754));
#9993=CARTESIAN_POINT('Origin',(-37.476659402887,4.5,-26.1629509039023));
#9994=CARTESIAN_POINT('Origin',(-31.8198051533946,4.5,-31.8198051533947));
#9995=CARTESIAN_POINT('Origin',(-40.6387251686978,4.5,-29.3250166697131));
#9996=CARTESIAN_POINT('',(-43.0772257885466,4.5,-34.591944414308));
#9997=CARTESIAN_POINT('Origin',(-44.4914393509197,4.5,-33.1777308519349));
#9998=CARTESIAN_POINT('',(-39.2245116063247,4.5,-30.7392302320862));
#9999=CARTESIAN_POINT('Origin',(-33.1777308519349,4.49999999999999,-44.4914393509197));
#10000=CARTESIAN_POINT('Origin',(-33.1777308519349,4.49999999999999,-44.4914393509197));
#10001=CARTESIAN_POINT('Origin',(-44.4914393509197,31.2500000000011,-33.1777308519349));
#10002=CARTESIAN_POINT('Origin',(-44.4914393509197,4.49999999999999,-33.1777308519349));
#10003=CARTESIAN_POINT('',(-43.0772257885466,40.0156317876,-34.591944414308));
#10004=CARTESIAN_POINT('',(-43.0772257885466,31.2500000000011,-34.591944414308));
#10005=CARTESIAN_POINT('Origin',(-44.4914393509197,40.0156317876,-33.1777308519349));
#10006=CARTESIAN_POINT('Origin',(-44.4914393509197,4.49999999999999,-33.1777308519349));
#10007=CARTESIAN_POINT('Origin',(-44.4914393509197,4.49999999999999,-33.1777308519349));
#10008=CARTESIAN_POINT('Origin',(0.,4.49999999999999,-2.77918512013012E-16));
#10009=CARTESIAN_POINT('Origin',(-11.8279066195164,4.49999999999999,-54.225));
#10010=CARTESIAN_POINT('Origin',(0.,4.49999999999999,-2.77918512013012E-16));
#10011=CARTESIAN_POINT('Origin',(-44.4914393509197,4.49999999999999,33.1777308519349));
#10012=CARTESIAN_POINT('Origin',(11.8279066195164,31.2500000000011,-54.225));
#10013=CARTESIAN_POINT('',(10.2508524035809,4.49999999999999,-52.995));
#10014=CARTESIAN_POINT('',(10.2508524035809,31.2500000000011,-52.995));
#10015=CARTESIAN_POINT('Origin',(11.8279066195164,4.49999999999999,-54.225));
#10016=CARTESIAN_POINT('Origin',(0.,4.5,-45.));
#10017=CARTESIAN_POINT('Origin',(11.8279066195164,4.49999999999999,-54.225));
#10018=CARTESIAN_POINT('',(-10.2508524035809,4.49999999999999,-52.995));
#10019=CARTESIAN_POINT('Origin',(0.,4.5,-45.));
#10020=CARTESIAN_POINT('Origin',(-11.8279066195164,4.49999999999999,-54.225));
#10021=CARTESIAN_POINT('Origin',(11.8279066195164,4.49999999999999,-54.225));
#10022=CARTESIAN_POINT('Origin',(-11.8279066195164,31.2500000000011,-54.225));
#10023=CARTESIAN_POINT('Origin',(-11.8279066195164,4.49999999999999,-54.225));
#10024=CARTESIAN_POINT('',(-10.2508524035809,31.2500000000011,-52.995));
#10025=CARTESIAN_POINT('Origin',(-11.8279066195164,4.49999999999999,-54.225));
#10026=CARTESIAN_POINT('Ctrl Pts',(0.,23.,-49.));
#10027=CARTESIAN_POINT('Ctrl Pts',(-4.,23.,-49.));
#10028=CARTESIAN_POINT('Ctrl Pts',(-4.,23.,-45.));
#10029=CARTESIAN_POINT('Ctrl Pts',(-4.,23.,-41.));
#10030=CARTESIAN_POINT('Ctrl Pts',(0.,23.,-41.));
#10031=CARTESIAN_POINT('Ctrl Pts',(4.,23.,-41.));
#10032=CARTESIAN_POINT('Ctrl Pts',(4.,23.,-45.));
#10033=CARTESIAN_POINT('Ctrl Pts',(4.,23.,-49.));
#10034=CARTESIAN_POINT('Ctrl Pts',(0.,23.,-49.));
#10035=CARTESIAN_POINT('Ctrl Pts',(0.,25.,-49.));
#10036=CARTESIAN_POINT('Ctrl Pts',(-4.,25.,-49.));
#10037=CARTESIAN_POINT('Ctrl Pts',(-4.,25.,-45.));
#10038=CARTESIAN_POINT('Ctrl Pts',(-4.,25.,-41.));
#10039=CARTESIAN_POINT('Ctrl Pts',(0.,25.,-41.));
#10040=CARTESIAN_POINT('Ctrl Pts',(4.,25.,-41.));
#10041=CARTESIAN_POINT('Ctrl Pts',(4.,25.,-45.));
#10042=CARTESIAN_POINT('Ctrl Pts',(4.,25.,-49.));
#10043=CARTESIAN_POINT('Ctrl Pts',(0.,25.,-49.));
#10044=CARTESIAN_POINT('Ctrl Pts',(0.,25.,-47.));
#10045=CARTESIAN_POINT('Ctrl Pts',(-2.,25.,-47.));
#10046=CARTESIAN_POINT('Ctrl Pts',(-2.,25.,-45.));
#10047=CARTESIAN_POINT('Ctrl Pts',(-2.,25.,-43.));
#10048=CARTESIAN_POINT('Ctrl Pts',(0.,25.,-43.));
#10049=CARTESIAN_POINT('Ctrl Pts',(2.,25.,-43.));
#10050=CARTESIAN_POINT('Ctrl Pts',(2.,25.,-45.));
#10051=CARTESIAN_POINT('Ctrl Pts',(2.,25.,-47.));
#10052=CARTESIAN_POINT('Ctrl Pts',(0.,25.,-47.));
#10053=CARTESIAN_POINT('',(-2.4492935982947E-16,25.,-47.));
#10054=CARTESIAN_POINT('Origin',(0.,25.,-45.));
#10055=CARTESIAN_POINT('',(-4.89858719658941E-16,23.,-49.));
#10056=CARTESIAN_POINT('Origin',(-2.4492935982947E-16,23.,-47.));
#10057=CARTESIAN_POINT('',(-4.,23.,-45.));
#10058=CARTESIAN_POINT('Origin',(0.,23.,-45.));
#10059=CARTESIAN_POINT('Origin',(0.,23.,-45.));
#10060=CARTESIAN_POINT('Origin',(0.,6.25662818755307E-47,-45.));
#10061=CARTESIAN_POINT('',(-4.,6.25662818755307E-47,-45.));
#10062=CARTESIAN_POINT('Origin',(0.,25.,-45.));
#10063=CARTESIAN_POINT('Origin',(-44.4914393509197,31.2500000000011,33.1777308519349));
#10064=CARTESIAN_POINT('',(-43.0772257885466,4.49999999999999,34.591944414308));
#10065=CARTESIAN_POINT('Origin',(-44.4914393509197,4.49999999999999,33.1777308519349));
#10066=CARTESIAN_POINT('',(-43.0772257885466,40.0156317876,34.591944414308));
#10067=CARTESIAN_POINT('Origin',(-44.4914393509197,40.0156317876,33.1777308519349));
#10068=CARTESIAN_POINT('',(-43.0772257885466,31.2500000000011,34.591944414308));
#10069=CARTESIAN_POINT('Origin',(8.71643627986527,4.5,37.7924720529073));
#10070=CARTESIAN_POINT('',(9.24470514531165,4.5,39.721443801223));
#10071=CARTESIAN_POINT('Origin',(8.71643627986527,4.5,37.7924720529073));
#10072=CARTESIAN_POINT('Origin',(8.71643627986527,4.5,37.7924720529073));
#10073=CARTESIAN_POINT('Origin',(8.71643627986526,4.49999999999999,37.7924720529073));
#10074=CARTESIAN_POINT('Origin',(0.,4.5,5.96443820569885));
#10075=CARTESIAN_POINT('',(27.1632483016784,4.5,28.0360929171465));
#10076=CARTESIAN_POINT('Origin',(25.6110626844396,4.5,26.7748555050637));
#10077=CARTESIAN_POINT('Origin',(0.,4.5,5.96443820569885));
#10078=CARTESIAN_POINT('Origin',(31.8198051533946,4.5,31.8198051533946));
#10079=CARTESIAN_POINT('',(36.0624458405139,4.5,27.5771644662753));
#10080=CARTESIAN_POINT('Origin',(37.476659402887,4.5,26.1629509039022));
#10081=CARTESIAN_POINT('Origin',(31.8198051533946,4.5,31.8198051533946));
#10082=CARTESIAN_POINT('Origin',(12.8887251686978,4.5,1.57501666971307));
#10083=CARTESIAN_POINT('',(43.0772257885466,4.5,34.591944414308));
#10084=CARTESIAN_POINT('Origin',(44.4914393509197,4.5,33.1777308519349));
#10085=CARTESIAN_POINT('',(11.4745116063247,4.5,2.98923023208616));
#10086=CARTESIAN_POINT('Origin',(-8.71643627986526,4.49999999999999,37.7924720529073));
#10087=CARTESIAN_POINT('Origin',(-8.71643627986526,4.49999999999999,37.7924720529073));
#10088=CARTESIAN_POINT('Origin',(-8.71643627986527,4.5,37.7924720529073));
#10089=CARTESIAN_POINT('Origin',(0.,4.5,50.));
#10090=CARTESIAN_POINT('Origin',(-7.69175682618971,4.5,-3.62195167279508));
#10091=CARTESIAN_POINT('Origin',(-44.4914393509197,4.5,33.1777308519349));
#10092=CARTESIAN_POINT('',(-36.0624458405139,4.5,27.5771644662754));
#10093=CARTESIAN_POINT('',(-6.27754326381661,4.5,-2.20773811042198));
#10094=CARTESIAN_POINT('Origin',(-37.476659402887,4.5,26.1629509039022));
#10095=CARTESIAN_POINT('Origin',(-31.8198051533946,4.5,31.8198051533946));
#10096=CARTESIAN_POINT('',(-27.1632483016784,4.5,28.0360929171465));
#10097=CARTESIAN_POINT('Origin',(-25.6110626844396,4.5,26.7748555050638));
#10098=CARTESIAN_POINT('Origin',(-31.8198051533946,4.5,31.8198051533946));
#10099=CARTESIAN_POINT('Origin',(0.,4.5,5.96443820569885));
#10100=CARTESIAN_POINT('Origin',(0.,4.5,5.96443820569885));
#10101=CARTESIAN_POINT('Origin',(8.71643627986527,6.25662818755307E-47,
37.7924720529073));
#10102=CARTESIAN_POINT('',(9.24470514531165,6.25662818755307E-47,39.721443801223));
#10103=CARTESIAN_POINT('Origin',(-44.4914393509197,4.49999999999999,33.1777308519349));
#10104=CARTESIAN_POINT('Origin',(44.4914393509197,31.2500000000011,33.1777308519349));
#10105=CARTESIAN_POINT('Origin',(44.4914393509197,4.49999999999999,33.1777308519349));
#10106=CARTESIAN_POINT('',(43.0772257885466,40.0156317876,34.591944414308));
#10107=CARTESIAN_POINT('',(43.0772257885466,31.2500000000011,34.591944414308));
#10108=CARTESIAN_POINT('Origin',(44.4914393509197,40.0156317876,33.1777308519349));
#10109=CARTESIAN_POINT('Origin',(44.4914393509197,4.49999999999999,33.1777308519349));
#10110=CARTESIAN_POINT('Origin',(-31.8198051533946,0.,31.8198051533946));
#10111=CARTESIAN_POINT('',(-36.0624458405139,10.2983579353901,27.5771644662754));
#10112=CARTESIAN_POINT('',(-36.0624458405139,0.,27.5771644662754));
#10113=CARTESIAN_POINT('',(-27.1632483016784,8.14140214027339,28.0360929171465));
#10114=CARTESIAN_POINT('Ctrl Pts',(-36.0624458405139,10.2983579353901,27.5771644662754));
#10115=CARTESIAN_POINT('Ctrl Pts',(-35.5481264962544,9.9239519854106,27.0628451220158));
#10116=CARTESIAN_POINT('Ctrl Pts',(-34.8972855335139,9.51757375055111,26.6079867293243));
#10117=CARTESIAN_POINT('Ctrl Pts',(-33.4314923034152,8.81871584713407,25.985732582426));
#10118=CARTESIAN_POINT('Ctrl Pts',(-32.6149627159128,8.52824018933017,25.8198051533946));
#10119=CARTESIAN_POINT('Ctrl Pts',(-31.0804264495808,8.15726141649481,25.8198051533946));
#10120=CARTESIAN_POINT('Ctrl Pts',(-30.2781828846022,8.04517962955303,25.966002807387));
#10121=CARTESIAN_POINT('Ctrl Pts',(-28.7944309053223,7.97880110832458,26.5766465273638));
#10122=CARTESIAN_POINT('Ctrl Pts',(-28.113137952899,8.02064945414793,27.0411909796517));
#10123=CARTESIAN_POINT('Ctrl Pts',(-27.4336624457621,8.10178697728767,27.7206664867886));
#10124=CARTESIAN_POINT('Ctrl Pts',(-27.2949700607844,8.12100005162801,27.8739849603073));
#10125=CARTESIAN_POINT('Ctrl Pts',(-27.1632483016784,8.14140214027339,28.0360929171465));
#10126=CARTESIAN_POINT('',(-27.1632483016784,6.25662818755307E-47,28.0360929171465));
#10127=CARTESIAN_POINT('Origin',(-36.0624458405139,0.,27.5771644662754));
#10128=CARTESIAN_POINT('',(-36.0624458405139,40.0153508071739,27.5771644662754));
#10129=CARTESIAN_POINT('',(-36.0624458405139,40.0156317876,27.5771644662754));
#10130=CARTESIAN_POINT('',(-36.0624458405139,29.7016420646099,27.5771644662754));
#10131=CARTESIAN_POINT('',(-36.0624458405139,0.,27.5771644662754));
#10132=CARTESIAN_POINT('',(-41.,20.,32.5147186257614));
#10133=CARTESIAN_POINT('Origin',(-29.,20.,20.5147186257614));
#10134=CARTESIAN_POINT('Origin',(-29.,20.,20.5147186257614));
#10135=CARTESIAN_POINT('Origin',(19.5,32.,50.1695266595348));
#10136=CARTESIAN_POINT('',(18.4,32.,50.5));
#10137=CARTESIAN_POINT('Origin',(19.5,32.,50.5));
#10138=CARTESIAN_POINT('',(19.5,32.,49.8390533190697));
#10139=CARTESIAN_POINT('',(18.95,32.,50.1695266595348));
#10140=CARTESIAN_POINT('Origin',(19.5,32.,57.));
#10141=CARTESIAN_POINT('',(18.4,32.,63.5));
#10142=CARTESIAN_POINT('Origin',(19.5,32.,63.5));
#10143=CARTESIAN_POINT('',(18.4,32.,57.));
#10144=CARTESIAN_POINT('Origin',(-38.5,32.,50.1695266595348));
#10145=CARTESIAN_POINT('',(-39.6,32.,50.5));
#10146=CARTESIAN_POINT('Origin',(-38.5,32.,50.5));
#10147=CARTESIAN_POINT('',(-38.5,32.,49.8390533190697));
#10148=CARTESIAN_POINT('',(-39.05,32.,50.1695266595348));
#10149=CARTESIAN_POINT('Origin',(-38.5,32.,57.));
#10150=CARTESIAN_POINT('',(-39.6,32.,63.5));
#10151=CARTESIAN_POINT('Origin',(-38.5,32.,63.5));
#10152=CARTESIAN_POINT('',(-39.6,32.,57.));
#10153=CARTESIAN_POINT('Origin',(-19.5,8.,50.1695266595348));
#10154=CARTESIAN_POINT('',(-20.6,8.,50.5));
#10155=CARTESIAN_POINT('Origin',(-19.5,8.,50.5));
#10156=CARTESIAN_POINT('',(-19.5,8.,49.8390533190697));
#10157=CARTESIAN_POINT('',(-20.05,8.,50.1695266595348));
#10158=CARTESIAN_POINT('Origin',(-19.5,8.,57.));
#10159=CARTESIAN_POINT('',(-20.6,8.,63.5));
#10160=CARTESIAN_POINT('Origin',(-19.5,8.,63.5));
#10161=CARTESIAN_POINT('',(-20.6,8.,57.));
#10162=CARTESIAN_POINT('Origin',(38.5,8.,50.1695266595348));
#10163=CARTESIAN_POINT('',(37.4,8.,50.5));
#10164=CARTESIAN_POINT('Origin',(38.5,8.,50.5));
#10165=CARTESIAN_POINT('',(38.5,8.,49.8390533190697));
#10166=CARTESIAN_POINT('',(37.95,8.,50.1695266595348));
#10167=CARTESIAN_POINT('Origin',(38.5,8.,57.));
#10168=CARTESIAN_POINT('',(37.4,8.,63.5));
#10169=CARTESIAN_POINT('Origin',(38.5,8.,63.5));
#10170=CARTESIAN_POINT('',(37.4,8.,57.));
#10171=CARTESIAN_POINT('Origin',(2.49999999999999,16.,63.5));
#10172=CARTESIAN_POINT('',(2.49999999999999,16.,63.5));
#10173=CARTESIAN_POINT('',(-2.49999999999999,16.,63.5));
#10174=CARTESIAN_POINT('',(-21.25,16.,63.5));
#10175=CARTESIAN_POINT('',(2.49999999999999,16.,44.5));
#10176=CARTESIAN_POINT('',(2.49999999999999,16.,63.5));
#10177=CARTESIAN_POINT('',(-2.49999999999999,16.,44.5));
#10178=CARTESIAN_POINT('',(-2.49999999999999,16.,44.5));
#10179=CARTESIAN_POINT('',(-2.49999999999999,16.,63.5));
#10180=CARTESIAN_POINT('',(1.83697019872103E-16,16.,51.5));
#10181=CARTESIAN_POINT('Origin',(0.,16.,50.));
#10182=CARTESIAN_POINT('Origin',(1.30314314703082E-15,22.,63.5));
#10183=CARTESIAN_POINT('',(2.50000000000001,28.,63.5));
#10184=CARTESIAN_POINT('Origin',(1.30314314703082E-15,22.,63.5));
#10185=CARTESIAN_POINT('',(2.50000000000001,28.,44.5));
#10186=CARTESIAN_POINT('',(2.50000000000001,28.,63.5));
#10187=CARTESIAN_POINT('Origin',(1.30314314703082E-15,22.,44.5));
#10188=CARTESIAN_POINT('Origin',(-2.50000000000001,28.,63.5));
#10189=CARTESIAN_POINT('',(-2.50000000000001,28.,63.5));
#10190=CARTESIAN_POINT('',(-23.75,28.,63.5));
#10191=CARTESIAN_POINT('',(-2.50000000000001,28.,44.5));
#10192=CARTESIAN_POINT('',(-2.50000000000001,28.,63.5));
#10193=CARTESIAN_POINT('',(-2.50000000000001,28.,44.5));
#10194=CARTESIAN_POINT('Origin',(1.30314314703082E-15,22.,63.5));
#10195=CARTESIAN_POINT('Origin',(1.30314314703082E-15,22.,63.5));
#10196=CARTESIAN_POINT('Origin',(1.30314314703082E-15,22.,44.5));
#10197=CARTESIAN_POINT('Origin',(1.11022302462516E-15,22.,44.5));
#10198=CARTESIAN_POINT('',(-3.5,22.,44.5));
#10199=CARTESIAN_POINT('Origin',(1.30314314703082E-15,22.,44.5));
#10200=CARTESIAN_POINT('Origin',(-29.,20.,63.5));
#10201=CARTESIAN_POINT('',(-41.,20.,63.5));
#10202=CARTESIAN_POINT('Origin',(-29.,20.,63.5));
#10203=CARTESIAN_POINT('',(-41.,20.,63.5));
#10204=CARTESIAN_POINT('',(-27.1632483016784,31.8585978597266,28.0360929171465));
#10205=CARTESIAN_POINT('Ctrl Pts',(-27.1632483016784,31.8585978597266,28.0360929171465));
#10206=CARTESIAN_POINT('Ctrl Pts',(-27.2949700607844,31.878999948372,27.8739849603073));
#10207=CARTESIAN_POINT('Ctrl Pts',(-27.4336624457621,31.8982130227123,27.7206664867886));
#10208=CARTESIAN_POINT('Ctrl Pts',(-28.113137952899,31.9793505458521,27.0411909796517));
#10209=CARTESIAN_POINT('Ctrl Pts',(-28.7944309053223,32.0211988916754,26.5766465273638));
#10210=CARTESIAN_POINT('Ctrl Pts',(-30.2781828846022,31.954820370447,25.966002807387));
#10211=CARTESIAN_POINT('Ctrl Pts',(-31.0804264495808,31.8427385835052,25.8198051533946));
#10212=CARTESIAN_POINT('Ctrl Pts',(-32.6149627159128,31.4717598106698,25.8198051533946));
#10213=CARTESIAN_POINT('Ctrl Pts',(-33.4314923034152,31.1812841528659,25.985732582426));
#10214=CARTESIAN_POINT('Ctrl Pts',(-34.8972855335139,30.4824262494489,26.6079867293243));
#10215=CARTESIAN_POINT('Ctrl Pts',(-35.5481264962544,30.0760480145894,27.0628451220158));
#10216=CARTESIAN_POINT('Ctrl Pts',(-36.0624458405139,29.7016420646099,27.5771644662754));
#10217=CARTESIAN_POINT('Ctrl Pts',(-27.1632483016784,8.14140214027339,28.0360929171465));
#10218=CARTESIAN_POINT('Ctrl Pts',(-26.5385043963982,8.23816732639513,28.8049556982085));
#10219=CARTESIAN_POINT('Ctrl Pts',(-25.8899529935971,8.38924615307301,29.5359210700106));
#10220=CARTESIAN_POINT('Ctrl Pts',(-24.162141783415,8.96087736676698,31.3330925368219));
#10221=CARTESIAN_POINT('Ctrl Pts',(-23.0646230977943,9.48996797576916,32.3248042518652));
#10222=CARTESIAN_POINT('Ctrl Pts',(-21.3222948255926,10.7390498267018,33.7338095737612));
#10223=CARTESIAN_POINT('Ctrl Pts',(-20.5966352907823,11.3760501834423,34.273608691279));
#10224=CARTESIAN_POINT('Ctrl Pts',(-19.2915974873731,12.8770806641915,35.1785576628517));
#10225=CARTESIAN_POINT('Ctrl Pts',(-18.7146216077901,13.7422541475934,35.5452729188491));
#10226=CARTESIAN_POINT('Ctrl Pts',(-17.8909768751254,15.3815154000222,36.049621531415));
#10227=CARTESIAN_POINT('Ctrl Pts',(-17.552303643032,16.2760849694225,36.246156183084));
#10228=CARTESIAN_POINT('Ctrl Pts',(-17.10655549887,18.1390118584148,36.5001805746801));
#10229=CARTESIAN_POINT('Ctrl Pts',(-17.,19.1073726454461,36.5585552872556));
#10230=CARTESIAN_POINT('Ctrl Pts',(-17.,20.8926273545539,36.5585552872556));
#10231=CARTESIAN_POINT('Ctrl Pts',(-17.10655549887,21.8609881415852,36.5001805746801));
#10232=CARTESIAN_POINT('Ctrl Pts',(-17.552303643032,23.7239150305775,36.246156183084));
#10233=CARTESIAN_POINT('Ctrl Pts',(-17.8909768751254,24.6184845999778,36.049621531415));
#10234=CARTESIAN_POINT('Ctrl Pts',(-18.7146216077901,26.2577458524066,35.5452729188491));
#10235=CARTESIAN_POINT('Ctrl Pts',(-19.2915974873731,27.1229193358085,35.1785576628517));
#10236=CARTESIAN_POINT('Ctrl Pts',(-20.5966352907823,28.6239498165577,34.273608691279));
#10237=CARTESIAN_POINT('Ctrl Pts',(-21.3222948255926,29.2609501732982,33.7338095737612));
#10238=CARTESIAN_POINT('Ctrl Pts',(-23.0646230977943,30.5100320242308,32.3248042518652));
#10239=CARTESIAN_POINT('Ctrl Pts',(-24.1621417834151,31.039122633233,31.3330925368219));
#10240=CARTESIAN_POINT('Ctrl Pts',(-25.8899529935971,31.610753846927,29.5359210700106));
#10241=CARTESIAN_POINT('Ctrl Pts',(-26.5385043963982,31.7618326736049,28.8049556982085));
#10242=CARTESIAN_POINT('Ctrl Pts',(-27.1632483016784,31.8585978597266,28.0360929171465));
#10243=CARTESIAN_POINT('Origin',(29.,20.,63.5));
#10244=CARTESIAN_POINT('',(17.,20.,63.5));
#10245=CARTESIAN_POINT('Origin',(29.,20.,63.5));
#10246=CARTESIAN_POINT('',(17.,20.,36.5585552872556));
#10247=CARTESIAN_POINT('',(17.,20.,63.5));
#10248=CARTESIAN_POINT('',(27.1632483016784,31.8585978597266,28.0360929171465));
#10249=CARTESIAN_POINT('Ctrl Pts',(27.1632483016784,31.8585978597266,28.0360929171465));
#10250=CARTESIAN_POINT('Ctrl Pts',(26.5385043963982,31.7618326736049,28.8049556982085));
#10251=CARTESIAN_POINT('Ctrl Pts',(25.8899529935971,31.610753846927,29.5359210700106));
#10252=CARTESIAN_POINT('Ctrl Pts',(24.1621417834151,31.039122633233,31.3330925368219));
#10253=CARTESIAN_POINT('Ctrl Pts',(23.0646230977943,30.5100320242308,32.3248042518652));
#10254=CARTESIAN_POINT('Ctrl Pts',(21.3222948255926,29.2609501732982,33.7338095737612));
#10255=CARTESIAN_POINT('Ctrl Pts',(20.5966352907823,28.6239498165577,34.273608691279));
#10256=CARTESIAN_POINT('Ctrl Pts',(19.2915974873731,27.1229193358085,35.1785576628517));
#10257=CARTESIAN_POINT('Ctrl Pts',(18.7146216077901,26.2577458524066,35.5452729188491));
#10258=CARTESIAN_POINT('Ctrl Pts',(17.8909768751254,24.6184845999778,36.049621531415));
#10259=CARTESIAN_POINT('Ctrl Pts',(17.552303643032,23.7239150305775,36.246156183084));
#10260=CARTESIAN_POINT('Ctrl Pts',(17.10655549887,21.8609881415852,36.5001805746801));
#10261=CARTESIAN_POINT('Ctrl Pts',(17.,20.8926273545539,36.5585552872556));
#10262=CARTESIAN_POINT('Ctrl Pts',(17.,20.,36.5585552872556));
#10263=CARTESIAN_POINT('',(36.0624458405139,29.7016420646099,27.5771644662753));
#10264=CARTESIAN_POINT('Ctrl Pts',(36.0624458405139,29.7016420646099,27.5771644662753));
#10265=CARTESIAN_POINT('Ctrl Pts',(35.5582302366618,30.0686928556443,27.0729488624232));
#10266=CARTESIAN_POINT('Ctrl Pts',(34.9281913124369,30.4629924603278,26.6299929149211));
#10267=CARTESIAN_POINT('Ctrl Pts',(33.4730875435562,31.1660471234582,25.9947002421776));
#10268=CARTESIAN_POINT('Ctrl Pts',(32.6368320364048,31.4664728364504,25.8198051533946));
#10269=CARTESIAN_POINT('Ctrl Pts',(31.0865543100082,31.8412571547561,25.8198051533946));
#10270=CARTESIAN_POINT('Ctrl Pts',(30.2905987828335,31.9531916898684,25.9635937474757));
#10271=CARTESIAN_POINT('Ctrl Pts',(28.8164504480092,32.0212622559567,26.5649459496552));
#10272=CARTESIAN_POINT('Ctrl Pts',(28.1384780816488,31.9811433004535,27.0226201692722));
#10273=CARTESIAN_POINT('Ctrl Pts',(27.4505880617025,31.9005486712315,27.7020149103482));
#10274=CARTESIAN_POINT('Ctrl Pts',(27.3029584186141,31.8802372472486,27.8641538103511));
#10275=CARTESIAN_POINT('Ctrl Pts',(27.1632483016784,31.8585978597266,28.0360929171465));
#10276=CARTESIAN_POINT('',(36.0624458405139,10.2983579353901,27.5771644662753));
#10277=CARTESIAN_POINT('Origin',(29.,20.,20.5147186257614));
#10278=CARTESIAN_POINT('',(27.1632483016784,8.14140214027338,28.0360929171465));
#10279=CARTESIAN_POINT('Ctrl Pts',(27.1632483016784,8.14140214027338,28.0360929171465));
#10280=CARTESIAN_POINT('Ctrl Pts',(27.3029584186141,8.11976275275136,27.8641538103511));
#10281=CARTESIAN_POINT('Ctrl Pts',(27.4505880617025,8.0994513287685,27.7020149103482));
#10282=CARTESIAN_POINT('Ctrl Pts',(28.1384780816488,8.01885669954647,27.0226201692722));
#10283=CARTESIAN_POINT('Ctrl Pts',(28.8164504480092,7.97873774404326,26.5649459496552));
#10284=CARTESIAN_POINT('Ctrl Pts',(30.2905987828335,8.0468083101316,25.9635937474757));
#10285=CARTESIAN_POINT('Ctrl Pts',(31.0865543100082,8.15874284524388,25.8198051533946));
#10286=CARTESIAN_POINT('Ctrl Pts',(32.6368320364048,8.53352716354957,25.8198051533946));
#10287=CARTESIAN_POINT('Ctrl Pts',(33.4730875435562,8.8339528765418,25.9947002421776));
#10288=CARTESIAN_POINT('Ctrl Pts',(34.9281913124369,9.53700753967223,26.6299929149211));
#10289=CARTESIAN_POINT('Ctrl Pts',(35.5582302366618,9.93130714435574,27.0729488624232));
#10290=CARTESIAN_POINT('Ctrl Pts',(36.0624458405139,10.2983579353901,27.5771644662753));
#10291=CARTESIAN_POINT('Ctrl Pts',(17.,20.,36.5585552872556));
#10292=CARTESIAN_POINT('Ctrl Pts',(17.,19.1073726454461,36.5585552872556));
#10293=CARTESIAN_POINT('Ctrl Pts',(17.10655549887,18.1390118584148,36.5001805746801));
#10294=CARTESIAN_POINT('Ctrl Pts',(17.552303643032,16.2760849694225,36.246156183084));
#10295=CARTESIAN_POINT('Ctrl Pts',(17.8909768751254,15.3815154000222,36.049621531415));
#10296=CARTESIAN_POINT('Ctrl Pts',(18.7146216077901,13.7422541475934,35.5452729188491));
#10297=CARTESIAN_POINT('Ctrl Pts',(19.2915974873731,12.8770806641915,35.1785576628517));
#10298=CARTESIAN_POINT('Ctrl Pts',(20.5966352907823,11.3760501834423,34.273608691279));
#10299=CARTESIAN_POINT('Ctrl Pts',(21.3222948255926,10.7390498267018,33.7338095737612));
#10300=CARTESIAN_POINT('Ctrl Pts',(23.0646230977943,9.48996797576916,32.3248042518652));
#10301=CARTESIAN_POINT('Ctrl Pts',(24.1621417834151,8.96087736676698,31.3330925368219));
#10302=CARTESIAN_POINT('Ctrl Pts',(25.8899529935971,8.389246153073,29.5359210700106));
#10303=CARTESIAN_POINT('Ctrl Pts',(26.5385043963982,8.23816732639513,28.8049556982085));
#10304=CARTESIAN_POINT('Ctrl Pts',(27.1632483016784,8.14140214027338,28.0360929171465));
#10305=CARTESIAN_POINT('Origin',(1.30314314703082E-15,22.,63.5));
#10306=CARTESIAN_POINT('',(-3.5,22.,40.7889985044305));
#10307=CARTESIAN_POINT('',(-3.5,22.,63.5));
#10308=CARTESIAN_POINT('Ctrl Pts',(-3.5,22.,40.7889985044305));
#10309=CARTESIAN_POINT('Ctrl Pts',(-3.5,21.560215874298,40.7889985044305));
#10310=CARTESIAN_POINT('Ctrl Pts',(-3.41204881210939,21.0913199961662,40.7981877847957));
#10311=CARTESIAN_POINT('Ctrl Pts',(-3.05476985528114,20.2290799734021,40.8313360864577));
#10312=CARTESIAN_POINT('Ctrl Pts',(-2.78545813506823,19.8357106667624,40.8548118119661));
#10313=CARTESIAN_POINT('Ctrl Pts',(-2.16429039039162,19.2145429220858,40.898845225902));
#10314=CARTESIAN_POINT('Ctrl Pts',(-1.77092062025703,18.9452303769755,40.9222696323012));
#10315=CARTESIAN_POINT('Ctrl Pts',(-0.908679045084623,18.5879508043548,
40.9553004454796));
#10316=CARTESIAN_POINT('Ctrl Pts',(-0.439782628783455,18.5,40.9644382056988));
#10317=CARTESIAN_POINT('Ctrl Pts',(0.439782628783459,18.5,40.9644382056988));
#10318=CARTESIAN_POINT('Ctrl Pts',(0.908679045084626,18.5879508043548,40.9553004454796));
#10319=CARTESIAN_POINT('Ctrl Pts',(1.77092062025703,18.9452303769755,40.9222696323012));
#10320=CARTESIAN_POINT('Ctrl Pts',(2.16429039039162,19.2145429220858,40.898845225902));
#10321=CARTESIAN_POINT('Ctrl Pts',(2.78545813506823,19.8357106667624,40.8548118119661));
#10322=CARTESIAN_POINT('Ctrl Pts',(3.05476985528114,20.2290799734021,40.8313360864577));
#10323=CARTESIAN_POINT('Ctrl Pts',(3.41204881210939,21.0913199961662,40.7981877847957));
#10324=CARTESIAN_POINT('Ctrl Pts',(3.5,21.560215874298,40.7889985044305));
#10325=CARTESIAN_POINT('Ctrl Pts',(3.5,22.439784125702,40.7889985044305));
#10326=CARTESIAN_POINT('Ctrl Pts',(3.41204881210939,22.9086800038338,40.7981877847957));
#10327=CARTESIAN_POINT('Ctrl Pts',(3.05476985528114,23.7709200265979,40.8313360864577));
#10328=CARTESIAN_POINT('Ctrl Pts',(2.78545813506823,24.1642893332376,40.8548118119661));
#10329=CARTESIAN_POINT('Ctrl Pts',(2.16429039039162,24.7854570779142,40.898845225902));
#10330=CARTESIAN_POINT('Ctrl Pts',(1.77092062025704,25.0547696230245,40.9222696323012));
#10331=CARTESIAN_POINT('Ctrl Pts',(0.908679045084628,25.4120491956452,40.9553004454796));
#10332=CARTESIAN_POINT('Ctrl Pts',(0.439782628783459,25.5,40.9644382056988));
#10333=CARTESIAN_POINT('Ctrl Pts',(-0.439782628783455,25.5,40.9644382056988));
#10334=CARTESIAN_POINT('Ctrl Pts',(-0.908679045084625,25.4120491956452,
40.9553004454796));
#10335=CARTESIAN_POINT('Ctrl Pts',(-1.77092062025703,25.0547696230245,40.9222696323012));
#10336=CARTESIAN_POINT('Ctrl Pts',(-2.16429039039162,24.7854570779142,40.898845225902));
#10337=CARTESIAN_POINT('Ctrl Pts',(-2.78545813506823,24.1642893332376,40.8548118119661));
#10338=CARTESIAN_POINT('Ctrl Pts',(-3.05476985528114,23.7709200265979,40.8313360864577));
#10339=CARTESIAN_POINT('Ctrl Pts',(-3.41204881210938,22.9086800038338,40.7981877847957));
#10340=CARTESIAN_POINT('Ctrl Pts',(-3.5,22.439784125702,40.7889985044305));
#10341=CARTESIAN_POINT('Ctrl Pts',(-3.5,22.,40.7889985044305));
#10342=CARTESIAN_POINT('Origin',(-31.8198051533946,0.,31.8198051533946));
#10343=CARTESIAN_POINT('',(-27.1632483016784,40.0153508071739,28.0360929171465));
#10344=CARTESIAN_POINT('Origin',(-31.8198051533946,40.015,31.8198051533946));
#10345=CARTESIAN_POINT('',(-27.1632483016784,6.25662818755307E-47,28.0360929171465));
#10346=CARTESIAN_POINT('Origin',(31.8198051533946,0.,31.8198051533946));
#10347=CARTESIAN_POINT('',(27.1632483016784,6.25662818755307E-47,28.0360929171465));
#10348=CARTESIAN_POINT('',(36.0624458405139,0.,27.5771644662753));
#10349=CARTESIAN_POINT('Origin',(31.8198051533946,0.,31.8198051533946));
#10350=CARTESIAN_POINT('',(27.1632483016784,40.0153508071739,28.0360929171465));
#10351=CARTESIAN_POINT('',(27.1632483016784,6.25662818755307E-47,28.0360929171465));
#10352=CARTESIAN_POINT('',(36.0624458405139,40.0153508071739,27.5771644662753));
#10353=CARTESIAN_POINT('Origin',(31.8198051533946,40.015,31.8198051533946));
#10354=CARTESIAN_POINT('',(36.0624458405139,0.,27.5771644662753));
#10355=CARTESIAN_POINT('Origin',(0.,21.4506454642707,-45.));
#10356=CARTESIAN_POINT('',(1.83697019872103E-16,21.,-43.5));
#10357=CARTESIAN_POINT('Origin',(0.,21.,-45.));
#10358=CARTESIAN_POINT('',(0.,21.9012909285413,-45.));
#10359=CARTESIAN_POINT('',(9.18485099360515E-17,21.4506454642707,-44.25));
#10360=CARTESIAN_POINT('Origin',(0.,10.5,-45.));
#10361=CARTESIAN_POINT('',(1.83697019872103E-16,6.,-43.5));
#10362=CARTESIAN_POINT('Origin',(0.,6.,-45.));
#10363=CARTESIAN_POINT('',(1.83697019872103E-16,10.5,-43.5));
#10364=CARTESIAN_POINT('Origin',(0.,10.5,50.));
#10365=CARTESIAN_POINT('',(1.83697019872103E-16,6.,51.5));
#10366=CARTESIAN_POINT('Origin',(0.,6.,50.));
#10367=CARTESIAN_POINT('',(1.83697019872103E-16,10.5,51.5));
#10368=CARTESIAN_POINT('Origin',(0.,6.25662818755307E-47,50.));
#10369=CARTESIAN_POINT('',(-10.5,6.25662818755307E-47,50.));
#10370=CARTESIAN_POINT('Origin',(0.,0.,50.));
#10371=CARTESIAN_POINT('',(-10.5,6.,50.));
#10372=CARTESIAN_POINT('',(-10.5,6.25662818755307E-47,50.));
#10373=CARTESIAN_POINT('Origin',(0.,6.,50.));
#10374=CARTESIAN_POINT('Origin',(0.,6.,50.));
#10375=CARTESIAN_POINT('Origin',(0.,6.25662818755307E-47,-45.));
#10376=CARTESIAN_POINT('',(-10.5,6.25662818755307E-47,-45.));
#10377=CARTESIAN_POINT('Origin',(0.,0.,-45.));
#10378=CARTESIAN_POINT('',(-10.5,6.,-45.));
#10379=CARTESIAN_POINT('',(-10.5,6.25662818755307E-47,-45.));
#10380=CARTESIAN_POINT('Origin',(0.,6.,-45.));
#10381=CARTESIAN_POINT('Origin',(0.,6.,-45.));
#10382=CARTESIAN_POINT('Origin',(0.,6.25662818755307E-47,-45.));
#10383=CARTESIAN_POINT('Origin',(-2.22044604925031E-15,8.5,38.9822191028494));
#10384=CARTESIAN_POINT('Origin',(0.,8.5,5.96443820569885));
#10385=CARTESIAN_POINT('Origin',(-31.8198051533946,49.0075,31.8198051533946));
#10386=CARTESIAN_POINT('',(-35.8198051533946,58.,31.8198051533946));
#10387=CARTESIAN_POINT('Origin',(-31.8198051533946,58.,31.8198051533946));
#10388=CARTESIAN_POINT('',(-37.8198051533946,40.0156317876,31.8198051533946));
#10389=CARTESIAN_POINT('',(-36.8198051533946,49.0075,31.8198051533946));
#10390=CARTESIAN_POINT('Origin',(-31.8198051533946,40.0156317876,31.8198051533946));
#10391=CARTESIAN_POINT('Origin',(-31.8198051533946,40.0156317876,31.8198051533946));
#10392=CARTESIAN_POINT('Origin',(-31.8198051533946,58.,31.8198051533946));
#10393=CARTESIAN_POINT('',(-33.3198051533946,58.,31.8198051533946));
#10394=CARTESIAN_POINT('Origin',(-31.8198051533946,58.,31.8198051533946));
#10395=CARTESIAN_POINT('Origin',(31.8198051533946,49.0075,31.8198051533946));
#10396=CARTESIAN_POINT('',(27.8198051533946,58.,31.8198051533946));
#10397=CARTESIAN_POINT('Origin',(31.8198051533946,58.,31.8198051533946));
#10398=CARTESIAN_POINT('',(25.8198051533946,40.0156317876,31.8198051533946));
#10399=CARTESIAN_POINT('',(26.8198051533946,49.0075,31.8198051533946));
#10400=CARTESIAN_POINT('Origin',(31.8198051533946,40.0156317876,31.8198051533946));
#10401=CARTESIAN_POINT('Origin',(31.8198051533946,40.0156317876,31.8198051533946));
#10402=CARTESIAN_POINT('Origin',(31.8198051533946,58.,31.8198051533946));
#10403=CARTESIAN_POINT('',(30.3198051533946,58.,31.8198051533946));
#10404=CARTESIAN_POINT('Origin',(31.8198051533946,58.,31.8198051533946));
#10405=CARTESIAN_POINT('Origin',(31.8198051533946,49.0075,-31.8198051533946));
#10406=CARTESIAN_POINT('',(27.8198051533946,58.,-31.8198051533946));
#10407=CARTESIAN_POINT('Origin',(31.8198051533946,58.,-31.8198051533946));
#10408=CARTESIAN_POINT('',(25.8198051533946,40.015,-31.8198051533946));
#10409=CARTESIAN_POINT('',(26.8198051533946,49.0075,-31.8198051533946));
#10410=CARTESIAN_POINT('',(36.0624458405139,40.0153508071739,-27.5771644662754));
#10411=CARTESIAN_POINT('Origin',(31.8198051533946,40.015,-31.8198051533946));
#10412=CARTESIAN_POINT('',(27.5771644662754,40.0153508071739,-36.0624458405139));
#10413=CARTESIAN_POINT('Origin',(31.8198051533946,40.0156317876,-31.8198051533946));
#10414=CARTESIAN_POINT('Origin',(31.8198051533946,40.015,-31.8198051533946));
#10415=CARTESIAN_POINT('Origin',(31.8198051533946,0.,-31.8198051533946));
#10416=CARTESIAN_POINT('',(36.0624458405139,0.,-27.5771644662754));
#10417=CARTESIAN_POINT('',(27.5771644662753,0.,-36.0624458405139));
#10418=CARTESIAN_POINT('Origin',(31.8198051533946,58.,-31.8198051533946));
#10419=CARTESIAN_POINT('',(30.3198051533946,58.,-31.8198051533946));
#10420=CARTESIAN_POINT('Origin',(31.8198051533946,58.,-31.8198051533946));
#10421=CARTESIAN_POINT('Origin',(-31.8198051533946,49.0075,-31.8198051533947));
#10422=CARTESIAN_POINT('',(-35.8198051533946,58.,-31.8198051533947));
#10423=CARTESIAN_POINT('Origin',(-31.8198051533946,58.,-31.8198051533947));
#10424=CARTESIAN_POINT('',(-37.8198051533946,40.0156317876,-31.8198051533947));
#10425=CARTESIAN_POINT('',(-36.8198051533946,49.0075,-31.8198051533947));
#10426=CARTESIAN_POINT('',(-36.0624458405139,40.0153508071739,-27.5771644662754));
#10427=CARTESIAN_POINT('Origin',(-31.8198051533946,40.0156317876,-31.8198051533947));
#10428=CARTESIAN_POINT('',(-27.5771644662753,40.0153508071739,-36.0624458405139));
#10429=CARTESIAN_POINT('Origin',(-31.8198051533946,40.015,-31.8198051533947));
#10430=CARTESIAN_POINT('Origin',(-31.8198051533946,40.0156317876,-31.8198051533947));
#10431=CARTESIAN_POINT('Origin',(-31.8198051533946,0.,-31.8198051533947));
#10432=CARTESIAN_POINT('',(-27.5771644662753,0.,-36.0624458405139));
#10433=CARTESIAN_POINT('',(-36.0624458405139,0.,-27.5771644662754));
#10434=CARTESIAN_POINT('Origin',(-31.8198051533946,58.,-31.8198051533947));
#10435=CARTESIAN_POINT('',(-33.3198051533946,58.,-31.8198051533947));
#10436=CARTESIAN_POINT('Origin',(-31.8198051533946,58.,-31.8198051533947));
#10437=CARTESIAN_POINT('Origin',(-31.8198051533946,0.,-31.8198051533947));
#10438=CARTESIAN_POINT('',(-33.3198051533946,40.0156317876,-31.8198051533947));
#10439=CARTESIAN_POINT('',(-33.3198051533946,0.,-31.8198051533947));
#10440=CARTESIAN_POINT('Origin',(-31.8198051533946,40.0156317876,-31.8198051533947));
#10441=CARTESIAN_POINT('Origin',(-36.1380938394624,40.0156317876,-36.1380938394624));
#10442=CARTESIAN_POINT('Origin',(-31.8198051533946,0.,31.8198051533946));
#10443=CARTESIAN_POINT('',(-33.3198051533946,40.0156317876,31.8198051533946));
#10444=CARTESIAN_POINT('',(-33.3198051533946,0.,31.8198051533946));
#10445=CARTESIAN_POINT('Origin',(-31.8198051533946,40.0156317876,31.8198051533946));
#10446=CARTESIAN_POINT('Origin',(8.88178419700125E-15,40.0156317876,44.6599025766973));
#10447=CARTESIAN_POINT('',(36.0624458405139,40.0156317876,27.5771644662753));
#10448=CARTESIAN_POINT('Origin',(0.,40.0156317876,5.96443820569885));
#10449=CARTESIAN_POINT('Origin',(31.8198051533946,0.,-31.8198051533946));
#10450=CARTESIAN_POINT('',(30.3198051533946,40.0156317876,-31.8198051533946));
#10451=CARTESIAN_POINT('',(30.3198051533946,0.,-31.8198051533946));
#10452=CARTESIAN_POINT('Origin',(31.8198051533946,40.0156317876,-31.8198051533946));
#10453=CARTESIAN_POINT('Origin',(36.1380938394624,40.0156317876,-36.1380938394624));
#10454=CARTESIAN_POINT('',(36.0624458405139,40.0156317876,-27.5771644662754));
#10455=CARTESIAN_POINT('',(27.5771644662753,40.0156317876,-36.0624458405139));
#10456=CARTESIAN_POINT('Origin',(31.8198051533946,0.,31.8198051533946));
#10457=CARTESIAN_POINT('',(30.3198051533946,40.0156317876,31.8198051533946));
#10458=CARTESIAN_POINT('',(30.3198051533946,0.,31.8198051533946));
#10459=CARTESIAN_POINT('Origin',(31.8198051533946,40.0156317876,31.8198051533946));
#10460=CARTESIAN_POINT('Origin',(8.88178419700125E-15,40.0156317876,44.6599025766973));
#10461=CARTESIAN_POINT('Origin',(-27.5771644662753,0.,-36.0624458405139));
#10462=CARTESIAN_POINT('',(-27.5771644662753,40.0156317876,-36.0624458405139));
#10463=CARTESIAN_POINT('Origin',(-46.4563825255302,6.25662818755307E-47,
-37.9711011512916));
#10464=CARTESIAN_POINT('',(-36.0624458405139,40.0156317876,-27.5771644662754));
#10465=CARTESIAN_POINT('Origin',(-36.1380938394624,40.0156317876,-36.1380938394624));
#10466=CARTESIAN_POINT('Origin',(8.88178419700125E-15,40.0156317876,44.6599025766973));
#10467=CARTESIAN_POINT('Origin',(-45.,0.,63.5));
#10468=CARTESIAN_POINT('',(45.,40.0156317876,63.5));
#10469=CARTESIAN_POINT('',(45.,0.,63.5));
#10470=CARTESIAN_POINT('Origin',(0.,6.25662818755307E-47,5.96443820569885));
#10471=CARTESIAN_POINT('Origin',(46.4563825255302,6.25662818755307E-47,
37.9711011512916));
#10472=CARTESIAN_POINT('Origin',(0.,0.,0.));
#10473=CARTESIAN_POINT('Origin',(37.9711011512916,6.25662818755307E-47,
-46.4563825255302));
#10474=CARTESIAN_POINT('Origin',(36.0624458405139,0.,-27.5771644662754));
#10475=CARTESIAN_POINT('Origin',(36.1380938394624,40.0156317876,-36.1380938394624));
#10476=CARTESIAN_POINT('Origin',(0.,52.2237434187031,-3.22532112503895E-15));
#10477=CARTESIAN_POINT('',(-7.19495947418397E-15,51.9427104578663,58.7513026547196));
#10478=CARTESIAN_POINT('Origin',(0.,51.9427104578663,-3.20796462230509E-15));
#10479=CARTESIAN_POINT('',(-7.37594561736458E-15,52.50477637954,60.2291666666667));
#10480=CARTESIAN_POINT('',(-7.28545254577428E-15,52.2237434187031,59.4902346606931));
#10481=CARTESIAN_POINT('Origin',(0.,52.50477637954,-3.24267762777282E-15));
#10482=CARTESIAN_POINT('Origin',(0.,51.0684703364291,-3.15397184148467E-15));
#10483=CARTESIAN_POINT('',(-7.20388919042775E-15,50.1942302149918,58.8242193213862));
#10484=CARTESIAN_POINT('Origin',(0.,50.1942302149918,-3.09997906066424E-15));
#10485=CARTESIAN_POINT('',(-7.19942433230586E-15,51.0684703364291,58.7877609880529));
#10486=CARTESIAN_POINT('Origin',(0.,49.9756973921503,-3.08648254578644E-15));
#10487=CARTESIAN_POINT('',(-7.38997802860481E-15,49.7571645693087,60.34375));
#10488=CARTESIAN_POINT('Origin',(0.,49.7571645693087,-3.07298603090863E-15));
#10489=CARTESIAN_POINT('',(-7.29693360951628E-15,49.9756973921503,59.5839846606931));
#10490=CARTESIAN_POINT('Origin',(0.,44.8863981784442,-2.77216910919484E-15));
#10491=CARTESIAN_POINT('',(-7.43972930482017E-15,40.0156317875798,60.75));
#10492=CARTESIAN_POINT('Origin',(0.,40.0156317875798,-2.47135218748105E-15));
#10493=CARTESIAN_POINT('',(-7.41485366671249E-15,44.8863981784443,60.546875));
#10494=CARTESIAN_POINT('',(-7.41485366671249E-15,44.8863981784443,60.546875));
#10495=CARTESIAN_POINT('Origin',(0.,40.015631787578,-63.5));
#10496=CARTESIAN_POINT('Origin',(0.,40.015631787578,-2.47135218748094E-15));
#10497=CARTESIAN_POINT('Origin',(0.,38.2656317875734,-2.36327276614227E-15));
#10498=CARTESIAN_POINT('Origin',(0.,58.0000000000025,-60.));
#10499=CARTESIAN_POINT('',(-7.34788079488412E-15,58.0000000000025,60.));
#10500=CARTESIAN_POINT('Origin',(0.,58.0000000000025,-3.58206082150119E-15));
#10501=CARTESIAN_POINT('Origin',(0.,55.2523881897712,-3.412369224637E-15));
#10502=CARTESIAN_POINT('',(-7.36191320612435E-15,55.2523881897712,60.1145833333333));
#10503=UNCERTAINTY_MEASURE_WITH_UNIT(LENGTH_MEASURE(0.01),#10507,
'DISTANCE_ACCURACY_VALUE',
'Maximum model space distance between geometric entities at asserted c
onnectivities');
#10504=UNCERTAINTY_MEASURE_WITH_UNIT(LENGTH_MEASURE(0.01),#10507,
'DISTANCE_ACCURACY_VALUE',
'Maximum model space distance between geometric entities at asserted c
onnectivities');
#10505=(
GEOMETRIC_REPRESENTATION_CONTEXT(3)
GLOBAL_UNCERTAINTY_ASSIGNED_CONTEXT((#10503))
GLOBAL_UNIT_ASSIGNED_CONTEXT((#10507,#10509,#10510))
REPRESENTATION_CONTEXT('','3D')
);
#10506=(
GEOMETRIC_REPRESENTATION_CONTEXT(3)
GLOBAL_UNCERTAINTY_ASSIGNED_CONTEXT((#10504))
GLOBAL_UNIT_ASSIGNED_CONTEXT((#10507,#10509,#10510))
REPRESENTATION_CONTEXT('','3D')
);
#10507=(
LENGTH_UNIT()
NAMED_UNIT(*)
SI_UNIT(.MILLI.,.METRE.)
);
#10508=(
LENGTH_UNIT()
NAMED_UNIT(*)
SI_UNIT($,.METRE.)
);
#10509=(
NAMED_UNIT(*)
PLANE_ANGLE_UNIT()
SI_UNIT($,.RADIAN.)
);
#10510=(
NAMED_UNIT(*)
SI_UNIT($,.STERADIAN.)
SOLID_ANGLE_UNIT()
);
#10511=SHAPE_DEFINITION_REPRESENTATION(#10512,#10513);
#10512=PRODUCT_DEFINITION_SHAPE('',$,#10515);
#10513=SHAPE_REPRESENTATION('',(#5275),#10505);
#10514=PRODUCT_DEFINITION_CONTEXT('part definition',#10519,'design');
#10515=PRODUCT_DEFINITION('2026-06-07-23-51-51-612','3D Base 2',#10516,
#10514);
#10516=PRODUCT_DEFINITION_FORMATION('',$,#10521);
#10517=PRODUCT_RELATED_PRODUCT_CATEGORY('3D Base 2','3D Base 2',(#10521));
#10518=APPLICATION_PROTOCOL_DEFINITION('international standard',
'automotive_design',2009,#10519);
#10519=APPLICATION_CONTEXT(
'Core Data for Automotive Mechanical Design Process');
#10520=PRODUCT_CONTEXT('part definition',#10519,'mechanical');
#10521=PRODUCT('2026-06-07-23-51-51-612','3D Base 2',$,(#10520));
#10522=PRESENTATION_STYLE_ASSIGNMENT((#10523));
#10523=SURFACE_STYLE_USAGE(.BOTH.,#10524);
#10524=SURFACE_SIDE_STYLE('',(#10525));
#10525=SURFACE_STYLE_FILL_AREA(#10526);
#10526=FILL_AREA_STYLE('Steel - Satin',(#10527));
#10527=FILL_AREA_STYLE_COLOUR('Steel - Satin',#10528);
#10528=COLOUR_RGB('Steel - Satin',0.627450980392157,0.627450980392157,0.627450980392157);
ENDSEC;
END-ISO-10303-21;
