ISO-10303-21;
HEADER;
/* Generated by software containing ST-Developer
 * from STEP Tools, Inc. (www.steptools.com) 
 */

FILE_DESCRIPTION(
/* description */ (''),
/* implementation_level */ '2;1');

FILE_NAME(
/* name */ '3D Base 2.step',
/* time_stamp */ '2026-06-07T01:26:31+01:00',
/* author */ (''),
/* organization */ (''),
/* preprocessor_version */ 'ST-DEVELOPER v20.1',
/* originating_system */ 'Autodesk Translation Framework v15.8.0.0',
/* authorisation */ '');

FILE_SCHEMA (('AUTOMOTIVE_DESIGN { 1 0 10303 214 3 1 1 }'));
ENDSEC;

DATA;
#10=MECHANICAL_DESIGN_GEOMETRIC_PRESENTATION_REPRESENTATION('',(#13),#3709);
#11=SHAPE_REPRESENTATION_RELATIONSHIP('SRR','None',#3716,#12);
#12=ADVANCED_BREP_SHAPE_REPRESENTATION('',(#14),#3708);
#13=STYLED_ITEM('',(#3725),#14);
#14=MANIFOLD_SOLID_BREP('Body1',#1953);
#15=ELLIPSE('',#2127,16.9705627484771,12.);
#16=ELLIPSE('',#2128,16.9705627484771,12.);
#17=ELLIPSE('',#2160,16.9705627484771,12.);
#18=(
BOUNDED_SURFACE()
B_SPLINE_SURFACE(2,2,((#3230,#3231,#3232,#3233,#3234,#3235,#3236,#3237,
#3238),(#3239,#3240,#3241,#3242,#3243,#3244,#3245,#3246,#3247),(#3248,#3249,
#3250,#3251,#3252,#3253,#3254,#3255,#3256)),.UNSPECIFIED.,.F.,.T.,.F.)
B_SPLINE_SURFACE_WITH_KNOTS((3,3),(3,2,2,2,3),(0.,1.5707963267949),(-3.14159265358979,
-1.5707963267949,0.,1.5707963267949,3.14159265358979),.UNSPECIFIED.)
GEOMETRIC_REPRESENTATION_ITEM()
RATIONAL_B_SPLINE_SURFACE(((1.,0.707106781186548,1.,0.707106781186548,1.,
0.707106781186548,1.,0.707106781186548,1.),(0.707106781186542,0.499999999999996,
0.707106781186542,0.499999999999996,0.707106781186542,0.499999999999996,
0.707106781186542,0.499999999999996,0.707106781186542),(1.,0.707106781186548,
1.,0.707106781186548,1.,0.707106781186548,1.,0.707106781186548,1.)))
REPRESENTATION_ITEM('')
SURFACE()
);
#19=SPHERICAL_SURFACE('',#2021,2.);
#20=SPHERICAL_SURFACE('',#2026,2.);
#21=SPHERICAL_SURFACE('',#2065,2.);
#22=SPHERICAL_SURFACE('',#2070,2.);
#23=SPHERICAL_SURFACE('',#2082,2.);
#24=SPHERICAL_SURFACE('',#2085,2.);
#25=SPHERICAL_SURFACE('',#2095,2.);
#26=SPHERICAL_SURFACE('',#2107,1.99999999999999);
#27=SPHERICAL_SURFACE('',#2120,2.);
#28=SPHERICAL_SURFACE('',#2124,2.);
#29=FACE_BOUND('',#425,.T.);
#30=FACE_BOUND('',#486,.T.);
#31=FACE_BOUND('',#491,.T.);
#32=FACE_BOUND('',#503,.T.);
#33=FACE_BOUND('',#506,.T.);
#34=FACE_BOUND('',#511,.T.);
#35=FACE_BOUND('',#514,.T.);
#36=FACE_BOUND('',#518,.T.);
#37=FACE_BOUND('',#522,.T.);
#38=FACE_BOUND('',#536,.T.);
#39=FACE_BOUND('',#537,.T.);
#40=FACE_BOUND('',#538,.T.);
#41=FACE_BOUND('',#539,.T.);
#42=FACE_BOUND('',#540,.T.);
#43=FACE_BOUND('',#541,.T.);
#44=FACE_BOUND('',#542,.T.);
#45=FACE_BOUND('',#544,.T.);
#46=FACE_BOUND('',#547,.T.);
#47=FACE_BOUND('',#548,.T.);
#48=FACE_BOUND('',#557,.T.);
#49=FACE_BOUND('',#560,.T.);
#50=TOROIDAL_SURFACE('',#1976,4.,2.);
#51=TOROIDAL_SURFACE('',#1980,11.,2.);
#52=TOROIDAL_SURFACE('',#1984,4.,2.);
#53=TOROIDAL_SURFACE('',#1990,11.,2.);
#54=TOROIDAL_SURFACE('',#1995,11.,2.);
#55=TOROIDAL_SURFACE('',#1998,4.,2.);
#56=TOROIDAL_SURFACE('',#2000,11.,2.);
#57=TOROIDAL_SURFACE('',#2003,4.,2.);
#58=TOROIDAL_SURFACE('',#2015,8.,2.);
#59=TOROIDAL_SURFACE('',#2028,55.5,2.);
#60=TOROIDAL_SURFACE('',#2043,55.5,2.);
#61=TOROIDAL_SURFACE('',#2060,8.,2.);
#62=TOROIDAL_SURFACE('',#2072,55.5,2.);
#63=TOROIDAL_SURFACE('',#2074,55.5,2.);
#64=TOROIDAL_SURFACE('',#2078,15.,2.);
#65=TOROIDAL_SURFACE('',#2099,33.,2.);
#66=TOROIDAL_SURFACE('',#2102,8.,2.);
#67=TOROIDAL_SURFACE('',#2110,15.,2.);
#68=TOROIDAL_SURFACE('',#2114,8.,2.);
#69=TOROIDAL_SURFACE('',#2117,33.,2.);
#70=CYLINDRICAL_SURFACE('',#1973,59.9999999999864);
#71=CYLINDRICAL_SURFACE('',#2005,2.);
#72=CYLINDRICAL_SURFACE('',#2007,13.);
#73=CYLINDRICAL_SURFACE('',#2009,2.);
#74=CYLINDRICAL_SURFACE('',#2012,2.);
#75=CYLINDRICAL_SURFACE('',#2019,2.);
#76=CYLINDRICAL_SURFACE('',#2023,2.);
#77=CYLINDRICAL_SURFACE('',#2046,57.5);
#78=CYLINDRICAL_SURFACE('',#2054,2.);
#79=CYLINDRICAL_SURFACE('',#2057,2.);
#80=CYLINDRICAL_SURFACE('',#2063,2.);
#81=CYLINDRICAL_SURFACE('',#2067,2.);
#82=CYLINDRICAL_SURFACE('',#2076,2.);
#83=CYLINDRICAL_SURFACE('',#2083,2.);
#84=CYLINDRICAL_SURFACE('',#2090,3.875);
#85=CYLINDRICAL_SURFACE('',#2092,2.);
#86=CYLINDRICAL_SURFACE('',#2105,2.);
#87=CYLINDRICAL_SURFACE('',#2111,2.);
#88=CYLINDRICAL_SURFACE('',#2119,2.);
#89=CYLINDRICAL_SURFACE('',#2121,2.);
#90=CYLINDRICAL_SURFACE('',#2125,6.);
#91=CYLINDRICAL_SURFACE('',#2131,1.1);
#92=CYLINDRICAL_SURFACE('',#2135,1.1);
#93=CYLINDRICAL_SURFACE('',#2139,1.1);
#94=CYLINDRICAL_SURFACE('',#2143,1.1);
#95=CYLINDRICAL_SURFACE('',#2147,6.5);
#96=CYLINDRICAL_SURFACE('',#2151,6.5);
#97=CYLINDRICAL_SURFACE('',#2156,12.);
#98=CYLINDRICAL_SURFACE('',#2158,12.);
#99=CYLINDRICAL_SURFACE('',#2161,3.5);
#100=CYLINDRICAL_SURFACE('',#2162,6.);
#101=CYLINDRICAL_SURFACE('',#2164,6.);
#102=CYLINDRICAL_SURFACE('',#2165,6.);
#103=CYLINDRICAL_SURFACE('',#2169,1.375);
#104=CYLINDRICAL_SURFACE('',#2171,1.375);
#105=CYLINDRICAL_SURFACE('',#2173,10.5);
#106=CYLINDRICAL_SURFACE('',#2177,10.5);
#107=CYLINDRICAL_SURFACE('',#2181,13.);
#108=CYLINDRICAL_SURFACE('',#2201,6.);
#109=CYLINDRICAL_SURFACE('',#2209,6.);
#110=CYLINDRICAL_SURFACE('',#2212,1.375);
#111=CYLINDRICAL_SURFACE('',#2215,1.375);
#112=CYLINDRICAL_SURFACE('',#2219,1.375);
#113=CYLINDRICAL_SURFACE('',#2222,1.375);
#114=CYLINDRICAL_SURFACE('',#2230,35.);
#115=(
BOUNDED_CURVE()
B_SPLINE_CURVE(2,(#2956,#2957,#2958),.UNSPECIFIED.,.F.,.F.)
B_SPLINE_CURVE_WITH_KNOTS((3,3),(0.,0.61989015854238),.UNSPECIFIED.)
CURVE()
GEOMETRIC_REPRESENTATION_ITEM()
RATIONAL_B_SPLINE_CURVE((1.,1.00085915027753,1.))
REPRESENTATION_ITEM('')
);
#116=(
BOUNDED_CURVE()
B_SPLINE_CURVE(2,(#2971,#2972,#2973),.UNSPECIFIED.,.F.,.F.)
B_SPLINE_CURVE_WITH_KNOTS((3,3),(0.,0.61989015854238),.UNSPECIFIED.)
CURVE()
GEOMETRIC_REPRESENTATION_ITEM()
RATIONAL_B_SPLINE_CURVE((1.,1.00085915027651,1.))
REPRESENTATION_ITEM('')
);
#117=CIRCLE('',#1969,57.9999999999864);
#118=CIRCLE('',#1970,59.9999999999864);
#119=CIRCLE('',#1974,59.9999999999864);
#120=CIRCLE('',#1977,2.);
#121=CIRCLE('',#1978,2.);
#122=CIRCLE('',#1979,4.);
#123=CIRCLE('',#1981,2.);
#124=CIRCLE('',#1982,13.);
#125=CIRCLE('',#1983,11.);
#126=CIRCLE('',#1985,2.);
#127=CIRCLE('',#1986,4.);
#128=CIRCLE('',#1988,57.5);
#129=CIRCLE('',#1989,3.875);
#130=CIRCLE('',#1991,2.);
#131=CIRCLE('',#1992,13.);
#132=CIRCLE('',#1993,2.);
#133=CIRCLE('',#1994,11.);
#134=CIRCLE('',#1996,13.);
#135=CIRCLE('',#1997,2.);
#136=CIRCLE('',#1999,2.);
#137=CIRCLE('',#2001,2.);
#138=CIRCLE('',#2002,13.);
#139=CIRCLE('',#2004,2.);
#140=CIRCLE('',#2006,2.);
#141=CIRCLE('',#2008,13.);
#142=CIRCLE('',#2010,2.);
#143=CIRCLE('',#2011,2.);
#144=CIRCLE('',#2013,2.);
#145=CIRCLE('',#2014,2.00000000000001);
#146=CIRCLE('',#2016,2.);
#147=CIRCLE('',#2017,8.);
#148=CIRCLE('',#2018,6.);
#149=CIRCLE('',#2020,2.);
#150=CIRCLE('',#2022,2.);
#151=CIRCLE('',#2024,2.00000000000001);
#152=CIRCLE('',#2025,2.);
#153=CIRCLE('',#2027,2.);
#154=CIRCLE('',#2029,55.5);
#155=CIRCLE('',#2030,2.);
#156=CIRCLE('',#2031,57.5);
#157=CIRCLE('',#2033,55.5);
#158=CIRCLE('',#2034,15.);
#159=CIRCLE('',#2035,55.5);
#160=CIRCLE('',#2036,8.);
#161=CIRCLE('',#2037,55.5);
#162=CIRCLE('',#2038,8.);
#163=CIRCLE('',#2039,33.);
#164=CIRCLE('',#2040,15.);
#165=CIRCLE('',#2041,33.);
#166=CIRCLE('',#2042,8.);
#167=CIRCLE('',#2044,57.5);
#168=CIRCLE('',#2045,2.);
#169=CIRCLE('',#2047,57.5);
#170=CIRCLE('',#2048,57.5);
#171=CIRCLE('',#2049,57.5);
#172=CIRCLE('',#2050,57.5);
#173=CIRCLE('',#2051,57.5);
#174=CIRCLE('',#2052,57.5);
#175=CIRCLE('',#2053,57.5);
#176=CIRCLE('',#2055,2.00000000000001);
#177=CIRCLE('',#2056,2.);
#178=CIRCLE('',#2058,2.);
#179=CIRCLE('',#2059,2.);
#180=CIRCLE('',#2061,1.99999999999999);
#181=CIRCLE('',#2062,6.);
#182=CIRCLE('',#2064,1.99999999999999);
#183=CIRCLE('',#2066,2.);
#184=CIRCLE('',#2068,2.);
#185=CIRCLE('',#2069,2.);
#186=CIRCLE('',#2071,2.);
#187=CIRCLE('',#2073,2.);
#188=CIRCLE('',#2075,2.);
#189=CIRCLE('',#2077,2.00000000000002);
#190=CIRCLE('',#2079,2.);
#191=CIRCLE('',#2080,13.);
#192=CIRCLE('',#2081,2.);
#193=CIRCLE('',#2084,2.);
#194=CIRCLE('',#2086,1.875);
#195=CIRCLE('',#2087,2.);
#196=CIRCLE('',#2088,3.875);
#197=CIRCLE('',#2089,3.875);
#198=CIRCLE('',#2093,2.00000000000002);
#199=CIRCLE('',#2094,2.);
#200=CIRCLE('',#2096,2.);
#201=CIRCLE('',#2097,2.);
#202=CIRCLE('',#2098,2.);
#203=CIRCLE('',#2100,2.00000000000001);
#204=CIRCLE('',#2101,35.);
#205=CIRCLE('',#2103,2.);
#206=CIRCLE('',#2104,6.);
#207=CIRCLE('',#2106,2.);
#208=CIRCLE('',#2108,1.99999999999999);
#209=CIRCLE('',#2109,2.00000000000001);
#210=CIRCLE('',#2112,2.);
#211=CIRCLE('',#2113,2.00000000000001);
#212=CIRCLE('',#2115,2.);
#213=CIRCLE('',#2116,6.);
#214=CIRCLE('',#2118,35.);
#215=CIRCLE('',#2122,2.);
#216=CIRCLE('',#2123,2.);
#217=CIRCLE('',#2130,1.1);
#218=CIRCLE('',#2132,1.1);
#219=CIRCLE('',#2134,1.1);
#220=CIRCLE('',#2136,1.1);
#221=CIRCLE('',#2138,1.1);
#222=CIRCLE('',#2140,1.1);
#223=CIRCLE('',#2142,1.1);
#224=CIRCLE('',#2144,1.1);
#225=CIRCLE('',#2146,1.375);
#226=CIRCLE('',#2148,6.5);
#227=CIRCLE('',#2149,6.5);
#228=CIRCLE('',#2152,6.5);
#229=CIRCLE('',#2153,6.5);
#230=CIRCLE('',#2155,3.5);
#231=CIRCLE('',#2157,12.);
#232=CIRCLE('',#2159,12.);
#233=CIRCLE('',#2163,6.);
#234=CIRCLE('',#2166,6.);
#235=CIRCLE('',#2168,1.375);
#236=CIRCLE('',#2170,1.375);
#237=CIRCLE('',#2172,1.375);
#238=CIRCLE('',#2174,10.5);
#239=CIRCLE('',#2175,10.5);
#240=CIRCLE('',#2178,10.5);
#241=CIRCLE('',#2179,10.5);
#242=CIRCLE('',#2183,35.);
#243=CIRCLE('',#2185,4.);
#244=CIRCLE('',#2186,6.);
#245=CIRCLE('',#2187,6.);
#246=CIRCLE('',#2189,1.375);
#247=CIRCLE('',#2191,4.);
#248=CIRCLE('',#2192,6.);
#249=CIRCLE('',#2193,6.);
#250=CIRCLE('',#2195,1.375);
#251=CIRCLE('',#2197,4.);
#252=CIRCLE('',#2198,6.);
#253=CIRCLE('',#2199,6.);
#254=CIRCLE('',#2200,6.);
#255=CIRCLE('',#2203,1.375);
#256=CIRCLE('',#2205,4.);
#257=CIRCLE('',#2206,6.);
#258=CIRCLE('',#2207,6.);
#259=CIRCLE('',#2208,6.);
#260=CIRCLE('',#2211,1.375);
#261=CIRCLE('',#2213,1.375);
#262=CIRCLE('',#2216,1.375);
#263=CIRCLE('',#2218,35.);
#264=CIRCLE('',#2220,1.375);
#265=CIRCLE('',#2223,1.375);
#266=CIRCLE('',#2237,58.7513026547196);
#267=CIRCLE('',#2238,60.2291666666667);
#268=CIRCLE('',#2240,58.8242193213862);
#269=CIRCLE('',#2242,60.34375);
#270=CIRCLE('',#2244,60.75);
#271=CIRCLE('',#2246,63.5);
#272=CIRCLE('',#2249,60.);
#273=CONICAL_SURFACE('',#1968,58.9999999999864,1.10714871779409);
#274=CONICAL_SURFACE('',#2129,0.55,1.02974425867665);
#275=CONICAL_SURFACE('',#2133,0.55,1.02974425867665);
#276=CONICAL_SURFACE('',#2137,0.55,1.02974425867665);
#277=CONICAL_SURFACE('',#2141,0.55,1.02974425867665);
#278=CONICAL_SURFACE('',#2167,0.6875,1.02974425867665);
#279=CONICAL_SURFACE('',#2184,5.,0.110748759940308);
#280=CONICAL_SURFACE('',#2190,5.,0.110748759940308);
#281=CONICAL_SURFACE('',#2196,5.,0.110748759940308);
#282=CONICAL_SURFACE('',#2204,5.,0.110748759940308);
#283=CONICAL_SURFACE('',#2236,59.4902346606931,1.20736695710654);
#284=CONICAL_SURFACE('',#2239,58.7877609880529,0.0416787324225654);
#285=CONICAL_SURFACE('',#2241,59.5839846606931,1.29072458768998);
#286=CONICAL_SURFACE('',#2243,60.546875,0.0416787324225783);
#287=CONICAL_SURFACE('',#2247,61.7499999999932,0.785398163398099);
#288=CONICAL_SURFACE('',#2250,60.1145833333333,0.0416787324225788);
#289=FACE_OUTER_BOUND('',#415,.T.);
#290=FACE_OUTER_BOUND('',#416,.T.);
#291=FACE_OUTER_BOUND('',#417,.T.);
#292=FACE_OUTER_BOUND('',#418,.T.);
#293=FACE_OUTER_BOUND('',#419,.T.);
#294=FACE_OUTER_BOUND('',#420,.T.);
#295=FACE_OUTER_BOUND('',#421,.T.);
#296=FACE_OUTER_BOUND('',#422,.T.);
#297=FACE_OUTER_BOUND('',#423,.T.);
#298=FACE_OUTER_BOUND('',#424,.T.);
#299=FACE_OUTER_BOUND('',#426,.T.);
#300=FACE_OUTER_BOUND('',#427,.T.);
#301=FACE_OUTER_BOUND('',#428,.T.);
#302=FACE_OUTER_BOUND('',#429,.T.);
#303=FACE_OUTER_BOUND('',#430,.T.);
#304=FACE_OUTER_BOUND('',#431,.T.);
#305=FACE_OUTER_BOUND('',#432,.T.);
#306=FACE_OUTER_BOUND('',#433,.T.);
#307=FACE_OUTER_BOUND('',#434,.T.);
#308=FACE_OUTER_BOUND('',#435,.T.);
#309=FACE_OUTER_BOUND('',#436,.T.);
#310=FACE_OUTER_BOUND('',#437,.T.);
#311=FACE_OUTER_BOUND('',#438,.T.);
#312=FACE_OUTER_BOUND('',#439,.T.);
#313=FACE_OUTER_BOUND('',#440,.T.);
#314=FACE_OUTER_BOUND('',#441,.T.);
#315=FACE_OUTER_BOUND('',#442,.T.);
#316=FACE_OUTER_BOUND('',#443,.T.);
#317=FACE_OUTER_BOUND('',#444,.T.);
#318=FACE_OUTER_BOUND('',#445,.T.);
#319=FACE_OUTER_BOUND('',#446,.T.);
#320=FACE_OUTER_BOUND('',#447,.T.);
#321=FACE_OUTER_BOUND('',#448,.T.);
#322=FACE_OUTER_BOUND('',#449,.T.);
#323=FACE_OUTER_BOUND('',#450,.T.);
#324=FACE_OUTER_BOUND('',#451,.T.);
#325=FACE_OUTER_BOUND('',#452,.T.);
#326=FACE_OUTER_BOUND('',#453,.T.);
#327=FACE_OUTER_BOUND('',#454,.T.);
#328=FACE_OUTER_BOUND('',#455,.T.);
#329=FACE_OUTER_BOUND('',#456,.T.);
#330=FACE_OUTER_BOUND('',#457,.T.);
#331=FACE_OUTER_BOUND('',#458,.T.);
#332=FACE_OUTER_BOUND('',#459,.T.);
#333=FACE_OUTER_BOUND('',#460,.T.);
#334=FACE_OUTER_BOUND('',#461,.T.);
#335=FACE_OUTER_BOUND('',#462,.T.);
#336=FACE_OUTER_BOUND('',#463,.T.);
#337=FACE_OUTER_BOUND('',#464,.T.);
#338=FACE_OUTER_BOUND('',#465,.T.);
#339=FACE_OUTER_BOUND('',#466,.T.);
#340=FACE_OUTER_BOUND('',#467,.T.);
#341=FACE_OUTER_BOUND('',#468,.T.);
#342=FACE_OUTER_BOUND('',#469,.T.);
#343=FACE_OUTER_BOUND('',#470,.T.);
#344=FACE_OUTER_BOUND('',#471,.T.);
#345=FACE_OUTER_BOUND('',#472,.T.);
#346=FACE_OUTER_BOUND('',#473,.T.);
#347=FACE_OUTER_BOUND('',#474,.T.);
#348=FACE_OUTER_BOUND('',#475,.T.);
#349=FACE_OUTER_BOUND('',#476,.T.);
#350=FACE_OUTER_BOUND('',#477,.T.);
#351=FACE_OUTER_BOUND('',#478,.T.);
#352=FACE_OUTER_BOUND('',#479,.T.);
#353=FACE_OUTER_BOUND('',#480,.T.);
#354=FACE_OUTER_BOUND('',#481,.T.);
#355=FACE_OUTER_BOUND('',#482,.T.);
#356=FACE_OUTER_BOUND('',#483,.T.);
#357=FACE_OUTER_BOUND('',#484,.T.);
#358=FACE_OUTER_BOUND('',#485,.T.);
#359=FACE_OUTER_BOUND('',#487,.T.);
#360=FACE_OUTER_BOUND('',#488,.T.);
#361=FACE_OUTER_BOUND('',#489,.T.);
#362=FACE_OUTER_BOUND('',#490,.T.);
#363=FACE_OUTER_BOUND('',#492,.T.);
#364=FACE_OUTER_BOUND('',#493,.T.);
#365=FACE_OUTER_BOUND('',#494,.T.);
#366=FACE_OUTER_BOUND('',#495,.T.);
#367=FACE_OUTER_BOUND('',#496,.T.);
#368=FACE_OUTER_BOUND('',#497,.T.);
#369=FACE_OUTER_BOUND('',#498,.T.);
#370=FACE_OUTER_BOUND('',#499,.T.);
#371=FACE_OUTER_BOUND('',#500,.T.);
#372=FACE_OUTER_BOUND('',#501,.T.);
#373=FACE_OUTER_BOUND('',#502,.T.);
#374=FACE_OUTER_BOUND('',#504,.T.);
#375=FACE_OUTER_BOUND('',#505,.T.);
#376=FACE_OUTER_BOUND('',#507,.T.);
#377=FACE_OUTER_BOUND('',#508,.T.);
#378=FACE_OUTER_BOUND('',#509,.T.);
#379=FACE_OUTER_BOUND('',#510,.T.);
#380=FACE_OUTER_BOUND('',#512,.T.);
#381=FACE_OUTER_BOUND('',#513,.T.);
#382=FACE_OUTER_BOUND('',#515,.T.);
#383=FACE_OUTER_BOUND('',#516,.T.);
#384=FACE_OUTER_BOUND('',#517,.T.);
#385=FACE_OUTER_BOUND('',#519,.T.);
#386=FACE_OUTER_BOUND('',#520,.T.);
#387=FACE_OUTER_BOUND('',#521,.T.);
#388=FACE_OUTER_BOUND('',#523,.T.);
#389=FACE_OUTER_BOUND('',#524,.T.);
#390=FACE_OUTER_BOUND('',#525,.T.);
#391=FACE_OUTER_BOUND('',#526,.T.);
#392=FACE_OUTER_BOUND('',#527,.T.);
#393=FACE_OUTER_BOUND('',#528,.T.);
#394=FACE_OUTER_BOUND('',#529,.T.);
#395=FACE_OUTER_BOUND('',#530,.T.);
#396=FACE_OUTER_BOUND('',#531,.T.);
#397=FACE_OUTER_BOUND('',#532,.T.);
#398=FACE_OUTER_BOUND('',#533,.T.);
#399=FACE_OUTER_BOUND('',#534,.T.);
#400=FACE_OUTER_BOUND('',#535,.T.);
#401=FACE_OUTER_BOUND('',#543,.T.);
#402=FACE_OUTER_BOUND('',#545,.T.);
#403=FACE_OUTER_BOUND('',#546,.T.);
#404=FACE_OUTER_BOUND('',#549,.T.);
#405=FACE_OUTER_BOUND('',#550,.T.);
#406=FACE_OUTER_BOUND('',#551,.T.);
#407=FACE_OUTER_BOUND('',#552,.T.);
#408=FACE_OUTER_BOUND('',#553,.T.);
#409=FACE_OUTER_BOUND('',#554,.T.);
#410=FACE_OUTER_BOUND('',#555,.T.);
#411=FACE_OUTER_BOUND('',#556,.T.);
#412=FACE_OUTER_BOUND('',#558,.T.);
#413=FACE_OUTER_BOUND('',#559,.T.);
#414=FACE_OUTER_BOUND('',#561,.T.);
#415=EDGE_LOOP('',(#1233,#1234,#1235,#1236));
#416=EDGE_LOOP('',(#1237,#1238,#1239,#1240));
#417=EDGE_LOOP('',(#1241,#1242,#1243,#1244));
#418=EDGE_LOOP('',(#1245,#1246,#1247,#1248,#1249));
#419=EDGE_LOOP('',(#1250,#1251,#1252,#1253));
#420=EDGE_LOOP('',(#1254,#1255,#1256,#1257,#1258));
#421=EDGE_LOOP('',(#1259,#1260,#1261,#1262));
#422=EDGE_LOOP('',(#1263,#1264,#1265,#1266));
#423=EDGE_LOOP('',(#1267,#1268,#1269,#1270));
#424=EDGE_LOOP('',(#1271,#1272,#1273,#1274));
#425=EDGE_LOOP('',(#1275));
#426=EDGE_LOOP('',(#1276,#1277,#1278,#1279));
#427=EDGE_LOOP('',(#1280,#1281,#1282,#1283));
#428=EDGE_LOOP('',(#1284,#1285,#1286));
#429=EDGE_LOOP('',(#1287,#1288,#1289,#1290));
#430=EDGE_LOOP('',(#1291,#1292,#1293));
#431=EDGE_LOOP('',(#1294,#1295,#1296,#1297));
#432=EDGE_LOOP('',(#1298,#1299,#1300,#1301,#1302,#1303));
#433=EDGE_LOOP('',(#1304,#1305,#1306,#1307));
#434=EDGE_LOOP('',(#1308,#1309,#1310,#1311));
#435=EDGE_LOOP('',(#1312,#1313,#1314,#1315));
#436=EDGE_LOOP('',(#1316,#1317,#1318,#1319));
#437=EDGE_LOOP('',(#1320,#1321,#1322));
#438=EDGE_LOOP('',(#1323,#1324,#1325,#1326));
#439=EDGE_LOOP('',(#1327,#1328,#1329));
#440=EDGE_LOOP('',(#1330,#1331,#1332,#1333));
#441=EDGE_LOOP('',(#1334,#1335,#1336,#1337,#1338,#1339,#1340,#1341,#1342,
#1343,#1344,#1345,#1346,#1347,#1348,#1349,#1350,#1351));
#442=EDGE_LOOP('',(#1352,#1353,#1354,#1355));
#443=EDGE_LOOP('',(#1356,#1357,#1358,#1359,#1360,#1361,#1362,#1363,#1364,
#1365,#1366,#1367,#1368,#1369,#1370,#1371,#1372,#1373,#1374,#1375,#1376,
#1377));
#444=EDGE_LOOP('',(#1378,#1379,#1380,#1381));
#445=EDGE_LOOP('',(#1382,#1383,#1384,#1385));
#446=EDGE_LOOP('',(#1386,#1387,#1388,#1389));
#447=EDGE_LOOP('',(#1390,#1391,#1392,#1393));
#448=EDGE_LOOP('',(#1394,#1395,#1396));
#449=EDGE_LOOP('',(#1397,#1398,#1399,#1400));
#450=EDGE_LOOP('',(#1401,#1402,#1403));
#451=EDGE_LOOP('',(#1404,#1405,#1406,#1407));
#452=EDGE_LOOP('',(#1408,#1409,#1410,#1411));
#453=EDGE_LOOP('',(#1412,#1413,#1414,#1415));
#454=EDGE_LOOP('',(#1416,#1417,#1418,#1419));
#455=EDGE_LOOP('',(#1420,#1421,#1422));
#456=EDGE_LOOP('',(#1423,#1424,#1425,#1426));
#457=EDGE_LOOP('',(#1427,#1428,#1429));
#458=EDGE_LOOP('',(#1430,#1431,#1432,#1433,#1434));
#459=EDGE_LOOP('',(#1435,#1436,#1437,#1438,#1439));
#460=EDGE_LOOP('',(#1440));
#461=EDGE_LOOP('',(#1441,#1442,#1443,#1444));
#462=EDGE_LOOP('',(#1445,#1446,#1447));
#463=EDGE_LOOP('',(#1448,#1449,#1450,#1451));
#464=EDGE_LOOP('',(#1452,#1453,#1454,#1455));
#465=EDGE_LOOP('',(#1456,#1457,#1458,#1459));
#466=EDGE_LOOP('',(#1460,#1461,#1462));
#467=EDGE_LOOP('',(#1463,#1464,#1465,#1466));
#468=EDGE_LOOP('',(#1467,#1468,#1469,#1470));
#469=EDGE_LOOP('',(#1471,#1472,#1473,#1474));
#470=EDGE_LOOP('',(#1475,#1476,#1477,#1478));
#471=EDGE_LOOP('',(#1479,#1480,#1481,#1482));
#472=EDGE_LOOP('',(#1483,#1484,#1485));
#473=EDGE_LOOP('',(#1486,#1487,#1488,#1489));
#474=EDGE_LOOP('',(#1490,#1491,#1492));
#475=EDGE_LOOP('',(#1493,#1494,#1495,#1496));
#476=EDGE_LOOP('',(#1497,#1498,#1499,#1500,#1501,#1502,#1503));
#477=EDGE_LOOP('',(#1504,#1505,#1506));
#478=EDGE_LOOP('',(#1507,#1508,#1509,#1510));
#479=EDGE_LOOP('',(#1511,#1512,#1513));
#480=EDGE_LOOP('',(#1514,#1515,#1516,#1517));
#481=EDGE_LOOP('',(#1518,#1519,#1520));
#482=EDGE_LOOP('',(#1521,#1522,#1523,#1524));
#483=EDGE_LOOP('',(#1525,#1526,#1527));
#484=EDGE_LOOP('',(#1528,#1529,#1530,#1531));
#485=EDGE_LOOP('',(#1532,#1533,#1534,#1535));
#486=EDGE_LOOP('',(#1536));
#487=EDGE_LOOP('',(#1537,#1538,#1539,#1540));
#488=EDGE_LOOP('',(#1541,#1542,#1543,#1544));
#489=EDGE_LOOP('',(#1545,#1546,#1547,#1548));
#490=EDGE_LOOP('',(#1549,#1550,#1551,#1552));
#491=EDGE_LOOP('',(#1553));
#492=EDGE_LOOP('',(#1554,#1555,#1556,#1557,#1558,#1559,#1560,#1561));
#493=EDGE_LOOP('',(#1562,#1563,#1564,#1565,#1566,#1567,#1568,#1569));
#494=EDGE_LOOP('',(#1570,#1571,#1572,#1573));
#495=EDGE_LOOP('',(#1574,#1575,#1576,#1577));
#496=EDGE_LOOP('',(#1578,#1579,#1580,#1581));
#497=EDGE_LOOP('',(#1582,#1583,#1584,#1585));
#498=EDGE_LOOP('',(#1586,#1587,#1588));
#499=EDGE_LOOP('',(#1589,#1590,#1591,#1592));
#500=EDGE_LOOP('',(#1593,#1594,#1595,#1596));
#501=EDGE_LOOP('',(#1597,#1598,#1599,#1600));
#502=EDGE_LOOP('',(#1601));
#503=EDGE_LOOP('',(#1602));
#504=EDGE_LOOP('',(#1603,#1604,#1605,#1606));
#505=EDGE_LOOP('',(#1607));
#506=EDGE_LOOP('',(#1608));
#507=EDGE_LOOP('',(#1609,#1610,#1611,#1612));
#508=EDGE_LOOP('',(#1613,#1614));
#509=EDGE_LOOP('',(#1615,#1616,#1617,#1618,#1619,#1620));
#510=EDGE_LOOP('',(#1621));
#511=EDGE_LOOP('',(#1622));
#512=EDGE_LOOP('',(#1623,#1624,#1625,#1626,#1627,#1628));
#513=EDGE_LOOP('',(#1629));
#514=EDGE_LOOP('',(#1630));
#515=EDGE_LOOP('',(#1631,#1632,#1633,#1634,#1635,#1636));
#516=EDGE_LOOP('',(#1637,#1638,#1639,#1640,#1641));
#517=EDGE_LOOP('',(#1642));
#518=EDGE_LOOP('',(#1643));
#519=EDGE_LOOP('',(#1644,#1645,#1646,#1647,#1648,#1649));
#520=EDGE_LOOP('',(#1650,#1651,#1652,#1653));
#521=EDGE_LOOP('',(#1654));
#522=EDGE_LOOP('',(#1655));
#523=EDGE_LOOP('',(#1656,#1657,#1658,#1659));
#524=EDGE_LOOP('',(#1660));
#525=EDGE_LOOP('',(#1661,#1662,#1663,#1664));
#526=EDGE_LOOP('',(#1665,#1666,#1667,#1668,#1669,#1670,#1671,#1672,#1673,
#1674,#1675));
#527=EDGE_LOOP('',(#1676,#1677,#1678,#1679));
#528=EDGE_LOOP('',(#1680,#1681,#1682,#1683,#1684,#1685));
#529=EDGE_LOOP('',(#1686,#1687,#1688,#1689));
#530=EDGE_LOOP('',(#1690));
#531=EDGE_LOOP('',(#1691,#1692,#1693,#1694));
#532=EDGE_LOOP('',(#1695,#1696,#1697,#1698));
#533=EDGE_LOOP('',(#1699,#1700,#1701,#1702,#1703,#1704,#1705));
#534=EDGE_LOOP('',(#1706));
#535=EDGE_LOOP('',(#1707,#1708,#1709,#1710,#1711,#1712));
#536=EDGE_LOOP('',(#1713));
#537=EDGE_LOOP('',(#1714));
#538=EDGE_LOOP('',(#1715,#1716,#1717,#1718));
#539=EDGE_LOOP('',(#1719));
#540=EDGE_LOOP('',(#1720));
#541=EDGE_LOOP('',(#1721));
#542=EDGE_LOOP('',(#1722));
#543=EDGE_LOOP('',(#1723,#1724,#1725,#1726,#1727,#1728,#1729,#1730,#1731,
#1732,#1733,#1734,#1735,#1736,#1737,#1738,#1739));
#544=EDGE_LOOP('',(#1740));
#545=EDGE_LOOP('',(#1741,#1742,#1743,#1744,#1745,#1746));
#546=EDGE_LOOP('',(#1747,#1748,#1749,#1750));
#547=EDGE_LOOP('',(#1751));
#548=EDGE_LOOP('',(#1752));
#549=EDGE_LOOP('',(#1753,#1754,#1755,#1756));
#550=EDGE_LOOP('',(#1757,#1758,#1759,#1760));
#551=EDGE_LOOP('',(#1761));
#552=EDGE_LOOP('',(#1762,#1763,#1764,#1765));
#553=EDGE_LOOP('',(#1766,#1767,#1768,#1769));
#554=EDGE_LOOP('',(#1770,#1771,#1772,#1773));
#555=EDGE_LOOP('',(#1774,#1775,#1776,#1777));
#556=EDGE_LOOP('',(#1778,#1779,#1780,#1781));
#557=EDGE_LOOP('',(#1782));
#558=EDGE_LOOP('',(#1783,#1784,#1785,#1786));
#559=EDGE_LOOP('',(#1787));
#560=EDGE_LOOP('',(#1788));
#561=EDGE_LOOP('',(#1789,#1790,#1791,#1792));
#562=B_SPLINE_CURVE_WITH_KNOTS('',3,(#2933,#2934,#2935,#2936),
 .UNSPECIFIED.,.F.,.F.,(4,4),(-0.236253450670282,0.),.UNSPECIFIED.);
#563=B_SPLINE_CURVE_WITH_KNOTS('',3,(#2941,#2942,#2943,#2944),
 .UNSPECIFIED.,.F.,.F.,(4,4),(-0.236253450667432,0.),.UNSPECIFIED.);
#564=B_SPLINE_CURVE_WITH_KNOTS('',3,(#2981,#2982,#2983,#2984,#2985,#2986,
#2987,#2988,#2989,#2990),.UNSPECIFIED.,.F.,.F.,(4,2,2,2,4),(0.658488792808009,
0.719289317134377,0.801944119469377,0.923883193055012,0.924474873856901),
 .UNSPECIFIED.);
#565=B_SPLINE_CURVE_WITH_KNOTS('',3,(#3001,#3002,#3003,#3004,#3005,#3006,
#3007,#3008,#3009,#3010),.UNSPECIFIED.,.F.,.F.,(4,2,2,2,4),(-0.00064375049949365,
0.,0.132670066143611,0.22259875531162,0.288749920143364),.UNSPECIFIED.);
#566=B_SPLINE_CURVE_WITH_KNOTS('',3,(#3028,#3029,#3030,#3031,#3032,#3033),
 .UNSPECIFIED.,.F.,.F.,(4,2,4),(1.86001065032249,2.06379341727237,2.09499100107544),
 .UNSPECIFIED.);
#567=B_SPLINE_CURVE_WITH_KNOTS('',3,(#3039,#3040,#3041,#3042,#3043,#3044,
#3045,#3046),.UNSPECIFIED.,.F.,.F.,(4,2,2,4),(0.647884848104491,0.702674367551412,
0.839888521846132,0.840539860989761),.UNSPECIFIED.);
#568=B_SPLINE_CURVE_WITH_KNOTS('',3,(#3050,#3051,#3052,#3053,#3054,#3055),
 .UNSPECIFIED.,.F.,.F.,(4,2,4),(2.83391050759052,2.91251773705728,3.17130190797389),
 .UNSPECIFIED.);
#569=B_SPLINE_CURVE_WITH_KNOTS('',3,(#3061,#3062,#3063,#3064,#3065,#3066,
#3067,#3068),.UNSPECIFIED.,.F.,.F.,(4,2,2,4),(-0.000651339509673419,0.,
0.137230237089565,0.192027949424622),.UNSPECIFIED.);
#570=B_SPLINE_CURVE_WITH_KNOTS('',3,(#3318,#3319,#3320,#3321,#3322,#3323,
#3324,#3325,#3326,#3327,#3328,#3329),.UNSPECIFIED.,.F.,.F.,(4,2,2,2,2,4),
(2.37364139437244,2.61906057292728,2.86447975148212,3.09268322043521,3.32088668938831,
3.38198609019857),.UNSPECIFIED.);
#571=B_SPLINE_CURVE_WITH_KNOTS('',3,(#3409,#3410,#3411,#3412,#3413,#3414,
#3415,#3416,#3417,#3418,#3419,#3420),.UNSPECIFIED.,.F.,.F.,(4,2,2,2,2,4),
(0.392695666385097,0.453795067195365,0.681998536148457,0.910202005101548,
1.15562118365639,1.40104036221123),.UNSPECIFIED.);
#572=B_SPLINE_CURVE_WITH_KNOTS('',3,(#3421,#3422,#3423,#3424,#3425,#3426,
#3427,#3428,#3429,#3430,#3431,#3432,#3433,#3434,#3435,#3436,#3437,#3438,
#3439,#3440,#3441,#3442,#3443,#3444,#3445,#3446),.UNSPECIFIED.,.F.,.F.,
(4,2,2,2,2,2,2,2,2,2,2,2,4),(1.11206792291938,1.39986115456623,1.86648153942163,
2.16947718532548,2.47247283122932,2.74026103759549,3.00804924396167,3.27583745032785,
3.54362565669402,3.84662130259786,4.14961694850171,4.61623733335712,4.90403056500396),
 .UNSPECIFIED.);
#573=B_SPLINE_CURVE_WITH_KNOTS('',3,(#3453,#3454,#3455,#3456,#3457,#3458,
#3459,#3460,#3461,#3462,#3463,#3464,#3465,#3466),.UNSPECIFIED.,.F.,.F.,
(4,2,2,2,2,2,4),(1.11206792291938,1.39986115456623,1.86648153942164,2.16947718532548,
2.47247283122932,2.7402610375955,3.00804924396167),.UNSPECIFIED.);
#574=B_SPLINE_CURVE_WITH_KNOTS('',3,(#3468,#3469,#3470,#3471,#3472,#3473,
#3474,#3475,#3476,#3477,#3478,#3479),.UNSPECIFIED.,.F.,.F.,(4,2,2,2,2,4),
(0.486085956857625,0.724823656531971,0.976992630251547,1.20330478288789,
1.42961693552423,1.49436128070276),.UNSPECIFIED.);
#575=B_SPLINE_CURVE_WITH_KNOTS('',3,(#3483,#3484,#3485,#3486,#3487,#3488,
#3489,#3490,#3491,#3492,#3493,#3494),.UNSPECIFIED.,.F.,.F.,(4,2,2,2,2,4),
(2.28000373416661,2.34474807934514,2.57106023198148,2.79737238461782,3.0495413583374,
3.28827905801174),.UNSPECIFIED.);
#576=B_SPLINE_CURVE_WITH_KNOTS('',3,(#3495,#3496,#3497,#3498,#3499,#3500,
#3501,#3502,#3503,#3504,#3505,#3506,#3507,#3508),.UNSPECIFIED.,.F.,.F.,
(4,2,2,2,2,2,4),(3.00804924396167,3.27583745032785,3.54362565669402,3.84662130259787,
4.14961694850171,4.61623733335712,4.90403056500396),.UNSPECIFIED.);
#577=B_SPLINE_CURVE_WITH_KNOTS('',3,(#3512,#3513,#3514,#3515,#3516,#3517,
#3518,#3519,#3520,#3521,#3522,#3523,#3524,#3525,#3526,#3527,#3528,#3529,
#3530,#3531,#3532,#3533,#3534,#3535,#3536,#3537,#3538,#3539,#3540,#3541,
#3542,#3543,#3544,#3545),.UNSPECIFIED.,.T.,.F.,(4,2,2,2,2,2,2,2,2,2,2,2,
2,2,2,2,4),(0.,0.131935237710604,0.263870475421209,0.395805264056246,0.527740052691283,
0.65967484132632,0.791609629961357,0.923544867671961,1.05548010538257,1.18741534309317,
1.31935058080377,1.45128536943881,1.58322015807385,1.71515494670889,1.84708973534392,
1.97902497305453,2.11096021076513),.UNSPECIFIED.);
#578=LINE('',#2928,#681);
#579=LINE('',#2930,#682);
#580=LINE('',#2932,#683);
#581=LINE('',#2948,#684);
#582=LINE('',#2950,#685);
#583=LINE('',#2951,#686);
#584=LINE('',#2954,#687);
#585=LINE('',#2960,#688);
#586=LINE('',#2961,#689);
#587=LINE('',#2964,#690);
#588=LINE('',#2968,#691);
#589=LINE('',#2970,#692);
#590=LINE('',#3072,#693);
#591=LINE('',#3075,#694);
#592=LINE('',#3078,#695);
#593=LINE('',#3085,#696);
#594=LINE('',#3088,#697);
#595=LINE('',#3093,#698);
#596=LINE('',#3096,#699);
#597=LINE('',#3107,#700);
#598=LINE('',#3108,#701);
#599=LINE('',#3115,#702);
#600=LINE('',#3118,#703);
#601=LINE('',#3135,#704);
#602=LINE('',#3139,#705);
#603=LINE('',#3143,#706);
#604=LINE('',#3154,#707);
#605=LINE('',#3162,#708);
#606=LINE('',#3166,#709);
#607=LINE('',#3171,#710);
#608=LINE('',#3175,#711);
#609=LINE('',#3179,#712);
#610=LINE('',#3182,#713);
#611=LINE('',#3183,#714);
#612=LINE('',#3189,#715);
#613=LINE('',#3193,#716);
#614=LINE('',#3202,#717);
#615=LINE('',#3208,#718);
#616=LINE('',#3218,#719);
#617=LINE('',#3228,#720);
#618=LINE('',#3265,#721);
#619=LINE('',#3272,#722);
#620=LINE('',#3289,#723);
#621=LINE('',#3297,#724);
#622=LINE('',#3306,#725);
#623=LINE('',#3311,#726);
#624=LINE('',#3316,#727);
#625=LINE('',#3330,#728);
#626=LINE('',#3333,#729);
#627=LINE('',#3335,#730);
#628=LINE('',#3343,#731);
#629=LINE('',#3347,#732);
#630=LINE('',#3352,#733);
#631=LINE('',#3356,#734);
#632=LINE('',#3361,#735);
#633=LINE('',#3365,#736);
#634=LINE('',#3370,#737);
#635=LINE('',#3374,#738);
#636=LINE('',#3378,#739);
#637=LINE('',#3380,#740);
#638=LINE('',#3382,#741);
#639=LINE('',#3383,#742);
#640=LINE('',#3390,#743);
#641=LINE('',#3394,#744);
#642=LINE('',#3396,#745);
#643=LINE('',#3397,#746);
#644=LINE('',#3407,#747);
#645=LINE('',#3451,#748);
#646=LINE('',#3511,#749);
#647=LINE('',#3549,#750);
#648=LINE('',#3551,#751);
#649=LINE('',#3552,#752);
#650=LINE('',#3555,#753);
#651=LINE('',#3558,#754);
#652=LINE('',#3563,#755);
#653=LINE('',#3567,#756);
#654=LINE('',#3571,#757);
#655=LINE('',#3576,#758);
#656=LINE('',#3583,#759);
#657=LINE('',#3593,#760);
#658=LINE('',#3603,#761);
#659=LINE('',#3613,#762);
#660=LINE('',#3620,#763);
#661=LINE('',#3621,#764);
#662=LINE('',#3629,#765);
#663=LINE('',#3636,#766);
#664=LINE('',#3637,#767);
#665=LINE('',#3643,#768);
#666=LINE('',#3648,#769);
#667=LINE('',#3651,#770);
#668=LINE('',#3655,#771);
#669=LINE('',#3658,#772);
#670=LINE('',#3659,#773);
#671=LINE('',#3662,#774);
#672=LINE('',#3666,#775);
#673=LINE('',#3668,#776);
#674=LINE('',#3672,#777);
#675=LINE('',#3673,#778);
#676=LINE('',#3684,#779);
#677=LINE('',#3689,#780);
#678=LINE('',#3693,#781);
#679=LINE('',#3697,#782);
#680=LINE('',#3705,#783);
#681=VECTOR('',#2255,10.);
#682=VECTOR('',#2256,10.);
#683=VECTOR('',#2257,10.);
#684=VECTOR('',#2266,10.);
#685=VECTOR('',#2267,10.);
#686=VECTOR('',#2268,10.);
#687=VECTOR('',#2271,10.);
#688=VECTOR('',#2272,10.);
#689=VECTOR('',#2273,10.);
#690=VECTOR('',#2276,10.);
#691=VECTOR('',#2281,10.);
#692=VECTOR('',#2282,10.);
#693=VECTOR('',#2343,10.);
#694=VECTOR('',#2346,10.);
#695=VECTOR('',#2349,10.);
#696=VECTOR('',#2356,10.);
#697=VECTOR('',#2359,10.);
#698=VECTOR('',#2364,10.);
#699=VECTOR('',#2367,10.);
#700=VECTOR('',#2380,10.);
#701=VECTOR('',#2381,10.);
#702=VECTOR('',#2390,10.);
#703=VECTOR('',#2393,10.);
#704=VECTOR('',#2414,10.);
#705=VECTOR('',#2417,10.);
#706=VECTOR('',#2420,10.);
#707=VECTOR('',#2431,10.);
#708=VECTOR('',#2442,10.);
#709=VECTOR('',#2445,57.5);
#710=VECTOR('',#2450,10.);
#711=VECTOR('',#2453,10.);
#712=VECTOR('',#2456,10.);
#713=VECTOR('',#2459,10.);
#714=VECTOR('',#2460,10.);
#715=VECTOR('',#2467,10.);
#716=VECTOR('',#2472,10.);
#717=VECTOR('',#2485,10.);
#718=VECTOR('',#2494,10.);
#719=VECTOR('',#2511,10.);
#720=VECTOR('',#2528,10.);
#721=VECTOR('',#2541,3.875);
#722=VECTOR('',#2550,10.);
#723=VECTOR('',#2575,10.);
#724=VECTOR('',#2588,10.);
#725=VECTOR('',#2603,10.);
#726=VECTOR('',#2610,10.);
#727=VECTOR('',#2617,10.);
#728=VECTOR('',#2618,10.);
#729=VECTOR('',#2621,10.);
#730=VECTOR('',#2622,10.);
#731=VECTOR('',#2631,0.55);
#732=VECTOR('',#2636,1.1);
#733=VECTOR('',#2641,0.55);
#734=VECTOR('',#2646,1.1);
#735=VECTOR('',#2651,0.55);
#736=VECTOR('',#2656,1.1);
#737=VECTOR('',#2661,0.55);
#738=VECTOR('',#2666,1.1);
#739=VECTOR('',#2669,10.);
#740=VECTOR('',#2670,10.);
#741=VECTOR('',#2671,10.);
#742=VECTOR('',#2672,10.);
#743=VECTOR('',#2679,10.);
#744=VECTOR('',#2684,10.);
#745=VECTOR('',#2685,10.);
#746=VECTOR('',#2686,10.);
#747=VECTOR('',#2701,12.);
#748=VECTOR('',#2706,12.);
#749=VECTOR('',#2711,3.5);
#750=VECTOR('',#2716,10.);
#751=VECTOR('',#2719,10.);
#752=VECTOR('',#2720,10.);
#753=VECTOR('',#2723,10.);
#754=VECTOR('',#2726,10.);
#755=VECTOR('',#2731,0.6875);
#756=VECTOR('',#2736,1.375);
#757=VECTOR('',#2741,1.375);
#758=VECTOR('',#2746,10.5);
#759=VECTOR('',#2755,10.5);
#760=VECTOR('',#2770,5.);
#761=VECTOR('',#2783,5.);
#762=VECTOR('',#2796,5.);
#763=VECTOR('',#2805,10.);
#764=VECTOR('',#2806,10.);
#765=VECTOR('',#2815,5.);
#766=VECTOR('',#2824,10.);
#767=VECTOR('',#2825,10.);
#768=VECTOR('',#2832,1.375);
#769=VECTOR('',#2839,1.375);
#770=VECTOR('',#2844,10.);
#771=VECTOR('',#2849,1.375);
#772=VECTOR('',#2854,10.);
#773=VECTOR('',#2855,10.);
#774=VECTOR('',#2858,1.375);
#775=VECTOR('',#2865,10.);
#776=VECTOR('',#2868,10.);
#777=VECTOR('',#2875,10.);
#778=VECTOR('',#2876,10.);
#779=VECTOR('',#2893,59.4902346606931);
#780=VECTOR('',#2900,58.7877609880529);
#781=VECTOR('',#2905,59.5839846606931);
#782=VECTOR('',#2910,60.546875);
#783=VECTOR('',#2923,60.1145833333333);
#784=VERTEX_POINT('',#2926);
#785=VERTEX_POINT('',#2927);
#786=VERTEX_POINT('',#2929);
#787=VERTEX_POINT('',#2931);
#788=VERTEX_POINT('',#2938);
#789=VERTEX_POINT('',#2940);
#790=VERTEX_POINT('',#2947);
#791=VERTEX_POINT('',#2949);
#792=VERTEX_POINT('',#2953);
#793=VERTEX_POINT('',#2955);
#794=VERTEX_POINT('',#2959);
#795=VERTEX_POINT('',#2963);
#796=VERTEX_POINT('',#2967);
#797=VERTEX_POINT('',#2969);
#798=VERTEX_POINT('',#2975);
#799=VERTEX_POINT('',#2976);
#800=VERTEX_POINT('',#2978);
#801=VERTEX_POINT('',#2980);
#802=VERTEX_POINT('',#2993);
#803=VERTEX_POINT('',#2994);
#804=VERTEX_POINT('',#2999);
#805=VERTEX_POINT('',#3000);
#806=VERTEX_POINT('',#3015);
#807=VERTEX_POINT('',#3018);
#808=VERTEX_POINT('',#3019);
#809=VERTEX_POINT('',#3021);
#810=VERTEX_POINT('',#3023);
#811=VERTEX_POINT('',#3027);
#812=VERTEX_POINT('',#3034);
#813=VERTEX_POINT('',#3038);
#814=VERTEX_POINT('',#3049);
#815=VERTEX_POINT('',#3056);
#816=VERTEX_POINT('',#3060);
#817=VERTEX_POINT('',#3071);
#818=VERTEX_POINT('',#3073);
#819=VERTEX_POINT('',#3077);
#820=VERTEX_POINT('',#3081);
#821=VERTEX_POINT('',#3082);
#822=VERTEX_POINT('',#3084);
#823=VERTEX_POINT('',#3086);
#824=VERTEX_POINT('',#3090);
#825=VERTEX_POINT('',#3092);
#826=VERTEX_POINT('',#3094);
#827=VERTEX_POINT('',#3098);
#828=VERTEX_POINT('',#3099);
#829=VERTEX_POINT('',#3104);
#830=VERTEX_POINT('',#3105);
#831=VERTEX_POINT('',#3112);
#832=VERTEX_POINT('',#3114);
#833=VERTEX_POINT('',#3116);
#834=VERTEX_POINT('',#3122);
#835=VERTEX_POINT('',#3124);
#836=VERTEX_POINT('',#3128);
#837=VERTEX_POINT('',#3130);
#838=VERTEX_POINT('',#3132);
#839=VERTEX_POINT('',#3134);
#840=VERTEX_POINT('',#3136);
#841=VERTEX_POINT('',#3138);
#842=VERTEX_POINT('',#3140);
#843=VERTEX_POINT('',#3142);
#844=VERTEX_POINT('',#3144);
#845=VERTEX_POINT('',#3146);
#846=VERTEX_POINT('',#3148);
#847=VERTEX_POINT('',#3150);
#848=VERTEX_POINT('',#3152);
#849=VERTEX_POINT('',#3156);
#850=VERTEX_POINT('',#3161);
#851=VERTEX_POINT('',#3163);
#852=VERTEX_POINT('',#3165);
#853=VERTEX_POINT('',#3168);
#854=VERTEX_POINT('',#3170);
#855=VERTEX_POINT('',#3172);
#856=VERTEX_POINT('',#3174);
#857=VERTEX_POINT('',#3176);
#858=VERTEX_POINT('',#3178);
#859=VERTEX_POINT('',#3180);
#860=VERTEX_POINT('',#3185);
#861=VERTEX_POINT('',#3187);
#862=VERTEX_POINT('',#3192);
#863=VERTEX_POINT('',#3196);
#864=VERTEX_POINT('',#3200);
#865=VERTEX_POINT('',#3207);
#866=VERTEX_POINT('',#3217);
#867=VERTEX_POINT('',#3222);
#868=VERTEX_POINT('',#3257);
#869=VERTEX_POINT('',#3259);
#870=VERTEX_POINT('',#3261);
#871=VERTEX_POINT('',#3268);
#872=VERTEX_POINT('',#3270);
#873=VERTEX_POINT('',#3274);
#874=VERTEX_POINT('',#3279);
#875=VERTEX_POINT('',#3283);
#876=VERTEX_POINT('',#3287);
#877=VERTEX_POINT('',#3296);
#878=VERTEX_POINT('',#3300);
#879=VERTEX_POINT('',#3310);
#880=VERTEX_POINT('',#3315);
#881=VERTEX_POINT('',#3317);
#882=VERTEX_POINT('',#3332);
#883=VERTEX_POINT('',#3334);
#884=VERTEX_POINT('',#3336);
#885=VERTEX_POINT('',#3340);
#886=VERTEX_POINT('',#3342);
#887=VERTEX_POINT('',#3345);
#888=VERTEX_POINT('',#3349);
#889=VERTEX_POINT('',#3351);
#890=VERTEX_POINT('',#3354);
#891=VERTEX_POINT('',#3358);
#892=VERTEX_POINT('',#3360);
#893=VERTEX_POINT('',#3363);
#894=VERTEX_POINT('',#3367);
#895=VERTEX_POINT('',#3369);
#896=VERTEX_POINT('',#3372);
#897=VERTEX_POINT('',#3376);
#898=VERTEX_POINT('',#3377);
#899=VERTEX_POINT('',#3379);
#900=VERTEX_POINT('',#3381);
#901=VERTEX_POINT('',#3384);
#902=VERTEX_POINT('',#3387);
#903=VERTEX_POINT('',#3389);
#904=VERTEX_POINT('',#3393);
#905=VERTEX_POINT('',#3395);
#906=VERTEX_POINT('',#3402);
#907=VERTEX_POINT('',#3405);
#908=VERTEX_POINT('',#3408);
#909=VERTEX_POINT('',#3448);
#910=VERTEX_POINT('',#3450);
#911=VERTEX_POINT('',#3452);
#912=VERTEX_POINT('',#3467);
#913=VERTEX_POINT('',#3480);
#914=VERTEX_POINT('',#3482);
#915=VERTEX_POINT('',#3510);
#916=VERTEX_POINT('',#3547);
#917=VERTEX_POINT('',#3554);
#918=VERTEX_POINT('',#3556);
#919=VERTEX_POINT('',#3560);
#920=VERTEX_POINT('',#3562);
#921=VERTEX_POINT('',#3565);
#922=VERTEX_POINT('',#3569);
#923=VERTEX_POINT('',#3573);
#924=VERTEX_POINT('',#3575);
#925=VERTEX_POINT('',#3580);
#926=VERTEX_POINT('',#3582);
#927=VERTEX_POINT('',#3590);
#928=VERTEX_POINT('',#3592);
#929=VERTEX_POINT('',#3597);
#930=VERTEX_POINT('',#3600);
#931=VERTEX_POINT('',#3602);
#932=VERTEX_POINT('',#3607);
#933=VERTEX_POINT('',#3610);
#934=VERTEX_POINT('',#3612);
#935=VERTEX_POINT('',#3614);
#936=VERTEX_POINT('',#3616);
#937=VERTEX_POINT('',#3623);
#938=VERTEX_POINT('',#3626);
#939=VERTEX_POINT('',#3628);
#940=VERTEX_POINT('',#3630);
#941=VERTEX_POINT('',#3632);
#942=VERTEX_POINT('',#3639);
#943=VERTEX_POINT('',#3642);
#944=VERTEX_POINT('',#3647);
#945=VERTEX_POINT('',#3654);
#946=VERTEX_POINT('',#3661);
#947=VERTEX_POINT('',#3681);
#948=VERTEX_POINT('',#3683);
#949=VERTEX_POINT('',#3687);
#950=VERTEX_POINT('',#3691);
#951=VERTEX_POINT('',#3695);
#952=VERTEX_POINT('',#3702);
#953=EDGE_CURVE('',#784,#785,#578,.T.);
#954=EDGE_CURVE('',#785,#786,#579,.T.);
#955=EDGE_CURVE('',#786,#787,#580,.T.);
#956=EDGE_CURVE('',#787,#784,#562,.T.);
#957=EDGE_CURVE('',#787,#788,#117,.T.);
#958=EDGE_CURVE('',#788,#789,#563,.T.);
#959=EDGE_CURVE('',#789,#784,#118,.T.);
#960=EDGE_CURVE('',#788,#790,#581,.T.);
#961=EDGE_CURVE('',#790,#791,#582,.T.);
#962=EDGE_CURVE('',#791,#789,#583,.T.);
#963=EDGE_CURVE('',#792,#784,#584,.T.);
#964=EDGE_CURVE('',#793,#792,#115,.T.);
#965=EDGE_CURVE('',#794,#793,#585,.T.);
#966=EDGE_CURVE('',#785,#794,#586,.T.);
#967=EDGE_CURVE('',#789,#795,#587,.T.);
#968=EDGE_CURVE('',#795,#792,#119,.T.);
#969=EDGE_CURVE('',#791,#796,#588,.T.);
#970=EDGE_CURVE('',#797,#796,#589,.T.);
#971=EDGE_CURVE('',#795,#797,#116,.T.);
#972=EDGE_CURVE('',#798,#799,#120,.T.);
#973=EDGE_CURVE('',#799,#800,#121,.T.);
#974=EDGE_CURVE('',#800,#801,#564,.F.);
#975=EDGE_CURVE('',#801,#798,#122,.T.);
#976=EDGE_CURVE('',#802,#803,#123,.T.);
#977=EDGE_CURVE('',#803,#799,#124,.T.);
#978=EDGE_CURVE('',#798,#802,#125,.T.);
#979=EDGE_CURVE('',#804,#805,#565,.F.);
#980=EDGE_CURVE('',#805,#803,#126,.T.);
#981=EDGE_CURVE('',#802,#804,#127,.T.);
#982=EDGE_CURVE('',#804,#801,#128,.T.);
#983=EDGE_CURVE('',#806,#806,#129,.T.);
#984=EDGE_CURVE('',#807,#808,#130,.T.);
#985=EDGE_CURVE('',#808,#809,#131,.T.);
#986=EDGE_CURVE('',#809,#810,#132,.T.);
#987=EDGE_CURVE('',#810,#807,#133,.T.);
#988=EDGE_CURVE('',#811,#810,#566,.F.);
#989=EDGE_CURVE('',#809,#812,#134,.T.);
#990=EDGE_CURVE('',#812,#811,#135,.T.);
#991=EDGE_CURVE('',#813,#811,#567,.F.);
#992=EDGE_CURVE('',#812,#813,#136,.T.);
#993=EDGE_CURVE('',#814,#807,#568,.T.);
#994=EDGE_CURVE('',#814,#815,#137,.T.);
#995=EDGE_CURVE('',#815,#808,#138,.T.);
#996=EDGE_CURVE('',#816,#814,#569,.T.);
#997=EDGE_CURVE('',#816,#815,#139,.T.);
#998=EDGE_CURVE('',#812,#817,#590,.T.);
#999=EDGE_CURVE('',#817,#818,#140,.F.);
#1000=EDGE_CURVE('',#818,#813,#591,.T.);
#1001=EDGE_CURVE('',#819,#815,#592,.T.);
#1002=EDGE_CURVE('',#817,#819,#141,.T.);
#1003=EDGE_CURVE('',#820,#821,#142,.T.);
#1004=EDGE_CURVE('',#821,#822,#593,.T.);
#1005=EDGE_CURVE('',#822,#823,#143,.T.);
#1006=EDGE_CURVE('',#823,#820,#594,.T.);
#1007=EDGE_CURVE('',#824,#820,#144,.T.);
#1008=EDGE_CURVE('',#820,#825,#595,.T.);
#1009=EDGE_CURVE('',#825,#826,#145,.T.);
#1010=EDGE_CURVE('',#826,#824,#596,.T.);
#1011=EDGE_CURVE('',#827,#828,#146,.T.);
#1012=EDGE_CURVE('',#828,#826,#147,.T.);
#1013=EDGE_CURVE('',#825,#827,#148,.T.);
#1014=EDGE_CURVE('',#829,#830,#149,.T.);
#1015=EDGE_CURVE('',#830,#828,#597,.T.);
#1016=EDGE_CURVE('',#827,#829,#598,.T.);
#1017=EDGE_CURVE('',#824,#821,#150,.T.);
#1018=EDGE_CURVE('',#831,#829,#151,.T.);
#1019=EDGE_CURVE('',#829,#832,#599,.T.);
#1020=EDGE_CURVE('',#832,#833,#152,.T.);
#1021=EDGE_CURVE('',#833,#831,#600,.T.);
#1022=EDGE_CURVE('',#831,#830,#153,.T.);
#1023=EDGE_CURVE('',#824,#834,#154,.T.);
#1024=EDGE_CURVE('',#835,#834,#155,.T.);
#1025=EDGE_CURVE('',#821,#835,#156,.T.);
#1026=EDGE_CURVE('',#836,#830,#157,.T.);
#1027=EDGE_CURVE('',#837,#836,#158,.T.);
#1028=EDGE_CURVE('',#838,#837,#159,.T.);
#1029=EDGE_CURVE('',#839,#838,#601,.T.);
#1030=EDGE_CURVE('',#840,#839,#160,.T.);
#1031=EDGE_CURVE('',#841,#840,#602,.T.);
#1032=EDGE_CURVE('',#842,#841,#161,.T.);
#1033=EDGE_CURVE('',#843,#842,#603,.T.);
#1034=EDGE_CURVE('',#844,#843,#162,.T.);
#1035=EDGE_CURVE('',#845,#844,#163,.T.);
#1036=EDGE_CURVE('',#846,#845,#164,.T.);
#1037=EDGE_CURVE('',#847,#846,#165,.T.);
#1038=EDGE_CURVE('',#848,#847,#166,.T.);
#1039=EDGE_CURVE('',#834,#848,#604,.T.);
#1040=EDGE_CURVE('',#849,#831,#167,.T.);
#1041=EDGE_CURVE('',#836,#849,#168,.T.);
#1042=EDGE_CURVE('',#833,#822,#169,.T.);
#1043=EDGE_CURVE('',#850,#835,#605,.T.);
#1044=EDGE_CURVE('',#850,#851,#170,.T.);
#1045=EDGE_CURVE('',#851,#852,#606,.T.);
#1046=EDGE_CURVE('',#852,#852,#171,.T.);
#1047=EDGE_CURVE('',#851,#853,#172,.T.);
#1048=EDGE_CURVE('',#854,#853,#607,.T.);
#1049=EDGE_CURVE('',#854,#855,#173,.T.);
#1050=EDGE_CURVE('',#856,#855,#608,.T.);
#1051=EDGE_CURVE('',#856,#857,#174,.T.);
#1052=EDGE_CURVE('',#858,#857,#609,.T.);
#1053=EDGE_CURVE('',#858,#859,#175,.T.);
#1054=EDGE_CURVE('',#805,#859,#610,.T.);
#1055=EDGE_CURVE('',#849,#800,#611,.T.);
#1056=EDGE_CURVE('',#860,#858,#176,.T.);
#1057=EDGE_CURVE('',#857,#861,#177,.T.);
#1058=EDGE_CURVE('',#861,#860,#612,.T.);
#1059=EDGE_CURVE('',#838,#860,#178,.T.);
#1060=EDGE_CURVE('',#860,#862,#613,.T.);
#1061=EDGE_CURVE('',#862,#839,#179,.T.);
#1062=EDGE_CURVE('',#863,#840,#180,.T.);
#1063=EDGE_CURVE('',#862,#863,#181,.T.);
#1064=EDGE_CURVE('',#864,#841,#182,.T.);
#1065=EDGE_CURVE('',#863,#864,#614,.T.);
#1066=EDGE_CURVE('',#838,#858,#183,.T.);
#1067=EDGE_CURVE('',#855,#864,#184,.T.);
#1068=EDGE_CURVE('',#864,#865,#615,.T.);
#1069=EDGE_CURVE('',#865,#856,#185,.T.);
#1070=EDGE_CURVE('',#855,#841,#186,.T.);
#1071=EDGE_CURVE('',#859,#837,#187,.T.);
#1072=EDGE_CURVE('',#842,#854,#188,.T.);
#1073=EDGE_CURVE('',#799,#866,#616,.T.);
#1074=EDGE_CURVE('',#866,#849,#189,.T.);
#1075=EDGE_CURVE('',#836,#866,#190,.T.);
#1076=EDGE_CURVE('',#866,#867,#191,.T.);
#1077=EDGE_CURVE('',#867,#837,#192,.T.);
#1078=EDGE_CURVE('',#859,#867,#193,.T.);
#1079=EDGE_CURVE('',#867,#803,#617,.T.);
#1080=EDGE_CURVE('',#868,#868,#194,.T.);
#1081=EDGE_CURVE('',#868,#869,#195,.T.);
#1082=EDGE_CURVE('',#869,#870,#196,.T.);
#1083=EDGE_CURVE('',#870,#869,#197,.T.);
#1084=EDGE_CURVE('',#870,#806,#618,.T.);
#1085=EDGE_CURVE('',#871,#854,#198,.T.);
#1086=EDGE_CURVE('',#853,#872,#199,.T.);
#1087=EDGE_CURVE('',#872,#871,#619,.T.);
#1088=EDGE_CURVE('',#873,#819,#200,.F.);
#1089=EDGE_CURVE('',#846,#873,#201,.F.);
#1090=EDGE_CURVE('',#819,#846,#202,.F.);
#1091=EDGE_CURVE('',#874,#847,#203,.T.);
#1092=EDGE_CURVE('',#873,#874,#204,.T.);
#1093=EDGE_CURVE('',#875,#848,#205,.T.);
#1094=EDGE_CURVE('',#874,#875,#206,.T.);
#1095=EDGE_CURVE('',#876,#834,#207,.T.);
#1096=EDGE_CURVE('',#875,#876,#620,.T.);
#1097=EDGE_CURVE('',#845,#817,#208,.F.);
#1098=EDGE_CURVE('',#818,#845,#209,.F.);
#1099=EDGE_CURVE('',#842,#871,#210,.T.);
#1100=EDGE_CURVE('',#871,#877,#621,.T.);
#1101=EDGE_CURVE('',#877,#843,#211,.T.);
#1102=EDGE_CURVE('',#878,#844,#212,.T.);
#1103=EDGE_CURVE('',#877,#878,#213,.T.);
#1104=EDGE_CURVE('',#878,#818,#214,.T.);
#1105=EDGE_CURVE('',#816,#873,#622,.T.);
#1106=EDGE_CURVE('',#835,#876,#215,.T.);
#1107=EDGE_CURVE('',#876,#879,#623,.T.);
#1108=EDGE_CURVE('',#879,#850,#216,.T.);
#1109=EDGE_CURVE('',#877,#880,#624,.T.);
#1110=EDGE_CURVE('',#880,#881,#570,.T.);
#1111=EDGE_CURVE('',#878,#881,#625,.T.);
#1112=EDGE_CURVE('',#882,#872,#626,.T.);
#1113=EDGE_CURVE('',#883,#882,#627,.T.);
#1114=EDGE_CURVE('',#883,#884,#15,.T.);
#1115=EDGE_CURVE('',#884,#880,#16,.T.);
#1116=EDGE_CURVE('',#885,#885,#217,.T.);
#1117=EDGE_CURVE('',#885,#886,#628,.T.);
#1118=EDGE_CURVE('',#887,#887,#218,.T.);
#1119=EDGE_CURVE('',#887,#885,#629,.T.);
#1120=EDGE_CURVE('',#888,#888,#219,.T.);
#1121=EDGE_CURVE('',#888,#889,#630,.T.);
#1122=EDGE_CURVE('',#890,#890,#220,.T.);
#1123=EDGE_CURVE('',#890,#888,#631,.T.);
#1124=EDGE_CURVE('',#891,#891,#221,.T.);
#1125=EDGE_CURVE('',#891,#892,#632,.T.);
#1126=EDGE_CURVE('',#893,#893,#222,.T.);
#1127=EDGE_CURVE('',#893,#891,#633,.T.);
#1128=EDGE_CURVE('',#894,#894,#223,.T.);
#1129=EDGE_CURVE('',#894,#895,#634,.T.);
#1130=EDGE_CURVE('',#896,#896,#224,.T.);
#1131=EDGE_CURVE('',#896,#894,#635,.T.);
#1132=EDGE_CURVE('',#897,#898,#636,.T.);
#1133=EDGE_CURVE('',#897,#899,#637,.T.);
#1134=EDGE_CURVE('',#899,#900,#638,.T.);
#1135=EDGE_CURVE('',#898,#900,#639,.T.);
#1136=EDGE_CURVE('',#901,#901,#225,.T.);
#1137=EDGE_CURVE('',#902,#897,#226,.T.);
#1138=EDGE_CURVE('',#902,#903,#640,.T.);
#1139=EDGE_CURVE('',#903,#899,#227,.T.);
#1140=EDGE_CURVE('',#904,#902,#641,.T.);
#1141=EDGE_CURVE('',#904,#905,#642,.T.);
#1142=EDGE_CURVE('',#905,#903,#643,.T.);
#1143=EDGE_CURVE('',#898,#904,#228,.T.);
#1144=EDGE_CURVE('',#900,#905,#229,.T.);
#1145=EDGE_CURVE('',#906,#906,#230,.T.);
#1146=EDGE_CURVE('',#907,#907,#231,.T.);
#1147=EDGE_CURVE('',#907,#884,#644,.T.);
#1148=EDGE_CURVE('',#908,#883,#571,.T.);
#1149=EDGE_CURVE('',#881,#908,#572,.T.);
#1150=EDGE_CURVE('',#909,#909,#232,.T.);
#1151=EDGE_CURVE('',#909,#910,#645,.T.);
#1152=EDGE_CURVE('',#911,#910,#573,.T.);
#1153=EDGE_CURVE('',#912,#911,#574,.T.);
#1154=EDGE_CURVE('',#913,#912,#17,.T.);
#1155=EDGE_CURVE('',#914,#913,#575,.T.);
#1156=EDGE_CURVE('',#910,#914,#576,.T.);
#1157=EDGE_CURVE('',#906,#915,#646,.T.);
#1158=EDGE_CURVE('',#915,#915,#577,.T.);
#1159=EDGE_CURVE('',#916,#882,#233,.T.);
#1160=EDGE_CURVE('',#908,#916,#647,.T.);
#1161=EDGE_CURVE('',#874,#914,#648,.T.);
#1162=EDGE_CURVE('',#875,#913,#649,.T.);
#1163=EDGE_CURVE('',#911,#917,#650,.T.);
#1164=EDGE_CURVE('',#918,#917,#234,.T.);
#1165=EDGE_CURVE('',#912,#918,#651,.T.);
#1166=EDGE_CURVE('',#919,#919,#235,.T.);
#1167=EDGE_CURVE('',#919,#920,#652,.T.);
#1168=EDGE_CURVE('',#921,#921,#236,.T.);
#1169=EDGE_CURVE('',#921,#919,#653,.T.);
#1170=EDGE_CURVE('',#922,#922,#237,.T.);
#1171=EDGE_CURVE('',#922,#901,#654,.T.);
#1172=EDGE_CURVE('',#923,#923,#238,.T.);
#1173=EDGE_CURVE('',#923,#924,#655,.T.);
#1174=EDGE_CURVE('',#924,#924,#239,.T.);
#1175=EDGE_CURVE('',#925,#925,#240,.T.);
#1176=EDGE_CURVE('',#925,#926,#656,.T.);
#1177=EDGE_CURVE('',#926,#926,#241,.T.);
#1178=EDGE_CURVE('',#807,#810,#242,.T.);
#1179=EDGE_CURVE('',#927,#927,#243,.T.);
#1180=EDGE_CURVE('',#927,#928,#657,.T.);
#1181=EDGE_CURVE('',#916,#928,#244,.T.);
#1182=EDGE_CURVE('',#928,#882,#245,.T.);
#1183=EDGE_CURVE('',#929,#929,#246,.T.);
#1184=EDGE_CURVE('',#930,#930,#247,.T.);
#1185=EDGE_CURVE('',#930,#931,#658,.T.);
#1186=EDGE_CURVE('',#918,#931,#248,.T.);
#1187=EDGE_CURVE('',#931,#917,#249,.T.);
#1188=EDGE_CURVE('',#932,#932,#250,.T.);
#1189=EDGE_CURVE('',#933,#933,#251,.T.);
#1190=EDGE_CURVE('',#933,#934,#659,.T.);
#1191=EDGE_CURVE('',#934,#935,#252,.T.);
#1192=EDGE_CURVE('',#936,#935,#253,.T.);
#1193=EDGE_CURVE('',#936,#934,#254,.T.);
#1194=EDGE_CURVE('',#825,#935,#660,.T.);
#1195=EDGE_CURVE('',#827,#936,#661,.T.);
#1196=EDGE_CURVE('',#937,#937,#255,.T.);
#1197=EDGE_CURVE('',#938,#938,#256,.T.);
#1198=EDGE_CURVE('',#938,#939,#662,.T.);
#1199=EDGE_CURVE('',#940,#939,#257,.T.);
#1200=EDGE_CURVE('',#940,#941,#258,.T.);
#1201=EDGE_CURVE('',#939,#941,#259,.T.);
#1202=EDGE_CURVE('',#862,#941,#663,.T.);
#1203=EDGE_CURVE('',#863,#940,#664,.T.);
#1204=EDGE_CURVE('',#942,#942,#260,.T.);
#1205=EDGE_CURVE('',#942,#943,#665,.T.);
#1206=EDGE_CURVE('',#943,#943,#261,.T.);
#1207=EDGE_CURVE('',#929,#944,#666,.T.);
#1208=EDGE_CURVE('',#944,#944,#262,.T.);
#1209=EDGE_CURVE('',#879,#918,#667,.T.);
#1210=EDGE_CURVE('',#917,#916,#263,.T.);
#1211=EDGE_CURVE('',#937,#945,#668,.T.);
#1212=EDGE_CURVE('',#945,#945,#264,.T.);
#1213=EDGE_CURVE('',#935,#823,#669,.T.);
#1214=EDGE_CURVE('',#832,#936,#670,.T.);
#1215=EDGE_CURVE('',#932,#946,#671,.T.);
#1216=EDGE_CURVE('',#946,#946,#265,.T.);
#1217=EDGE_CURVE('',#941,#861,#672,.T.);
#1218=EDGE_CURVE('',#865,#940,#673,.T.);
#1219=EDGE_CURVE('',#796,#794,#674,.T.);
#1220=EDGE_CURVE('',#786,#790,#675,.T.);
#1221=EDGE_CURVE('',#947,#947,#266,.T.);
#1222=EDGE_CURVE('',#947,#948,#676,.T.);
#1223=EDGE_CURVE('',#948,#948,#267,.T.);
#1224=EDGE_CURVE('',#949,#949,#268,.T.);
#1225=EDGE_CURVE('',#949,#947,#677,.T.);
#1226=EDGE_CURVE('',#950,#950,#269,.T.);
#1227=EDGE_CURVE('',#950,#949,#678,.T.);
#1228=EDGE_CURVE('',#951,#951,#270,.T.);
#1229=EDGE_CURVE('',#951,#950,#679,.T.);
#1230=EDGE_CURVE('',#797,#793,#271,.T.);
#1231=EDGE_CURVE('',#952,#952,#272,.T.);
#1232=EDGE_CURVE('',#948,#952,#680,.T.);
#1233=ORIENTED_EDGE('',*,*,#953,.T.);
#1234=ORIENTED_EDGE('',*,*,#954,.T.);
#1235=ORIENTED_EDGE('',*,*,#955,.T.);
#1236=ORIENTED_EDGE('',*,*,#956,.T.);
#1237=ORIENTED_EDGE('',*,*,#957,.T.);
#1238=ORIENTED_EDGE('',*,*,#958,.T.);
#1239=ORIENTED_EDGE('',*,*,#959,.T.);
#1240=ORIENTED_EDGE('',*,*,#956,.F.);
#1241=ORIENTED_EDGE('',*,*,#960,.T.);
#1242=ORIENTED_EDGE('',*,*,#961,.T.);
#1243=ORIENTED_EDGE('',*,*,#962,.T.);
#1244=ORIENTED_EDGE('',*,*,#958,.F.);
#1245=ORIENTED_EDGE('',*,*,#953,.F.);
#1246=ORIENTED_EDGE('',*,*,#963,.F.);
#1247=ORIENTED_EDGE('',*,*,#964,.F.);
#1248=ORIENTED_EDGE('',*,*,#965,.F.);
#1249=ORIENTED_EDGE('',*,*,#966,.F.);
#1250=ORIENTED_EDGE('',*,*,#959,.F.);
#1251=ORIENTED_EDGE('',*,*,#967,.T.);
#1252=ORIENTED_EDGE('',*,*,#968,.T.);
#1253=ORIENTED_EDGE('',*,*,#963,.T.);
#1254=ORIENTED_EDGE('',*,*,#962,.F.);
#1255=ORIENTED_EDGE('',*,*,#969,.T.);
#1256=ORIENTED_EDGE('',*,*,#970,.F.);
#1257=ORIENTED_EDGE('',*,*,#971,.F.);
#1258=ORIENTED_EDGE('',*,*,#967,.F.);
#1259=ORIENTED_EDGE('',*,*,#972,.T.);
#1260=ORIENTED_EDGE('',*,*,#973,.T.);
#1261=ORIENTED_EDGE('',*,*,#974,.T.);
#1262=ORIENTED_EDGE('',*,*,#975,.T.);
#1263=ORIENTED_EDGE('',*,*,#976,.T.);
#1264=ORIENTED_EDGE('',*,*,#977,.T.);
#1265=ORIENTED_EDGE('',*,*,#972,.F.);
#1266=ORIENTED_EDGE('',*,*,#978,.T.);
#1267=ORIENTED_EDGE('',*,*,#979,.T.);
#1268=ORIENTED_EDGE('',*,*,#980,.T.);
#1269=ORIENTED_EDGE('',*,*,#976,.F.);
#1270=ORIENTED_EDGE('',*,*,#981,.T.);
#1271=ORIENTED_EDGE('',*,*,#981,.F.);
#1272=ORIENTED_EDGE('',*,*,#978,.F.);
#1273=ORIENTED_EDGE('',*,*,#975,.F.);
#1274=ORIENTED_EDGE('',*,*,#982,.F.);
#1275=ORIENTED_EDGE('',*,*,#983,.T.);
#1276=ORIENTED_EDGE('',*,*,#984,.T.);
#1277=ORIENTED_EDGE('',*,*,#985,.T.);
#1278=ORIENTED_EDGE('',*,*,#986,.T.);
#1279=ORIENTED_EDGE('',*,*,#987,.T.);
#1280=ORIENTED_EDGE('',*,*,#988,.T.);
#1281=ORIENTED_EDGE('',*,*,#986,.F.);
#1282=ORIENTED_EDGE('',*,*,#989,.T.);
#1283=ORIENTED_EDGE('',*,*,#990,.T.);
#1284=ORIENTED_EDGE('',*,*,#991,.T.);
#1285=ORIENTED_EDGE('',*,*,#990,.F.);
#1286=ORIENTED_EDGE('',*,*,#992,.T.);
#1287=ORIENTED_EDGE('',*,*,#993,.F.);
#1288=ORIENTED_EDGE('',*,*,#994,.T.);
#1289=ORIENTED_EDGE('',*,*,#995,.T.);
#1290=ORIENTED_EDGE('',*,*,#984,.F.);
#1291=ORIENTED_EDGE('',*,*,#996,.F.);
#1292=ORIENTED_EDGE('',*,*,#997,.T.);
#1293=ORIENTED_EDGE('',*,*,#994,.F.);
#1294=ORIENTED_EDGE('',*,*,#992,.F.);
#1295=ORIENTED_EDGE('',*,*,#998,.T.);
#1296=ORIENTED_EDGE('',*,*,#999,.T.);
#1297=ORIENTED_EDGE('',*,*,#1000,.T.);
#1298=ORIENTED_EDGE('',*,*,#989,.F.);
#1299=ORIENTED_EDGE('',*,*,#985,.F.);
#1300=ORIENTED_EDGE('',*,*,#995,.F.);
#1301=ORIENTED_EDGE('',*,*,#1001,.F.);
#1302=ORIENTED_EDGE('',*,*,#1002,.F.);
#1303=ORIENTED_EDGE('',*,*,#998,.F.);
#1304=ORIENTED_EDGE('',*,*,#1003,.T.);
#1305=ORIENTED_EDGE('',*,*,#1004,.T.);
#1306=ORIENTED_EDGE('',*,*,#1005,.T.);
#1307=ORIENTED_EDGE('',*,*,#1006,.T.);
#1308=ORIENTED_EDGE('',*,*,#1007,.T.);
#1309=ORIENTED_EDGE('',*,*,#1008,.T.);
#1310=ORIENTED_EDGE('',*,*,#1009,.T.);
#1311=ORIENTED_EDGE('',*,*,#1010,.T.);
#1312=ORIENTED_EDGE('',*,*,#1011,.T.);
#1313=ORIENTED_EDGE('',*,*,#1012,.T.);
#1314=ORIENTED_EDGE('',*,*,#1009,.F.);
#1315=ORIENTED_EDGE('',*,*,#1013,.T.);
#1316=ORIENTED_EDGE('',*,*,#1014,.T.);
#1317=ORIENTED_EDGE('',*,*,#1015,.T.);
#1318=ORIENTED_EDGE('',*,*,#1011,.F.);
#1319=ORIENTED_EDGE('',*,*,#1016,.T.);
#1320=ORIENTED_EDGE('',*,*,#1007,.F.);
#1321=ORIENTED_EDGE('',*,*,#1017,.T.);
#1322=ORIENTED_EDGE('',*,*,#1003,.F.);
#1323=ORIENTED_EDGE('',*,*,#1018,.T.);
#1324=ORIENTED_EDGE('',*,*,#1019,.T.);
#1325=ORIENTED_EDGE('',*,*,#1020,.T.);
#1326=ORIENTED_EDGE('',*,*,#1021,.T.);
#1327=ORIENTED_EDGE('',*,*,#1018,.F.);
#1328=ORIENTED_EDGE('',*,*,#1022,.T.);
#1329=ORIENTED_EDGE('',*,*,#1014,.F.);
#1330=ORIENTED_EDGE('',*,*,#1017,.F.);
#1331=ORIENTED_EDGE('',*,*,#1023,.T.);
#1332=ORIENTED_EDGE('',*,*,#1024,.F.);
#1333=ORIENTED_EDGE('',*,*,#1025,.F.);
#1334=ORIENTED_EDGE('',*,*,#1010,.F.);
#1335=ORIENTED_EDGE('',*,*,#1012,.F.);
#1336=ORIENTED_EDGE('',*,*,#1015,.F.);
#1337=ORIENTED_EDGE('',*,*,#1026,.F.);
#1338=ORIENTED_EDGE('',*,*,#1027,.F.);
#1339=ORIENTED_EDGE('',*,*,#1028,.F.);
#1340=ORIENTED_EDGE('',*,*,#1029,.F.);
#1341=ORIENTED_EDGE('',*,*,#1030,.F.);
#1342=ORIENTED_EDGE('',*,*,#1031,.F.);
#1343=ORIENTED_EDGE('',*,*,#1032,.F.);
#1344=ORIENTED_EDGE('',*,*,#1033,.F.);
#1345=ORIENTED_EDGE('',*,*,#1034,.F.);
#1346=ORIENTED_EDGE('',*,*,#1035,.F.);
#1347=ORIENTED_EDGE('',*,*,#1036,.F.);
#1348=ORIENTED_EDGE('',*,*,#1037,.F.);
#1349=ORIENTED_EDGE('',*,*,#1038,.F.);
#1350=ORIENTED_EDGE('',*,*,#1039,.F.);
#1351=ORIENTED_EDGE('',*,*,#1023,.F.);
#1352=ORIENTED_EDGE('',*,*,#1022,.F.);
#1353=ORIENTED_EDGE('',*,*,#1040,.F.);
#1354=ORIENTED_EDGE('',*,*,#1041,.F.);
#1355=ORIENTED_EDGE('',*,*,#1026,.T.);
#1356=ORIENTED_EDGE('',*,*,#1042,.T.);
#1357=ORIENTED_EDGE('',*,*,#1004,.F.);
#1358=ORIENTED_EDGE('',*,*,#1025,.T.);
#1359=ORIENTED_EDGE('',*,*,#1043,.F.);
#1360=ORIENTED_EDGE('',*,*,#1044,.T.);
#1361=ORIENTED_EDGE('',*,*,#1045,.T.);
#1362=ORIENTED_EDGE('',*,*,#1046,.F.);
#1363=ORIENTED_EDGE('',*,*,#1045,.F.);
#1364=ORIENTED_EDGE('',*,*,#1047,.T.);
#1365=ORIENTED_EDGE('',*,*,#1048,.F.);
#1366=ORIENTED_EDGE('',*,*,#1049,.T.);
#1367=ORIENTED_EDGE('',*,*,#1050,.F.);
#1368=ORIENTED_EDGE('',*,*,#1051,.T.);
#1369=ORIENTED_EDGE('',*,*,#1052,.F.);
#1370=ORIENTED_EDGE('',*,*,#1053,.T.);
#1371=ORIENTED_EDGE('',*,*,#1054,.F.);
#1372=ORIENTED_EDGE('',*,*,#979,.F.);
#1373=ORIENTED_EDGE('',*,*,#982,.T.);
#1374=ORIENTED_EDGE('',*,*,#974,.F.);
#1375=ORIENTED_EDGE('',*,*,#1055,.F.);
#1376=ORIENTED_EDGE('',*,*,#1040,.T.);
#1377=ORIENTED_EDGE('',*,*,#1021,.F.);
#1378=ORIENTED_EDGE('',*,*,#1056,.T.);
#1379=ORIENTED_EDGE('',*,*,#1052,.T.);
#1380=ORIENTED_EDGE('',*,*,#1057,.T.);
#1381=ORIENTED_EDGE('',*,*,#1058,.T.);
#1382=ORIENTED_EDGE('',*,*,#1059,.T.);
#1383=ORIENTED_EDGE('',*,*,#1060,.T.);
#1384=ORIENTED_EDGE('',*,*,#1061,.T.);
#1385=ORIENTED_EDGE('',*,*,#1029,.T.);
#1386=ORIENTED_EDGE('',*,*,#1062,.T.);
#1387=ORIENTED_EDGE('',*,*,#1030,.T.);
#1388=ORIENTED_EDGE('',*,*,#1061,.F.);
#1389=ORIENTED_EDGE('',*,*,#1063,.T.);
#1390=ORIENTED_EDGE('',*,*,#1064,.T.);
#1391=ORIENTED_EDGE('',*,*,#1031,.T.);
#1392=ORIENTED_EDGE('',*,*,#1062,.F.);
#1393=ORIENTED_EDGE('',*,*,#1065,.T.);
#1394=ORIENTED_EDGE('',*,*,#1059,.F.);
#1395=ORIENTED_EDGE('',*,*,#1066,.T.);
#1396=ORIENTED_EDGE('',*,*,#1056,.F.);
#1397=ORIENTED_EDGE('',*,*,#1067,.T.);
#1398=ORIENTED_EDGE('',*,*,#1068,.T.);
#1399=ORIENTED_EDGE('',*,*,#1069,.T.);
#1400=ORIENTED_EDGE('',*,*,#1050,.T.);
#1401=ORIENTED_EDGE('',*,*,#1067,.F.);
#1402=ORIENTED_EDGE('',*,*,#1070,.T.);
#1403=ORIENTED_EDGE('',*,*,#1064,.F.);
#1404=ORIENTED_EDGE('',*,*,#1066,.F.);
#1405=ORIENTED_EDGE('',*,*,#1028,.T.);
#1406=ORIENTED_EDGE('',*,*,#1071,.F.);
#1407=ORIENTED_EDGE('',*,*,#1053,.F.);
#1408=ORIENTED_EDGE('',*,*,#1070,.F.);
#1409=ORIENTED_EDGE('',*,*,#1049,.F.);
#1410=ORIENTED_EDGE('',*,*,#1072,.F.);
#1411=ORIENTED_EDGE('',*,*,#1032,.T.);
#1412=ORIENTED_EDGE('',*,*,#973,.F.);
#1413=ORIENTED_EDGE('',*,*,#1073,.T.);
#1414=ORIENTED_EDGE('',*,*,#1074,.T.);
#1415=ORIENTED_EDGE('',*,*,#1055,.T.);
#1416=ORIENTED_EDGE('',*,*,#1075,.T.);
#1417=ORIENTED_EDGE('',*,*,#1076,.T.);
#1418=ORIENTED_EDGE('',*,*,#1077,.T.);
#1419=ORIENTED_EDGE('',*,*,#1027,.T.);
#1420=ORIENTED_EDGE('',*,*,#1075,.F.);
#1421=ORIENTED_EDGE('',*,*,#1041,.T.);
#1422=ORIENTED_EDGE('',*,*,#1074,.F.);
#1423=ORIENTED_EDGE('',*,*,#980,.F.);
#1424=ORIENTED_EDGE('',*,*,#1054,.T.);
#1425=ORIENTED_EDGE('',*,*,#1078,.T.);
#1426=ORIENTED_EDGE('',*,*,#1079,.T.);
#1427=ORIENTED_EDGE('',*,*,#1078,.F.);
#1428=ORIENTED_EDGE('',*,*,#1071,.T.);
#1429=ORIENTED_EDGE('',*,*,#1077,.F.);
#1430=ORIENTED_EDGE('',*,*,#1080,.T.);
#1431=ORIENTED_EDGE('',*,*,#1081,.T.);
#1432=ORIENTED_EDGE('',*,*,#1082,.T.);
#1433=ORIENTED_EDGE('',*,*,#1083,.T.);
#1434=ORIENTED_EDGE('',*,*,#1081,.F.);
#1435=ORIENTED_EDGE('',*,*,#1083,.F.);
#1436=ORIENTED_EDGE('',*,*,#1084,.T.);
#1437=ORIENTED_EDGE('',*,*,#983,.F.);
#1438=ORIENTED_EDGE('',*,*,#1084,.F.);
#1439=ORIENTED_EDGE('',*,*,#1082,.F.);
#1440=ORIENTED_EDGE('',*,*,#1080,.F.);
#1441=ORIENTED_EDGE('',*,*,#1085,.T.);
#1442=ORIENTED_EDGE('',*,*,#1048,.T.);
#1443=ORIENTED_EDGE('',*,*,#1086,.T.);
#1444=ORIENTED_EDGE('',*,*,#1087,.T.);
#1445=ORIENTED_EDGE('',*,*,#1088,.F.);
#1446=ORIENTED_EDGE('',*,*,#1089,.F.);
#1447=ORIENTED_EDGE('',*,*,#1090,.F.);
#1448=ORIENTED_EDGE('',*,*,#1091,.T.);
#1449=ORIENTED_EDGE('',*,*,#1037,.T.);
#1450=ORIENTED_EDGE('',*,*,#1089,.T.);
#1451=ORIENTED_EDGE('',*,*,#1092,.T.);
#1452=ORIENTED_EDGE('',*,*,#1093,.T.);
#1453=ORIENTED_EDGE('',*,*,#1038,.T.);
#1454=ORIENTED_EDGE('',*,*,#1091,.F.);
#1455=ORIENTED_EDGE('',*,*,#1094,.T.);
#1456=ORIENTED_EDGE('',*,*,#1095,.T.);
#1457=ORIENTED_EDGE('',*,*,#1039,.T.);
#1458=ORIENTED_EDGE('',*,*,#1093,.F.);
#1459=ORIENTED_EDGE('',*,*,#1096,.T.);
#1460=ORIENTED_EDGE('',*,*,#999,.F.);
#1461=ORIENTED_EDGE('',*,*,#1097,.F.);
#1462=ORIENTED_EDGE('',*,*,#1098,.F.);
#1463=ORIENTED_EDGE('',*,*,#1090,.T.);
#1464=ORIENTED_EDGE('',*,*,#1036,.T.);
#1465=ORIENTED_EDGE('',*,*,#1097,.T.);
#1466=ORIENTED_EDGE('',*,*,#1002,.T.);
#1467=ORIENTED_EDGE('',*,*,#1099,.T.);
#1468=ORIENTED_EDGE('',*,*,#1100,.T.);
#1469=ORIENTED_EDGE('',*,*,#1101,.T.);
#1470=ORIENTED_EDGE('',*,*,#1033,.T.);
#1471=ORIENTED_EDGE('',*,*,#1102,.T.);
#1472=ORIENTED_EDGE('',*,*,#1034,.T.);
#1473=ORIENTED_EDGE('',*,*,#1101,.F.);
#1474=ORIENTED_EDGE('',*,*,#1103,.T.);
#1475=ORIENTED_EDGE('',*,*,#1098,.T.);
#1476=ORIENTED_EDGE('',*,*,#1035,.T.);
#1477=ORIENTED_EDGE('',*,*,#1102,.F.);
#1478=ORIENTED_EDGE('',*,*,#1104,.T.);
#1479=ORIENTED_EDGE('',*,*,#997,.F.);
#1480=ORIENTED_EDGE('',*,*,#1105,.T.);
#1481=ORIENTED_EDGE('',*,*,#1088,.T.);
#1482=ORIENTED_EDGE('',*,*,#1001,.T.);
#1483=ORIENTED_EDGE('',*,*,#1099,.F.);
#1484=ORIENTED_EDGE('',*,*,#1072,.T.);
#1485=ORIENTED_EDGE('',*,*,#1085,.F.);
#1486=ORIENTED_EDGE('',*,*,#1106,.T.);
#1487=ORIENTED_EDGE('',*,*,#1107,.T.);
#1488=ORIENTED_EDGE('',*,*,#1108,.T.);
#1489=ORIENTED_EDGE('',*,*,#1043,.T.);
#1490=ORIENTED_EDGE('',*,*,#1106,.F.);
#1491=ORIENTED_EDGE('',*,*,#1024,.T.);
#1492=ORIENTED_EDGE('',*,*,#1095,.F.);
#1493=ORIENTED_EDGE('',*,*,#1103,.F.);
#1494=ORIENTED_EDGE('',*,*,#1109,.T.);
#1495=ORIENTED_EDGE('',*,*,#1110,.T.);
#1496=ORIENTED_EDGE('',*,*,#1111,.F.);
#1497=ORIENTED_EDGE('',*,*,#1100,.F.);
#1498=ORIENTED_EDGE('',*,*,#1087,.F.);
#1499=ORIENTED_EDGE('',*,*,#1112,.F.);
#1500=ORIENTED_EDGE('',*,*,#1113,.F.);
#1501=ORIENTED_EDGE('',*,*,#1114,.T.);
#1502=ORIENTED_EDGE('',*,*,#1115,.T.);
#1503=ORIENTED_EDGE('',*,*,#1109,.F.);
#1504=ORIENTED_EDGE('',*,*,#1116,.F.);
#1505=ORIENTED_EDGE('',*,*,#1117,.T.);
#1506=ORIENTED_EDGE('',*,*,#1117,.F.);
#1507=ORIENTED_EDGE('',*,*,#1118,.F.);
#1508=ORIENTED_EDGE('',*,*,#1119,.T.);
#1509=ORIENTED_EDGE('',*,*,#1116,.T.);
#1510=ORIENTED_EDGE('',*,*,#1119,.F.);
#1511=ORIENTED_EDGE('',*,*,#1120,.F.);
#1512=ORIENTED_EDGE('',*,*,#1121,.T.);
#1513=ORIENTED_EDGE('',*,*,#1121,.F.);
#1514=ORIENTED_EDGE('',*,*,#1122,.F.);
#1515=ORIENTED_EDGE('',*,*,#1123,.T.);
#1516=ORIENTED_EDGE('',*,*,#1120,.T.);
#1517=ORIENTED_EDGE('',*,*,#1123,.F.);
#1518=ORIENTED_EDGE('',*,*,#1124,.F.);
#1519=ORIENTED_EDGE('',*,*,#1125,.T.);
#1520=ORIENTED_EDGE('',*,*,#1125,.F.);
#1521=ORIENTED_EDGE('',*,*,#1126,.F.);
#1522=ORIENTED_EDGE('',*,*,#1127,.T.);
#1523=ORIENTED_EDGE('',*,*,#1124,.T.);
#1524=ORIENTED_EDGE('',*,*,#1127,.F.);
#1525=ORIENTED_EDGE('',*,*,#1128,.F.);
#1526=ORIENTED_EDGE('',*,*,#1129,.T.);
#1527=ORIENTED_EDGE('',*,*,#1129,.F.);
#1528=ORIENTED_EDGE('',*,*,#1130,.F.);
#1529=ORIENTED_EDGE('',*,*,#1131,.T.);
#1530=ORIENTED_EDGE('',*,*,#1128,.T.);
#1531=ORIENTED_EDGE('',*,*,#1131,.F.);
#1532=ORIENTED_EDGE('',*,*,#1132,.F.);
#1533=ORIENTED_EDGE('',*,*,#1133,.T.);
#1534=ORIENTED_EDGE('',*,*,#1134,.T.);
#1535=ORIENTED_EDGE('',*,*,#1135,.F.);
#1536=ORIENTED_EDGE('',*,*,#1136,.F.);
#1537=ORIENTED_EDGE('',*,*,#1137,.F.);
#1538=ORIENTED_EDGE('',*,*,#1138,.T.);
#1539=ORIENTED_EDGE('',*,*,#1139,.T.);
#1540=ORIENTED_EDGE('',*,*,#1133,.F.);
#1541=ORIENTED_EDGE('',*,*,#1140,.F.);
#1542=ORIENTED_EDGE('',*,*,#1141,.T.);
#1543=ORIENTED_EDGE('',*,*,#1142,.T.);
#1544=ORIENTED_EDGE('',*,*,#1138,.F.);
#1545=ORIENTED_EDGE('',*,*,#1143,.F.);
#1546=ORIENTED_EDGE('',*,*,#1135,.T.);
#1547=ORIENTED_EDGE('',*,*,#1144,.T.);
#1548=ORIENTED_EDGE('',*,*,#1141,.F.);
#1549=ORIENTED_EDGE('',*,*,#1144,.F.);
#1550=ORIENTED_EDGE('',*,*,#1134,.F.);
#1551=ORIENTED_EDGE('',*,*,#1139,.F.);
#1552=ORIENTED_EDGE('',*,*,#1142,.F.);
#1553=ORIENTED_EDGE('',*,*,#1145,.F.);
#1554=ORIENTED_EDGE('',*,*,#1146,.F.);
#1555=ORIENTED_EDGE('',*,*,#1147,.T.);
#1556=ORIENTED_EDGE('',*,*,#1114,.F.);
#1557=ORIENTED_EDGE('',*,*,#1148,.F.);
#1558=ORIENTED_EDGE('',*,*,#1149,.F.);
#1559=ORIENTED_EDGE('',*,*,#1110,.F.);
#1560=ORIENTED_EDGE('',*,*,#1115,.F.);
#1561=ORIENTED_EDGE('',*,*,#1147,.F.);
#1562=ORIENTED_EDGE('',*,*,#1150,.F.);
#1563=ORIENTED_EDGE('',*,*,#1151,.T.);
#1564=ORIENTED_EDGE('',*,*,#1152,.F.);
#1565=ORIENTED_EDGE('',*,*,#1153,.F.);
#1566=ORIENTED_EDGE('',*,*,#1154,.F.);
#1567=ORIENTED_EDGE('',*,*,#1155,.F.);
#1568=ORIENTED_EDGE('',*,*,#1156,.F.);
#1569=ORIENTED_EDGE('',*,*,#1151,.F.);
#1570=ORIENTED_EDGE('',*,*,#1145,.T.);
#1571=ORIENTED_EDGE('',*,*,#1157,.T.);
#1572=ORIENTED_EDGE('',*,*,#1158,.F.);
#1573=ORIENTED_EDGE('',*,*,#1157,.F.);
#1574=ORIENTED_EDGE('',*,*,#1148,.T.);
#1575=ORIENTED_EDGE('',*,*,#1113,.T.);
#1576=ORIENTED_EDGE('',*,*,#1159,.F.);
#1577=ORIENTED_EDGE('',*,*,#1160,.F.);
#1578=ORIENTED_EDGE('',*,*,#1094,.F.);
#1579=ORIENTED_EDGE('',*,*,#1161,.T.);
#1580=ORIENTED_EDGE('',*,*,#1155,.T.);
#1581=ORIENTED_EDGE('',*,*,#1162,.F.);
#1582=ORIENTED_EDGE('',*,*,#1153,.T.);
#1583=ORIENTED_EDGE('',*,*,#1163,.T.);
#1584=ORIENTED_EDGE('',*,*,#1164,.F.);
#1585=ORIENTED_EDGE('',*,*,#1165,.F.);
#1586=ORIENTED_EDGE('',*,*,#1166,.F.);
#1587=ORIENTED_EDGE('',*,*,#1167,.T.);
#1588=ORIENTED_EDGE('',*,*,#1167,.F.);
#1589=ORIENTED_EDGE('',*,*,#1168,.F.);
#1590=ORIENTED_EDGE('',*,*,#1169,.T.);
#1591=ORIENTED_EDGE('',*,*,#1166,.T.);
#1592=ORIENTED_EDGE('',*,*,#1169,.F.);
#1593=ORIENTED_EDGE('',*,*,#1170,.F.);
#1594=ORIENTED_EDGE('',*,*,#1171,.T.);
#1595=ORIENTED_EDGE('',*,*,#1136,.T.);
#1596=ORIENTED_EDGE('',*,*,#1171,.F.);
#1597=ORIENTED_EDGE('',*,*,#1172,.F.);
#1598=ORIENTED_EDGE('',*,*,#1173,.T.);
#1599=ORIENTED_EDGE('',*,*,#1174,.T.);
#1600=ORIENTED_EDGE('',*,*,#1173,.F.);
#1601=ORIENTED_EDGE('',*,*,#1174,.F.);
#1602=ORIENTED_EDGE('',*,*,#1170,.T.);
#1603=ORIENTED_EDGE('',*,*,#1175,.F.);
#1604=ORIENTED_EDGE('',*,*,#1176,.T.);
#1605=ORIENTED_EDGE('',*,*,#1177,.T.);
#1606=ORIENTED_EDGE('',*,*,#1176,.F.);
#1607=ORIENTED_EDGE('',*,*,#1177,.F.);
#1608=ORIENTED_EDGE('',*,*,#1168,.T.);
#1609=ORIENTED_EDGE('',*,*,#977,.F.);
#1610=ORIENTED_EDGE('',*,*,#1079,.F.);
#1611=ORIENTED_EDGE('',*,*,#1076,.F.);
#1612=ORIENTED_EDGE('',*,*,#1073,.F.);
#1613=ORIENTED_EDGE('',*,*,#987,.F.);
#1614=ORIENTED_EDGE('',*,*,#1178,.F.);
#1615=ORIENTED_EDGE('',*,*,#1179,.T.);
#1616=ORIENTED_EDGE('',*,*,#1180,.T.);
#1617=ORIENTED_EDGE('',*,*,#1181,.F.);
#1618=ORIENTED_EDGE('',*,*,#1159,.T.);
#1619=ORIENTED_EDGE('',*,*,#1182,.F.);
#1620=ORIENTED_EDGE('',*,*,#1180,.F.);
#1621=ORIENTED_EDGE('',*,*,#1179,.F.);
#1622=ORIENTED_EDGE('',*,*,#1183,.T.);
#1623=ORIENTED_EDGE('',*,*,#1184,.T.);
#1624=ORIENTED_EDGE('',*,*,#1185,.T.);
#1625=ORIENTED_EDGE('',*,*,#1186,.F.);
#1626=ORIENTED_EDGE('',*,*,#1164,.T.);
#1627=ORIENTED_EDGE('',*,*,#1187,.F.);
#1628=ORIENTED_EDGE('',*,*,#1185,.F.);
#1629=ORIENTED_EDGE('',*,*,#1184,.F.);
#1630=ORIENTED_EDGE('',*,*,#1188,.T.);
#1631=ORIENTED_EDGE('',*,*,#1189,.T.);
#1632=ORIENTED_EDGE('',*,*,#1190,.T.);
#1633=ORIENTED_EDGE('',*,*,#1191,.T.);
#1634=ORIENTED_EDGE('',*,*,#1192,.F.);
#1635=ORIENTED_EDGE('',*,*,#1193,.T.);
#1636=ORIENTED_EDGE('',*,*,#1190,.F.);
#1637=ORIENTED_EDGE('',*,*,#1013,.F.);
#1638=ORIENTED_EDGE('',*,*,#1194,.T.);
#1639=ORIENTED_EDGE('',*,*,#1191,.F.);
#1640=ORIENTED_EDGE('',*,*,#1193,.F.);
#1641=ORIENTED_EDGE('',*,*,#1195,.F.);
#1642=ORIENTED_EDGE('',*,*,#1189,.F.);
#1643=ORIENTED_EDGE('',*,*,#1196,.T.);
#1644=ORIENTED_EDGE('',*,*,#1197,.T.);
#1645=ORIENTED_EDGE('',*,*,#1198,.T.);
#1646=ORIENTED_EDGE('',*,*,#1199,.F.);
#1647=ORIENTED_EDGE('',*,*,#1200,.T.);
#1648=ORIENTED_EDGE('',*,*,#1201,.F.);
#1649=ORIENTED_EDGE('',*,*,#1198,.F.);
#1650=ORIENTED_EDGE('',*,*,#1063,.F.);
#1651=ORIENTED_EDGE('',*,*,#1202,.T.);
#1652=ORIENTED_EDGE('',*,*,#1200,.F.);
#1653=ORIENTED_EDGE('',*,*,#1203,.F.);
#1654=ORIENTED_EDGE('',*,*,#1197,.F.);
#1655=ORIENTED_EDGE('',*,*,#1204,.T.);
#1656=ORIENTED_EDGE('',*,*,#1204,.F.);
#1657=ORIENTED_EDGE('',*,*,#1205,.T.);
#1658=ORIENTED_EDGE('',*,*,#1206,.F.);
#1659=ORIENTED_EDGE('',*,*,#1205,.F.);
#1660=ORIENTED_EDGE('',*,*,#1206,.T.);
#1661=ORIENTED_EDGE('',*,*,#1183,.F.);
#1662=ORIENTED_EDGE('',*,*,#1207,.T.);
#1663=ORIENTED_EDGE('',*,*,#1208,.F.);
#1664=ORIENTED_EDGE('',*,*,#1207,.F.);
#1665=ORIENTED_EDGE('',*,*,#1181,.T.);
#1666=ORIENTED_EDGE('',*,*,#1182,.T.);
#1667=ORIENTED_EDGE('',*,*,#1112,.T.);
#1668=ORIENTED_EDGE('',*,*,#1086,.F.);
#1669=ORIENTED_EDGE('',*,*,#1047,.F.);
#1670=ORIENTED_EDGE('',*,*,#1044,.F.);
#1671=ORIENTED_EDGE('',*,*,#1108,.F.);
#1672=ORIENTED_EDGE('',*,*,#1209,.T.);
#1673=ORIENTED_EDGE('',*,*,#1186,.T.);
#1674=ORIENTED_EDGE('',*,*,#1187,.T.);
#1675=ORIENTED_EDGE('',*,*,#1210,.T.);
#1676=ORIENTED_EDGE('',*,*,#1196,.F.);
#1677=ORIENTED_EDGE('',*,*,#1211,.T.);
#1678=ORIENTED_EDGE('',*,*,#1212,.F.);
#1679=ORIENTED_EDGE('',*,*,#1211,.F.);
#1680=ORIENTED_EDGE('',*,*,#1192,.T.);
#1681=ORIENTED_EDGE('',*,*,#1213,.T.);
#1682=ORIENTED_EDGE('',*,*,#1005,.F.);
#1683=ORIENTED_EDGE('',*,*,#1042,.F.);
#1684=ORIENTED_EDGE('',*,*,#1020,.F.);
#1685=ORIENTED_EDGE('',*,*,#1214,.T.);
#1686=ORIENTED_EDGE('',*,*,#1188,.F.);
#1687=ORIENTED_EDGE('',*,*,#1215,.T.);
#1688=ORIENTED_EDGE('',*,*,#1216,.F.);
#1689=ORIENTED_EDGE('',*,*,#1215,.F.);
#1690=ORIENTED_EDGE('',*,*,#1208,.T.);
#1691=ORIENTED_EDGE('',*,*,#1058,.F.);
#1692=ORIENTED_EDGE('',*,*,#1217,.F.);
#1693=ORIENTED_EDGE('',*,*,#1202,.F.);
#1694=ORIENTED_EDGE('',*,*,#1060,.F.);
#1695=ORIENTED_EDGE('',*,*,#1065,.F.);
#1696=ORIENTED_EDGE('',*,*,#1203,.T.);
#1697=ORIENTED_EDGE('',*,*,#1218,.F.);
#1698=ORIENTED_EDGE('',*,*,#1068,.F.);
#1699=ORIENTED_EDGE('',*,*,#1199,.T.);
#1700=ORIENTED_EDGE('',*,*,#1201,.T.);
#1701=ORIENTED_EDGE('',*,*,#1217,.T.);
#1702=ORIENTED_EDGE('',*,*,#1057,.F.);
#1703=ORIENTED_EDGE('',*,*,#1051,.F.);
#1704=ORIENTED_EDGE('',*,*,#1069,.F.);
#1705=ORIENTED_EDGE('',*,*,#1218,.T.);
#1706=ORIENTED_EDGE('',*,*,#1216,.T.);
#1707=ORIENTED_EDGE('',*,*,#954,.F.);
#1708=ORIENTED_EDGE('',*,*,#966,.T.);
#1709=ORIENTED_EDGE('',*,*,#1219,.F.);
#1710=ORIENTED_EDGE('',*,*,#969,.F.);
#1711=ORIENTED_EDGE('',*,*,#961,.F.);
#1712=ORIENTED_EDGE('',*,*,#1220,.F.);
#1713=ORIENTED_EDGE('',*,*,#1150,.T.);
#1714=ORIENTED_EDGE('',*,*,#1146,.T.);
#1715=ORIENTED_EDGE('',*,*,#1132,.T.);
#1716=ORIENTED_EDGE('',*,*,#1143,.T.);
#1717=ORIENTED_EDGE('',*,*,#1140,.T.);
#1718=ORIENTED_EDGE('',*,*,#1137,.T.);
#1719=ORIENTED_EDGE('',*,*,#1130,.T.);
#1720=ORIENTED_EDGE('',*,*,#1126,.T.);
#1721=ORIENTED_EDGE('',*,*,#1122,.T.);
#1722=ORIENTED_EDGE('',*,*,#1118,.T.);
#1723=ORIENTED_EDGE('',*,*,#1104,.F.);
#1724=ORIENTED_EDGE('',*,*,#1111,.T.);
#1725=ORIENTED_EDGE('',*,*,#1149,.T.);
#1726=ORIENTED_EDGE('',*,*,#1160,.T.);
#1727=ORIENTED_EDGE('',*,*,#1210,.F.);
#1728=ORIENTED_EDGE('',*,*,#1163,.F.);
#1729=ORIENTED_EDGE('',*,*,#1152,.T.);
#1730=ORIENTED_EDGE('',*,*,#1156,.T.);
#1731=ORIENTED_EDGE('',*,*,#1161,.F.);
#1732=ORIENTED_EDGE('',*,*,#1092,.F.);
#1733=ORIENTED_EDGE('',*,*,#1105,.F.);
#1734=ORIENTED_EDGE('',*,*,#996,.T.);
#1735=ORIENTED_EDGE('',*,*,#993,.T.);
#1736=ORIENTED_EDGE('',*,*,#1178,.T.);
#1737=ORIENTED_EDGE('',*,*,#988,.F.);
#1738=ORIENTED_EDGE('',*,*,#991,.F.);
#1739=ORIENTED_EDGE('',*,*,#1000,.F.);
#1740=ORIENTED_EDGE('',*,*,#1158,.T.);
#1741=ORIENTED_EDGE('',*,*,#1096,.F.);
#1742=ORIENTED_EDGE('',*,*,#1162,.T.);
#1743=ORIENTED_EDGE('',*,*,#1154,.T.);
#1744=ORIENTED_EDGE('',*,*,#1165,.T.);
#1745=ORIENTED_EDGE('',*,*,#1209,.F.);
#1746=ORIENTED_EDGE('',*,*,#1107,.F.);
#1747=ORIENTED_EDGE('',*,*,#955,.F.);
#1748=ORIENTED_EDGE('',*,*,#1220,.T.);
#1749=ORIENTED_EDGE('',*,*,#960,.F.);
#1750=ORIENTED_EDGE('',*,*,#957,.F.);
#1751=ORIENTED_EDGE('',*,*,#1172,.T.);
#1752=ORIENTED_EDGE('',*,*,#1175,.T.);
#1753=ORIENTED_EDGE('',*,*,#1016,.F.);
#1754=ORIENTED_EDGE('',*,*,#1195,.T.);
#1755=ORIENTED_EDGE('',*,*,#1214,.F.);
#1756=ORIENTED_EDGE('',*,*,#1019,.F.);
#1757=ORIENTED_EDGE('',*,*,#1006,.F.);
#1758=ORIENTED_EDGE('',*,*,#1213,.F.);
#1759=ORIENTED_EDGE('',*,*,#1194,.F.);
#1760=ORIENTED_EDGE('',*,*,#1008,.F.);
#1761=ORIENTED_EDGE('',*,*,#1212,.T.);
#1762=ORIENTED_EDGE('',*,*,#1221,.F.);
#1763=ORIENTED_EDGE('',*,*,#1222,.T.);
#1764=ORIENTED_EDGE('',*,*,#1223,.T.);
#1765=ORIENTED_EDGE('',*,*,#1222,.F.);
#1766=ORIENTED_EDGE('',*,*,#1224,.F.);
#1767=ORIENTED_EDGE('',*,*,#1225,.T.);
#1768=ORIENTED_EDGE('',*,*,#1221,.T.);
#1769=ORIENTED_EDGE('',*,*,#1225,.F.);
#1770=ORIENTED_EDGE('',*,*,#1226,.F.);
#1771=ORIENTED_EDGE('',*,*,#1227,.T.);
#1772=ORIENTED_EDGE('',*,*,#1224,.T.);
#1773=ORIENTED_EDGE('',*,*,#1227,.F.);
#1774=ORIENTED_EDGE('',*,*,#1228,.F.);
#1775=ORIENTED_EDGE('',*,*,#1229,.T.);
#1776=ORIENTED_EDGE('',*,*,#1226,.T.);
#1777=ORIENTED_EDGE('',*,*,#1229,.F.);
#1778=ORIENTED_EDGE('',*,*,#1230,.F.);
#1779=ORIENTED_EDGE('',*,*,#970,.T.);
#1780=ORIENTED_EDGE('',*,*,#1219,.T.);
#1781=ORIENTED_EDGE('',*,*,#965,.T.);
#1782=ORIENTED_EDGE('',*,*,#1228,.T.);
#1783=ORIENTED_EDGE('',*,*,#964,.T.);
#1784=ORIENTED_EDGE('',*,*,#968,.F.);
#1785=ORIENTED_EDGE('',*,*,#971,.T.);
#1786=ORIENTED_EDGE('',*,*,#1230,.T.);
#1787=ORIENTED_EDGE('',*,*,#1231,.F.);
#1788=ORIENTED_EDGE('',*,*,#1046,.T.);
#1789=ORIENTED_EDGE('',*,*,#1223,.F.);
#1790=ORIENTED_EDGE('',*,*,#1232,.T.);
#1791=ORIENTED_EDGE('',*,*,#1231,.T.);
#1792=ORIENTED_EDGE('',*,*,#1232,.F.);
#1793=PLANE('',#1967);
#1794=PLANE('',#1971);
#1795=PLANE('',#1972);
#1796=PLANE('',#1975);
#1797=PLANE('',#1987);
#1798=PLANE('',#2032);
#1799=PLANE('',#2091);
#1800=PLANE('',#2126);
#1801=PLANE('',#2145);
#1802=PLANE('',#2150);
#1803=PLANE('',#2154);
#1804=PLANE('',#2176);
#1805=PLANE('',#2180);
#1806=PLANE('',#2182);
#1807=PLANE('',#2188);
#1808=PLANE('',#2194);
#1809=PLANE('',#2202);
#1810=PLANE('',#2210);
#1811=PLANE('',#2214);
#1812=PLANE('',#2217);
#1813=PLANE('',#2221);
#1814=PLANE('',#2224);
#1815=PLANE('',#2225);
#1816=PLANE('',#2226);
#1817=PLANE('',#2227);
#1818=PLANE('',#2228);
#1819=PLANE('',#2229);
#1820=PLANE('',#2231);
#1821=PLANE('',#2232);
#1822=PLANE('',#2233);
#1823=PLANE('',#2234);
#1824=PLANE('',#2235);
#1825=PLANE('',#2245);
#1826=PLANE('',#2248);
#1827=ADVANCED_FACE('',(#289),#1793,.T.);
#1828=ADVANCED_FACE('',(#290),#273,.T.);
#1829=ADVANCED_FACE('',(#291),#1794,.T.);
#1830=ADVANCED_FACE('',(#292),#1795,.T.);
#1831=ADVANCED_FACE('',(#293),#70,.T.);
#1832=ADVANCED_FACE('',(#294),#1796,.T.);
#1833=ADVANCED_FACE('',(#295),#50,.T.);
#1834=ADVANCED_FACE('',(#296),#51,.T.);
#1835=ADVANCED_FACE('',(#297),#52,.T.);
#1836=ADVANCED_FACE('',(#298,#29),#1797,.F.);
#1837=ADVANCED_FACE('',(#299),#53,.T.);
#1838=ADVANCED_FACE('',(#300),#54,.T.);
#1839=ADVANCED_FACE('',(#301),#55,.T.);
#1840=ADVANCED_FACE('',(#302),#56,.T.);
#1841=ADVANCED_FACE('',(#303),#57,.T.);
#1842=ADVANCED_FACE('',(#304),#71,.F.);
#1843=ADVANCED_FACE('',(#305),#72,.T.);
#1844=ADVANCED_FACE('',(#306),#73,.F.);
#1845=ADVANCED_FACE('',(#307),#74,.F.);
#1846=ADVANCED_FACE('',(#308),#58,.F.);
#1847=ADVANCED_FACE('',(#309),#75,.F.);
#1848=ADVANCED_FACE('',(#310),#19,.F.);
#1849=ADVANCED_FACE('',(#311),#76,.F.);
#1850=ADVANCED_FACE('',(#312),#20,.F.);
#1851=ADVANCED_FACE('',(#313),#59,.F.);
#1852=ADVANCED_FACE('',(#314),#1798,.T.);
#1853=ADVANCED_FACE('',(#315),#60,.F.);
#1854=ADVANCED_FACE('',(#316),#77,.F.);
#1855=ADVANCED_FACE('',(#317),#78,.F.);
#1856=ADVANCED_FACE('',(#318),#79,.F.);
#1857=ADVANCED_FACE('',(#319),#61,.F.);
#1858=ADVANCED_FACE('',(#320),#80,.F.);
#1859=ADVANCED_FACE('',(#321),#21,.F.);
#1860=ADVANCED_FACE('',(#322),#81,.F.);
#1861=ADVANCED_FACE('',(#323),#22,.F.);
#1862=ADVANCED_FACE('',(#324),#62,.F.);
#1863=ADVANCED_FACE('',(#325),#63,.F.);
#1864=ADVANCED_FACE('',(#326),#82,.F.);
#1865=ADVANCED_FACE('',(#327),#64,.F.);
#1866=ADVANCED_FACE('',(#328),#23,.F.);
#1867=ADVANCED_FACE('',(#329),#83,.F.);
#1868=ADVANCED_FACE('',(#330),#24,.F.);
#1869=ADVANCED_FACE('',(#331),#18,.F.);
#1870=ADVANCED_FACE('',(#332),#84,.T.);
#1871=ADVANCED_FACE('',(#333),#1799,.F.);
#1872=ADVANCED_FACE('',(#334),#85,.F.);
#1873=ADVANCED_FACE('',(#335),#25,.F.);
#1874=ADVANCED_FACE('',(#336),#65,.F.);
#1875=ADVANCED_FACE('',(#337),#66,.F.);
#1876=ADVANCED_FACE('',(#338),#86,.F.);
#1877=ADVANCED_FACE('',(#339),#26,.F.);
#1878=ADVANCED_FACE('',(#340),#67,.F.);
#1879=ADVANCED_FACE('',(#341),#87,.F.);
#1880=ADVANCED_FACE('',(#342),#68,.F.);
#1881=ADVANCED_FACE('',(#343),#69,.F.);
#1882=ADVANCED_FACE('',(#344),#88,.F.);
#1883=ADVANCED_FACE('',(#345),#27,.F.);
#1884=ADVANCED_FACE('',(#346),#89,.F.);
#1885=ADVANCED_FACE('',(#347),#28,.F.);
#1886=ADVANCED_FACE('',(#348),#90,.T.);
#1887=ADVANCED_FACE('',(#349),#1800,.T.);
#1888=ADVANCED_FACE('',(#350),#274,.F.);
#1889=ADVANCED_FACE('',(#351),#91,.F.);
#1890=ADVANCED_FACE('',(#352),#275,.F.);
#1891=ADVANCED_FACE('',(#353),#92,.F.);
#1892=ADVANCED_FACE('',(#354),#276,.F.);
#1893=ADVANCED_FACE('',(#355),#93,.F.);
#1894=ADVANCED_FACE('',(#356),#277,.F.);
#1895=ADVANCED_FACE('',(#357),#94,.F.);
#1896=ADVANCED_FACE('',(#358,#30),#1801,.F.);
#1897=ADVANCED_FACE('',(#359),#95,.F.);
#1898=ADVANCED_FACE('',(#360),#1802,.F.);
#1899=ADVANCED_FACE('',(#361),#96,.F.);
#1900=ADVANCED_FACE('',(#362,#31),#1803,.T.);
#1901=ADVANCED_FACE('',(#363),#97,.F.);
#1902=ADVANCED_FACE('',(#364),#98,.F.);
#1903=ADVANCED_FACE('',(#365),#99,.F.);
#1904=ADVANCED_FACE('',(#366),#100,.T.);
#1905=ADVANCED_FACE('',(#367),#101,.T.);
#1906=ADVANCED_FACE('',(#368),#102,.T.);
#1907=ADVANCED_FACE('',(#369),#278,.F.);
#1908=ADVANCED_FACE('',(#370),#103,.F.);
#1909=ADVANCED_FACE('',(#371),#104,.F.);
#1910=ADVANCED_FACE('',(#372),#105,.F.);
#1911=ADVANCED_FACE('',(#373,#32),#1804,.T.);
#1912=ADVANCED_FACE('',(#374),#106,.F.);
#1913=ADVANCED_FACE('',(#375,#33),#1805,.T.);
#1914=ADVANCED_FACE('',(#376),#107,.T.);
#1915=ADVANCED_FACE('',(#377),#1806,.F.);
#1916=ADVANCED_FACE('',(#378),#279,.T.);
#1917=ADVANCED_FACE('',(#379,#34),#1807,.F.);
#1918=ADVANCED_FACE('',(#380),#280,.T.);
#1919=ADVANCED_FACE('',(#381,#35),#1808,.F.);
#1920=ADVANCED_FACE('',(#382),#281,.T.);
#1921=ADVANCED_FACE('',(#383),#108,.T.);
#1922=ADVANCED_FACE('',(#384,#36),#1809,.F.);
#1923=ADVANCED_FACE('',(#385),#282,.T.);
#1924=ADVANCED_FACE('',(#386),#109,.T.);
#1925=ADVANCED_FACE('',(#387,#37),#1810,.F.);
#1926=ADVANCED_FACE('',(#388),#110,.F.);
#1927=ADVANCED_FACE('',(#389),#1811,.F.);
#1928=ADVANCED_FACE('',(#390),#111,.F.);
#1929=ADVANCED_FACE('',(#391),#1812,.F.);
#1930=ADVANCED_FACE('',(#392),#112,.F.);
#1931=ADVANCED_FACE('',(#393),#1813,.F.);
#1932=ADVANCED_FACE('',(#394),#113,.F.);
#1933=ADVANCED_FACE('',(#395),#1814,.F.);
#1934=ADVANCED_FACE('',(#396),#1815,.T.);
#1935=ADVANCED_FACE('',(#397),#1816,.T.);
#1936=ADVANCED_FACE('',(#398),#1817,.F.);
#1937=ADVANCED_FACE('',(#399),#1818,.F.);
#1938=ADVANCED_FACE('',(#400,#38,#39,#40,#41,#42,#43,#44),#1819,.T.);
#1939=ADVANCED_FACE('',(#401,#45),#114,.F.);
#1940=ADVANCED_FACE('',(#402),#1820,.T.);
#1941=ADVANCED_FACE('',(#403,#46,#47),#1821,.T.);
#1942=ADVANCED_FACE('',(#404),#1822,.T.);
#1943=ADVANCED_FACE('',(#405),#1823,.T.);
#1944=ADVANCED_FACE('',(#406),#1824,.F.);
#1945=ADVANCED_FACE('',(#407),#283,.T.);
#1946=ADVANCED_FACE('',(#408),#284,.T.);
#1947=ADVANCED_FACE('',(#409),#285,.T.);
#1948=ADVANCED_FACE('',(#410),#286,.T.);
#1949=ADVANCED_FACE('',(#411,#48),#1825,.T.);
#1950=ADVANCED_FACE('',(#412),#287,.T.);
#1951=ADVANCED_FACE('',(#413,#49),#1826,.T.);
#1952=ADVANCED_FACE('',(#414),#288,.T.);
#1953=CLOSED_SHELL('',(#1827,#1828,#1829,#1830,#1831,#1832,#1833,#1834,
#1835,#1836,#1837,#1838,#1839,#1840,#1841,#1842,#1843,#1844,#1845,#1846,
#1847,#1848,#1849,#1850,#1851,#1852,#1853,#1854,#1855,#1856,#1857,#1858,
#1859,#1860,#1861,#1862,#1863,#1864,#1865,#1866,#1867,#1868,#1869,#1870,
#1871,#1872,#1873,#1874,#1875,#1876,#1877,#1878,#1879,#1880,#1881,#1882,
#1883,#1884,#1885,#1886,#1887,#1888,#1889,#1890,#1891,#1892,#1893,#1894,
#1895,#1896,#1897,#1898,#1899,#1900,#1901,#1902,#1903,#1904,#1905,#1906,
#1907,#1908,#1909,#1910,#1911,#1912,#1913,#1914,#1915,#1916,#1917,#1918,
#1919,#1920,#1921,#1922,#1923,#1924,#1925,#1926,#1927,#1928,#1929,#1930,
#1931,#1932,#1933,#1934,#1935,#1936,#1937,#1938,#1939,#1940,#1941,#1942,
#1943,#1944,#1945,#1946,#1947,#1948,#1949,#1950,#1951,#1952));
#1954=DERIVED_UNIT_ELEMENT(#1956,1.);
#1955=DERIVED_UNIT_ELEMENT(#3711,-3.);
#1956=(
MASS_UNIT()
NAMED_UNIT(*)
SI_UNIT(.KILO.,.GRAM.)
);
#1957=DERIVED_UNIT((#1954,#1955));
#1958=MEASURE_REPRESENTATION_ITEM('density measure',
POSITIVE_RATIO_MEASURE(7850.),#1957);
#1959=PROPERTY_DEFINITION_REPRESENTATION(#1964,#1961);
#1960=PROPERTY_DEFINITION_REPRESENTATION(#1965,#1962);
#1961=REPRESENTATION('material name',(#1963),#3708);
#1962=REPRESENTATION('density',(#1958),#3708);
#1963=DESCRIPTIVE_REPRESENTATION_ITEM('Steel','Steel');
#1964=PROPERTY_DEFINITION('material property','material name',#3718);
#1965=PROPERTY_DEFINITION('material property','density of part',#3718);
#1966=AXIS2_PLACEMENT_3D('',#2924,#2251,#2252);
#1967=AXIS2_PLACEMENT_3D('',#2925,#2253,#2254);
#1968=AXIS2_PLACEMENT_3D('',#2937,#2258,#2259);
#1969=AXIS2_PLACEMENT_3D('',#2939,#2260,#2261);
#1970=AXIS2_PLACEMENT_3D('',#2945,#2262,#2263);
#1971=AXIS2_PLACEMENT_3D('',#2946,#2264,#2265);
#1972=AXIS2_PLACEMENT_3D('',#2952,#2269,#2270);
#1973=AXIS2_PLACEMENT_3D('',#2962,#2274,#2275);
#1974=AXIS2_PLACEMENT_3D('',#2965,#2277,#2278);
#1975=AXIS2_PLACEMENT_3D('',#2966,#2279,#2280);
#1976=AXIS2_PLACEMENT_3D('',#2974,#2283,#2284);
#1977=AXIS2_PLACEMENT_3D('',#2977,#2285,#2286);
#1978=AXIS2_PLACEMENT_3D('',#2979,#2287,#2288);
#1979=AXIS2_PLACEMENT_3D('',#2991,#2289,#2290);
#1980=AXIS2_PLACEMENT_3D('',#2992,#2291,#2292);
#1981=AXIS2_PLACEMENT_3D('',#2995,#2293,#2294);
#1982=AXIS2_PLACEMENT_3D('',#2996,#2295,#2296);
#1983=AXIS2_PLACEMENT_3D('',#2997,#2297,#2298);
#1984=AXIS2_PLACEMENT_3D('',#2998,#2299,#2300);
#1985=AXIS2_PLACEMENT_3D('',#3011,#2301,#2302);
#1986=AXIS2_PLACEMENT_3D('',#3012,#2303,#2304);
#1987=AXIS2_PLACEMENT_3D('',#3013,#2305,#2306);
#1988=AXIS2_PLACEMENT_3D('',#3014,#2307,#2308);
#1989=AXIS2_PLACEMENT_3D('',#3016,#2309,#2310);
#1990=AXIS2_PLACEMENT_3D('',#3017,#2311,#2312);
#1991=AXIS2_PLACEMENT_3D('',#3020,#2313,#2314);
#1992=AXIS2_PLACEMENT_3D('',#3022,#2315,#2316);
#1993=AXIS2_PLACEMENT_3D('',#3024,#2317,#2318);
#1994=AXIS2_PLACEMENT_3D('',#3025,#2319,#2320);
#1995=AXIS2_PLACEMENT_3D('',#3026,#2321,#2322);
#1996=AXIS2_PLACEMENT_3D('',#3035,#2323,#2324);
#1997=AXIS2_PLACEMENT_3D('',#3036,#2325,#2326);
#1998=AXIS2_PLACEMENT_3D('',#3037,#2327,#2328);
#1999=AXIS2_PLACEMENT_3D('',#3047,#2329,#2330);
#2000=AXIS2_PLACEMENT_3D('',#3048,#2331,#2332);
#2001=AXIS2_PLACEMENT_3D('',#3057,#2333,#2334);
#2002=AXIS2_PLACEMENT_3D('',#3058,#2335,#2336);
#2003=AXIS2_PLACEMENT_3D('',#3059,#2337,#2338);
#2004=AXIS2_PLACEMENT_3D('',#3069,#2339,#2340);
#2005=AXIS2_PLACEMENT_3D('',#3070,#2341,#2342);
#2006=AXIS2_PLACEMENT_3D('',#3074,#2344,#2345);
#2007=AXIS2_PLACEMENT_3D('',#3076,#2347,#2348);
#2008=AXIS2_PLACEMENT_3D('',#3079,#2350,#2351);
#2009=AXIS2_PLACEMENT_3D('',#3080,#2352,#2353);
#2010=AXIS2_PLACEMENT_3D('',#3083,#2354,#2355);
#2011=AXIS2_PLACEMENT_3D('',#3087,#2357,#2358);
#2012=AXIS2_PLACEMENT_3D('',#3089,#2360,#2361);
#2013=AXIS2_PLACEMENT_3D('',#3091,#2362,#2363);
#2014=AXIS2_PLACEMENT_3D('',#3095,#2365,#2366);
#2015=AXIS2_PLACEMENT_3D('',#3097,#2368,#2369);
#2016=AXIS2_PLACEMENT_3D('',#3100,#2370,#2371);
#2017=AXIS2_PLACEMENT_3D('',#3101,#2372,#2373);
#2018=AXIS2_PLACEMENT_3D('',#3102,#2374,#2375);
#2019=AXIS2_PLACEMENT_3D('',#3103,#2376,#2377);
#2020=AXIS2_PLACEMENT_3D('',#3106,#2378,#2379);
#2021=AXIS2_PLACEMENT_3D('',#3109,#2382,#2383);
#2022=AXIS2_PLACEMENT_3D('',#3110,#2384,#2385);
#2023=AXIS2_PLACEMENT_3D('',#3111,#2386,#2387);
#2024=AXIS2_PLACEMENT_3D('',#3113,#2388,#2389);
#2025=AXIS2_PLACEMENT_3D('',#3117,#2391,#2392);
#2026=AXIS2_PLACEMENT_3D('',#3119,#2394,#2395);
#2027=AXIS2_PLACEMENT_3D('',#3120,#2396,#2397);
#2028=AXIS2_PLACEMENT_3D('',#3121,#2398,#2399);
#2029=AXIS2_PLACEMENT_3D('',#3123,#2400,#2401);
#2030=AXIS2_PLACEMENT_3D('',#3125,#2402,#2403);
#2031=AXIS2_PLACEMENT_3D('',#3126,#2404,#2405);
#2032=AXIS2_PLACEMENT_3D('',#3127,#2406,#2407);
#2033=AXIS2_PLACEMENT_3D('',#3129,#2408,#2409);
#2034=AXIS2_PLACEMENT_3D('',#3131,#2410,#2411);
#2035=AXIS2_PLACEMENT_3D('',#3133,#2412,#2413);
#2036=AXIS2_PLACEMENT_3D('',#3137,#2415,#2416);
#2037=AXIS2_PLACEMENT_3D('',#3141,#2418,#2419);
#2038=AXIS2_PLACEMENT_3D('',#3145,#2421,#2422);
#2039=AXIS2_PLACEMENT_3D('',#3147,#2423,#2424);
#2040=AXIS2_PLACEMENT_3D('',#3149,#2425,#2426);
#2041=AXIS2_PLACEMENT_3D('',#3151,#2427,#2428);
#2042=AXIS2_PLACEMENT_3D('',#3153,#2429,#2430);
#2043=AXIS2_PLACEMENT_3D('',#3155,#2432,#2433);
#2044=AXIS2_PLACEMENT_3D('',#3157,#2434,#2435);
#2045=AXIS2_PLACEMENT_3D('',#3158,#2436,#2437);
#2046=AXIS2_PLACEMENT_3D('',#3159,#2438,#2439);
#2047=AXIS2_PLACEMENT_3D('',#3160,#2440,#2441);
#2048=AXIS2_PLACEMENT_3D('',#3164,#2443,#2444);
#2049=AXIS2_PLACEMENT_3D('',#3167,#2446,#2447);
#2050=AXIS2_PLACEMENT_3D('',#3169,#2448,#2449);
#2051=AXIS2_PLACEMENT_3D('',#3173,#2451,#2452);
#2052=AXIS2_PLACEMENT_3D('',#3177,#2454,#2455);
#2053=AXIS2_PLACEMENT_3D('',#3181,#2457,#2458);
#2054=AXIS2_PLACEMENT_3D('',#3184,#2461,#2462);
#2055=AXIS2_PLACEMENT_3D('',#3186,#2463,#2464);
#2056=AXIS2_PLACEMENT_3D('',#3188,#2465,#2466);
#2057=AXIS2_PLACEMENT_3D('',#3190,#2468,#2469);
#2058=AXIS2_PLACEMENT_3D('',#3191,#2470,#2471);
#2059=AXIS2_PLACEMENT_3D('',#3194,#2473,#2474);
#2060=AXIS2_PLACEMENT_3D('',#3195,#2475,#2476);
#2061=AXIS2_PLACEMENT_3D('',#3197,#2477,#2478);
#2062=AXIS2_PLACEMENT_3D('',#3198,#2479,#2480);
#2063=AXIS2_PLACEMENT_3D('',#3199,#2481,#2482);
#2064=AXIS2_PLACEMENT_3D('',#3201,#2483,#2484);
#2065=AXIS2_PLACEMENT_3D('',#3203,#2486,#2487);
#2066=AXIS2_PLACEMENT_3D('',#3204,#2488,#2489);
#2067=AXIS2_PLACEMENT_3D('',#3205,#2490,#2491);
#2068=AXIS2_PLACEMENT_3D('',#3206,#2492,#2493);
#2069=AXIS2_PLACEMENT_3D('',#3209,#2495,#2496);
#2070=AXIS2_PLACEMENT_3D('',#3210,#2497,#2498);
#2071=AXIS2_PLACEMENT_3D('',#3211,#2499,#2500);
#2072=AXIS2_PLACEMENT_3D('',#3212,#2501,#2502);
#2073=AXIS2_PLACEMENT_3D('',#3213,#2503,#2504);
#2074=AXIS2_PLACEMENT_3D('',#3214,#2505,#2506);
#2075=AXIS2_PLACEMENT_3D('',#3215,#2507,#2508);
#2076=AXIS2_PLACEMENT_3D('',#3216,#2509,#2510);
#2077=AXIS2_PLACEMENT_3D('',#3219,#2512,#2513);
#2078=AXIS2_PLACEMENT_3D('',#3220,#2514,#2515);
#2079=AXIS2_PLACEMENT_3D('',#3221,#2516,#2517);
#2080=AXIS2_PLACEMENT_3D('',#3223,#2518,#2519);
#2081=AXIS2_PLACEMENT_3D('',#3224,#2520,#2521);
#2082=AXIS2_PLACEMENT_3D('',#3225,#2522,#2523);
#2083=AXIS2_PLACEMENT_3D('',#3226,#2524,#2525);
#2084=AXIS2_PLACEMENT_3D('',#3227,#2526,#2527);
#2085=AXIS2_PLACEMENT_3D('',#3229,#2529,#2530);
#2086=AXIS2_PLACEMENT_3D('',#3258,#2531,#2532);
#2087=AXIS2_PLACEMENT_3D('',#3260,#2533,#2534);
#2088=AXIS2_PLACEMENT_3D('',#3262,#2535,#2536);
#2089=AXIS2_PLACEMENT_3D('',#3263,#2537,#2538);
#2090=AXIS2_PLACEMENT_3D('',#3264,#2539,#2540);
#2091=AXIS2_PLACEMENT_3D('',#3266,#2542,#2543);
#2092=AXIS2_PLACEMENT_3D('',#3267,#2544,#2545);
#2093=AXIS2_PLACEMENT_3D('',#3269,#2546,#2547);
#2094=AXIS2_PLACEMENT_3D('',#3271,#2548,#2549);
#2095=AXIS2_PLACEMENT_3D('',#3273,#2551,#2552);
#2096=AXIS2_PLACEMENT_3D('',#3275,#2553,#2554);
#2097=AXIS2_PLACEMENT_3D('',#3276,#2555,#2556);
#2098=AXIS2_PLACEMENT_3D('',#3277,#2557,#2558);
#2099=AXIS2_PLACEMENT_3D('',#3278,#2559,#2560);
#2100=AXIS2_PLACEMENT_3D('',#3280,#2561,#2562);
#2101=AXIS2_PLACEMENT_3D('',#3281,#2563,#2564);
#2102=AXIS2_PLACEMENT_3D('',#3282,#2565,#2566);
#2103=AXIS2_PLACEMENT_3D('',#3284,#2567,#2568);
#2104=AXIS2_PLACEMENT_3D('',#3285,#2569,#2570);
#2105=AXIS2_PLACEMENT_3D('',#3286,#2571,#2572);
#2106=AXIS2_PLACEMENT_3D('',#3288,#2573,#2574);
#2107=AXIS2_PLACEMENT_3D('',#3290,#2576,#2577);
#2108=AXIS2_PLACEMENT_3D('',#3291,#2578,#2579);
#2109=AXIS2_PLACEMENT_3D('',#3292,#2580,#2581);
#2110=AXIS2_PLACEMENT_3D('',#3293,#2582,#2583);
#2111=AXIS2_PLACEMENT_3D('',#3294,#2584,#2585);
#2112=AXIS2_PLACEMENT_3D('',#3295,#2586,#2587);
#2113=AXIS2_PLACEMENT_3D('',#3298,#2589,#2590);
#2114=AXIS2_PLACEMENT_3D('',#3299,#2591,#2592);
#2115=AXIS2_PLACEMENT_3D('',#3301,#2593,#2594);
#2116=AXIS2_PLACEMENT_3D('',#3302,#2595,#2596);
#2117=AXIS2_PLACEMENT_3D('',#3303,#2597,#2598);
#2118=AXIS2_PLACEMENT_3D('',#3304,#2599,#2600);
#2119=AXIS2_PLACEMENT_3D('',#3305,#2601,#2602);
#2120=AXIS2_PLACEMENT_3D('',#3307,#2604,#2605);
#2121=AXIS2_PLACEMENT_3D('',#3308,#2606,#2607);
#2122=AXIS2_PLACEMENT_3D('',#3309,#2608,#2609);
#2123=AXIS2_PLACEMENT_3D('',#3312,#2611,#2612);
#2124=AXIS2_PLACEMENT_3D('',#3313,#2613,#2614);
#2125=AXIS2_PLACEMENT_3D('',#3314,#2615,#2616);
#2126=AXIS2_PLACEMENT_3D('',#3331,#2619,#2620);
#2127=AXIS2_PLACEMENT_3D('',#3337,#2623,#2624);
#2128=AXIS2_PLACEMENT_3D('',#3338,#2625,#2626);
#2129=AXIS2_PLACEMENT_3D('',#3339,#2627,#2628);
#2130=AXIS2_PLACEMENT_3D('',#3341,#2629,#2630);
#2131=AXIS2_PLACEMENT_3D('',#3344,#2632,#2633);
#2132=AXIS2_PLACEMENT_3D('',#3346,#2634,#2635);
#2133=AXIS2_PLACEMENT_3D('',#3348,#2637,#2638);
#2134=AXIS2_PLACEMENT_3D('',#3350,#2639,#2640);
#2135=AXIS2_PLACEMENT_3D('',#3353,#2642,#2643);
#2136=AXIS2_PLACEMENT_3D('',#3355,#2644,#2645);
#2137=AXIS2_PLACEMENT_3D('',#3357,#2647,#2648);
#2138=AXIS2_PLACEMENT_3D('',#3359,#2649,#2650);
#2139=AXIS2_PLACEMENT_3D('',#3362,#2652,#2653);
#2140=AXIS2_PLACEMENT_3D('',#3364,#2654,#2655);
#2141=AXIS2_PLACEMENT_3D('',#3366,#2657,#2658);
#2142=AXIS2_PLACEMENT_3D('',#3368,#2659,#2660);
#2143=AXIS2_PLACEMENT_3D('',#3371,#2662,#2663);
#2144=AXIS2_PLACEMENT_3D('',#3373,#2664,#2665);
#2145=AXIS2_PLACEMENT_3D('',#3375,#2667,#2668);
#2146=AXIS2_PLACEMENT_3D('',#3385,#2673,#2674);
#2147=AXIS2_PLACEMENT_3D('',#3386,#2675,#2676);
#2148=AXIS2_PLACEMENT_3D('',#3388,#2677,#2678);
#2149=AXIS2_PLACEMENT_3D('',#3391,#2680,#2681);
#2150=AXIS2_PLACEMENT_3D('',#3392,#2682,#2683);
#2151=AXIS2_PLACEMENT_3D('',#3398,#2687,#2688);
#2152=AXIS2_PLACEMENT_3D('',#3399,#2689,#2690);
#2153=AXIS2_PLACEMENT_3D('',#3400,#2691,#2692);
#2154=AXIS2_PLACEMENT_3D('',#3401,#2693,#2694);
#2155=AXIS2_PLACEMENT_3D('',#3403,#2695,#2696);
#2156=AXIS2_PLACEMENT_3D('',#3404,#2697,#2698);
#2157=AXIS2_PLACEMENT_3D('',#3406,#2699,#2700);
#2158=AXIS2_PLACEMENT_3D('',#3447,#2702,#2703);
#2159=AXIS2_PLACEMENT_3D('',#3449,#2704,#2705);
#2160=AXIS2_PLACEMENT_3D('',#3481,#2707,#2708);
#2161=AXIS2_PLACEMENT_3D('',#3509,#2709,#2710);
#2162=AXIS2_PLACEMENT_3D('',#3546,#2712,#2713);
#2163=AXIS2_PLACEMENT_3D('',#3548,#2714,#2715);
#2164=AXIS2_PLACEMENT_3D('',#3550,#2717,#2718);
#2165=AXIS2_PLACEMENT_3D('',#3553,#2721,#2722);
#2166=AXIS2_PLACEMENT_3D('',#3557,#2724,#2725);
#2167=AXIS2_PLACEMENT_3D('',#3559,#2727,#2728);
#2168=AXIS2_PLACEMENT_3D('',#3561,#2729,#2730);
#2169=AXIS2_PLACEMENT_3D('',#3564,#2732,#2733);
#2170=AXIS2_PLACEMENT_3D('',#3566,#2734,#2735);
#2171=AXIS2_PLACEMENT_3D('',#3568,#2737,#2738);
#2172=AXIS2_PLACEMENT_3D('',#3570,#2739,#2740);
#2173=AXIS2_PLACEMENT_3D('',#3572,#2742,#2743);
#2174=AXIS2_PLACEMENT_3D('',#3574,#2744,#2745);
#2175=AXIS2_PLACEMENT_3D('',#3577,#2747,#2748);
#2176=AXIS2_PLACEMENT_3D('',#3578,#2749,#2750);
#2177=AXIS2_PLACEMENT_3D('',#3579,#2751,#2752);
#2178=AXIS2_PLACEMENT_3D('',#3581,#2753,#2754);
#2179=AXIS2_PLACEMENT_3D('',#3584,#2756,#2757);
#2180=AXIS2_PLACEMENT_3D('',#3585,#2758,#2759);
#2181=AXIS2_PLACEMENT_3D('',#3586,#2760,#2761);
#2182=AXIS2_PLACEMENT_3D('',#3587,#2762,#2763);
#2183=AXIS2_PLACEMENT_3D('',#3588,#2764,#2765);
#2184=AXIS2_PLACEMENT_3D('',#3589,#2766,#2767);
#2185=AXIS2_PLACEMENT_3D('',#3591,#2768,#2769);
#2186=AXIS2_PLACEMENT_3D('',#3594,#2771,#2772);
#2187=AXIS2_PLACEMENT_3D('',#3595,#2773,#2774);
#2188=AXIS2_PLACEMENT_3D('',#3596,#2775,#2776);
#2189=AXIS2_PLACEMENT_3D('',#3598,#2777,#2778);
#2190=AXIS2_PLACEMENT_3D('',#3599,#2779,#2780);
#2191=AXIS2_PLACEMENT_3D('',#3601,#2781,#2782);
#2192=AXIS2_PLACEMENT_3D('',#3604,#2784,#2785);
#2193=AXIS2_PLACEMENT_3D('',#3605,#2786,#2787);
#2194=AXIS2_PLACEMENT_3D('',#3606,#2788,#2789);
#2195=AXIS2_PLACEMENT_3D('',#3608,#2790,#2791);
#2196=AXIS2_PLACEMENT_3D('',#3609,#2792,#2793);
#2197=AXIS2_PLACEMENT_3D('',#3611,#2794,#2795);
#2198=AXIS2_PLACEMENT_3D('',#3615,#2797,#2798);
#2199=AXIS2_PLACEMENT_3D('',#3617,#2799,#2800);
#2200=AXIS2_PLACEMENT_3D('',#3618,#2801,#2802);
#2201=AXIS2_PLACEMENT_3D('',#3619,#2803,#2804);
#2202=AXIS2_PLACEMENT_3D('',#3622,#2807,#2808);
#2203=AXIS2_PLACEMENT_3D('',#3624,#2809,#2810);
#2204=AXIS2_PLACEMENT_3D('',#3625,#2811,#2812);
#2205=AXIS2_PLACEMENT_3D('',#3627,#2813,#2814);
#2206=AXIS2_PLACEMENT_3D('',#3631,#2816,#2817);
#2207=AXIS2_PLACEMENT_3D('',#3633,#2818,#2819);
#2208=AXIS2_PLACEMENT_3D('',#3634,#2820,#2821);
#2209=AXIS2_PLACEMENT_3D('',#3635,#2822,#2823);
#2210=AXIS2_PLACEMENT_3D('',#3638,#2826,#2827);
#2211=AXIS2_PLACEMENT_3D('',#3640,#2828,#2829);
#2212=AXIS2_PLACEMENT_3D('',#3641,#2830,#2831);
#2213=AXIS2_PLACEMENT_3D('',#3644,#2833,#2834);
#2214=AXIS2_PLACEMENT_3D('',#3645,#2835,#2836);
#2215=AXIS2_PLACEMENT_3D('',#3646,#2837,#2838);
#2216=AXIS2_PLACEMENT_3D('',#3649,#2840,#2841);
#2217=AXIS2_PLACEMENT_3D('',#3650,#2842,#2843);
#2218=AXIS2_PLACEMENT_3D('',#3652,#2845,#2846);
#2219=AXIS2_PLACEMENT_3D('',#3653,#2847,#2848);
#2220=AXIS2_PLACEMENT_3D('',#3656,#2850,#2851);
#2221=AXIS2_PLACEMENT_3D('',#3657,#2852,#2853);
#2222=AXIS2_PLACEMENT_3D('',#3660,#2856,#2857);
#2223=AXIS2_PLACEMENT_3D('',#3663,#2859,#2860);
#2224=AXIS2_PLACEMENT_3D('',#3664,#2861,#2862);
#2225=AXIS2_PLACEMENT_3D('',#3665,#2863,#2864);
#2226=AXIS2_PLACEMENT_3D('',#3667,#2866,#2867);
#2227=AXIS2_PLACEMENT_3D('',#3669,#2869,#2870);
#2228=AXIS2_PLACEMENT_3D('',#3670,#2871,#2872);
#2229=AXIS2_PLACEMENT_3D('',#3671,#2873,#2874);
#2230=AXIS2_PLACEMENT_3D('',#3674,#2877,#2878);
#2231=AXIS2_PLACEMENT_3D('',#3675,#2879,#2880);
#2232=AXIS2_PLACEMENT_3D('',#3676,#2881,#2882);
#2233=AXIS2_PLACEMENT_3D('',#3677,#2883,#2884);
#2234=AXIS2_PLACEMENT_3D('',#3678,#2885,#2886);
#2235=AXIS2_PLACEMENT_3D('',#3679,#2887,#2888);
#2236=AXIS2_PLACEMENT_3D('',#3680,#2889,#2890);
#2237=AXIS2_PLACEMENT_3D('',#3682,#2891,#2892);
#2238=AXIS2_PLACEMENT_3D('',#3685,#2894,#2895);
#2239=AXIS2_PLACEMENT_3D('',#3686,#2896,#2897);
#2240=AXIS2_PLACEMENT_3D('',#3688,#2898,#2899);
#2241=AXIS2_PLACEMENT_3D('',#3690,#2901,#2902);
#2242=AXIS2_PLACEMENT_3D('',#3692,#2903,#2904);
#2243=AXIS2_PLACEMENT_3D('',#3694,#2906,#2907);
#2244=AXIS2_PLACEMENT_3D('',#3696,#2908,#2909);
#2245=AXIS2_PLACEMENT_3D('',#3698,#2911,#2912);
#2246=AXIS2_PLACEMENT_3D('',#3699,#2913,#2914);
#2247=AXIS2_PLACEMENT_3D('',#3700,#2915,#2916);
#2248=AXIS2_PLACEMENT_3D('',#3701,#2917,#2918);
#2249=AXIS2_PLACEMENT_3D('',#3703,#2919,#2920);
#2250=AXIS2_PLACEMENT_3D('',#3704,#2921,#2922);
#2251=DIRECTION('axis',(0.,0.,1.));
#2252=DIRECTION('refdir',(1.,0.,0.));
#2253=DIRECTION('center_axis',(0.447213595499958,-0.894427190999916,2.22036353992303E-16));
#2254=DIRECTION('ref_axis',(0.,-2.48244190501498E-16,-1.));
#2255=DIRECTION('',(-3.72969042330546E-16,6.17596693362248E-17,1.));
#2256=DIRECTION('',(-0.894427190999916,-0.447213595499958,0.));
#2257=DIRECTION('',(3.72969042330546E-16,-6.17596693362248E-17,-1.));
#2258=DIRECTION('center_axis',(0.,1.,-6.17596693362248E-17));
#2259=DIRECTION('ref_axis',(0.,-6.79099921772316E-17,-1.));
#2260=DIRECTION('center_axis',(0.,1.,-6.17596693362248E-17));
#2261=DIRECTION('ref_axis',(0.,-6.17596693362248E-17,-1.));
#2262=DIRECTION('center_axis',(0.,-1.,6.17596693362248E-17));
#2263=DIRECTION('ref_axis',(0.,-7.38553042568714E-17,-1.));
#2264=DIRECTION('center_axis',(-0.447213595499956,-0.894427190999917,5.52395275614833E-17));
#2265=DIRECTION('ref_axis',(0.,-6.17596693362248E-17,-1.));
#2266=DIRECTION('',(0.,6.17596693362248E-17,1.));
#2267=DIRECTION('',(-0.894427190999917,0.447213595499956,0.));
#2268=DIRECTION('',(0.,-6.17596693362248E-17,-1.));
#2269=DIRECTION('center_axis',(1.,0.,3.72969042330546E-16));
#2270=DIRECTION('ref_axis',(3.72969042330546E-16,0.,-1.));
#2271=DIRECTION('',(0.,-1.,6.17596693362248E-17));
#2272=DIRECTION('',(3.72969042330546E-16,0.,-1.));
#2273=DIRECTION('',(0.,1.,0.));
#2274=DIRECTION('center_axis',(0.,-1.,6.17596693362248E-17));
#2275=DIRECTION('ref_axis',(0.,-7.38553042568714E-17,-1.));
#2276=DIRECTION('',(0.,1.,-6.17596693362248E-17));
#2277=DIRECTION('center_axis',(0.,-1.,6.17596693362248E-17));
#2278=DIRECTION('ref_axis',(1.,0.,0.));
#2279=DIRECTION('center_axis',(-1.,0.,0.));
#2280=DIRECTION('ref_axis',(0.,0.,1.));
#2281=DIRECTION('',(0.,1.,0.));
#2282=DIRECTION('',(0.,0.,1.));
#2283=DIRECTION('center_axis',(0.,1.,0.));
#2284=DIRECTION('ref_axis',(-0.846411343356268,0.,-0.532529659115656));
#2285=DIRECTION('center_axis',(-0.615000000000001,0.,-0.788527107967759));
#2286=DIRECTION('ref_axis',(0.,1.,0.));
#2287=DIRECTION('center_axis',(0.,-1.,0.));
#2288=DIRECTION('ref_axis',(-0.846411343356267,0.,-0.532529659115659));
#2289=DIRECTION('center_axis',(0.,1.,0.));
#2290=DIRECTION('ref_axis',(-0.846411343356267,0.,-0.532529659115659));
#2291=DIRECTION('center_axis',(0.,1.,0.));
#2292=DIRECTION('ref_axis',(0.,0.,1.));
#2293=DIRECTION('center_axis',(-0.614999999999999,0.,0.788527107967762));
#2294=DIRECTION('ref_axis',(0.,1.,0.));
#2295=DIRECTION('center_axis',(0.,1.,0.));
#2296=DIRECTION('ref_axis',(6.12323399573677E-17,0.,1.));
#2297=DIRECTION('center_axis',(0.,-1.,0.));
#2298=DIRECTION('ref_axis',(6.12323399573677E-17,0.,1.));
#2299=DIRECTION('center_axis',(0.,1.,0.));
#2300=DIRECTION('ref_axis',(0.846411343356268,0.,-0.532529659115656));
#2301=DIRECTION('center_axis',(0.,-1.,0.));
#2302=DIRECTION('ref_axis',(0.846411343356267,0.,-0.532529659115659));
#2303=DIRECTION('center_axis',(0.,1.,0.));
#2304=DIRECTION('ref_axis',(0.846411343356267,0.,-0.532529659115659));
#2305=DIRECTION('center_axis',(0.,-1.,0.));
#2306=DIRECTION('ref_axis',(1.,0.,0.));
#2307=DIRECTION('center_axis',(0.,-1.,0.));
#2308=DIRECTION('ref_axis',(0.,-7.38553042568714E-17,-1.));
#2309=DIRECTION('center_axis',(0.,-1.,0.));
#2310=DIRECTION('ref_axis',(1.,0.,0.));
#2311=DIRECTION('center_axis',(0.,1.,0.));
#2312=DIRECTION('ref_axis',(1.22464679914735E-16,0.,-1.));
#2313=DIRECTION('center_axis',(-0.862041607562518,8.15223055198313E-16,
-0.506837515216692));
#2314=DIRECTION('ref_axis',(-1.66533453693774E-15,1.,4.44089209850063E-15));
#2315=DIRECTION('center_axis',(0.,1.,0.));
#2316=DIRECTION('ref_axis',(6.12323399573677E-17,0.,-1.));
#2317=DIRECTION('center_axis',(0.862041607562519,-9.57058440900792E-16,
-0.50683751521669));
#2318=DIRECTION('ref_axis',(-0.50683751521669,0.,-0.862041607562519));
#2319=DIRECTION('center_axis',(0.,-1.,0.));
#2320=DIRECTION('ref_axis',(6.12323399573677E-17,0.,-1.));
#2321=DIRECTION('center_axis',(0.,-1.,0.));
#2322=DIRECTION('ref_axis',(0.,0.,-1.));
#2323=DIRECTION('center_axis',(0.,1.,0.));
#2324=DIRECTION('ref_axis',(-0.581095751991018,0.,-0.813835196472845));
#2325=DIRECTION('center_axis',(0.813835196472845,0.,-0.581095751991017));
#2326=DIRECTION('ref_axis',(-0.581095751991017,0.,-0.813835196472845));
#2327=DIRECTION('center_axis',(0.,1.,0.));
#2328=DIRECTION('ref_axis',(0.,0.,1.));
#2329=DIRECTION('center_axis',(0.,-1.,0.));
#2330=DIRECTION('ref_axis',(0.1754708698039,0.,0.984484623470709));
#2331=DIRECTION('center_axis',(0.,-1.,0.));
#2332=DIRECTION('ref_axis',(0.,0.,-1.));
#2333=DIRECTION('center_axis',(-0.813835196472845,0.,-0.581095751991017));
#2334=DIRECTION('ref_axis',(0.,1.,0.));
#2335=DIRECTION('center_axis',(0.,1.,0.));
#2336=DIRECTION('ref_axis',(0.581095751991017,0.,-0.813835196472845));
#2337=DIRECTION('center_axis',(0.,1.,0.));
#2338=DIRECTION('ref_axis',(0.,0.,1.));
#2339=DIRECTION('center_axis',(0.,-1.,0.));
#2340=DIRECTION('ref_axis',(-0.175470869803899,0.,0.984484623470709));
#2341=DIRECTION('center_axis',(0.,-1.,0.));
#2342=DIRECTION('ref_axis',(0.175470869803899,0.,0.984484623470709));
#2343=DIRECTION('',(0.,-1.,0.));
#2344=DIRECTION('center_axis',(1.45652991523633E-15,1.,-1.0399935393061E-15));
#2345=DIRECTION('ref_axis',(0.581095751991018,0.,0.813835196472844));
#2346=DIRECTION('',(0.,1.,0.));
#2347=DIRECTION('center_axis',(0.,1.,0.));
#2348=DIRECTION('ref_axis',(1.,0.,0.));
#2349=DIRECTION('',(0.,1.,0.));
#2350=DIRECTION('center_axis',(0.,-1.,6.17596693362248E-17));
#2351=DIRECTION('ref_axis',(-1.60812264967664E-16,-6.4051328343759E-17,
-1.));
#2352=DIRECTION('center_axis',(-2.63817120923284E-17,-1.,2.63817120923285E-17));
#2353=DIRECTION('ref_axis',(0.0722609797405083,0.,-0.997385758273569));
#2354=DIRECTION('center_axis',(-3.96665612016746E-16,-1.,3.96665612016744E-16));
#2355=DIRECTION('ref_axis',(-0.707106781186546,0.,-0.707106781186549));
#2356=DIRECTION('',(0.,1.,-6.17596693362248E-17));
#2357=DIRECTION('center_axis',(0.,1.,0.));
#2358=DIRECTION('ref_axis',(0.0722609797405083,0.,-0.997385758273569));
#2359=DIRECTION('',(-2.63817120923284E-17,-1.,2.63817120923285E-17));
#2360=DIRECTION('center_axis',(-0.707106781186547,4.36706809914835E-17,
0.707106781186548));
#2361=DIRECTION('ref_axis',(-0.500000000000002,-0.707106781186547,-0.499999999999999));
#2362=DIRECTION('center_axis',(0.707106781186546,0.,-0.707106781186549));
#2363=DIRECTION('ref_axis',(0.,-1.,0.));
#2364=DIRECTION('',(-0.707106781186547,4.36706809914835E-17,0.707106781186548));
#2365=DIRECTION('center_axis',(-0.707106781186546,0.,0.707106781186549));
#2366=DIRECTION('ref_axis',(-0.707106781186549,0.,-0.707106781186546));
#2367=DIRECTION('',(0.707106781186547,-4.36706809914835E-17,-0.707106781186548));
#2368=DIRECTION('center_axis',(0.,-1.,6.17596693362248E-17));
#2369=DIRECTION('ref_axis',(-0.707106781186547,0.,0.707106781186548));
#2370=DIRECTION('center_axis',(0.707106781186545,0.,-0.70710678118655));
#2371=DIRECTION('ref_axis',(0.70710678118655,2.7755575615629E-16,0.707106781186545));
#2372=DIRECTION('center_axis',(0.,1.,-6.17596693362248E-17));
#2373=DIRECTION('ref_axis',(-0.707106781186548,4.36706809914835E-17,0.707106781186548));
#2374=DIRECTION('center_axis',(0.,-1.,6.17596693362248E-17));
#2375=DIRECTION('ref_axis',(-0.707106781186547,4.62592926927149E-17,0.707106781186547));
#2376=DIRECTION('center_axis',(0.707106781186547,-4.36706809914835E-17,
-0.707106781186548));
#2377=DIRECTION('ref_axis',(0.499999999999999,-0.707106781186548,0.499999999999999));
#2378=DIRECTION('center_axis',(0.707106781186548,-1.57009245868378E-15,
-0.707106781186548));
#2379=DIRECTION('ref_axis',(0.707106781186548,0.,0.707106781186548));
#2380=DIRECTION('',(-0.707106781186547,4.36706809914835E-17,0.707106781186548));
#2381=DIRECTION('',(0.707106781186547,-4.36706809914835E-17,-0.707106781186548));
#2382=DIRECTION('center_axis',(-0.0438815629038949,-0.794499361787284,0.605677449272061));
#2383=DIRECTION('ref_axis',(0.0574113022859564,-0.607264986739395,-0.792422348404077));
#2384=DIRECTION('center_axis',(0.597796952287116,4.95094879748739E-17,0.801647555872427));
#2385=DIRECTION('ref_axis',(-0.801647555872427,4.00080369234291E-17,0.597796952287116));
#2386=DIRECTION('center_axis',(3.53779572438964E-17,1.,-3.53779572438964E-17));
#2387=DIRECTION('ref_axis',(0.997385758273569,0.,-0.0722609797405018));
#2388=DIRECTION('center_axis',(3.96665612016744E-16,-1.,-3.96665612016744E-16));
#2389=DIRECTION('ref_axis',(0.597796952287116,5.55111512312577E-16,-0.801647555872427));
#2390=DIRECTION('',(3.53779572438964E-17,1.,-3.53779572438964E-17));
#2391=DIRECTION('center_axis',(0.,1.,0.));
#2392=DIRECTION('ref_axis',(0.997385758273569,0.,-0.0722609797405018));
#2393=DIRECTION('',(0.,-1.,6.17596693362248E-17));
#2394=DIRECTION('center_axis',(0.,0.,1.));
#2395=DIRECTION('ref_axis',(1.,0.,0.));
#2396=DIRECTION('center_axis',(-0.801647555872427,-3.69197421034553E-17,
-0.597796952287116));
#2397=DIRECTION('ref_axis',(-0.597796952287116,5.00100461542863E-17,0.801647555872427));
#2398=DIRECTION('center_axis',(0.,-1.,6.17596693362248E-17));
#2399=DIRECTION('ref_axis',(0.,-6.17863248487044E-17,-1.));
#2400=DIRECTION('center_axis',(0.,-1.,6.17596693362248E-17));
#2401=DIRECTION('ref_axis',(1.,0.,0.));
#2402=DIRECTION('center_axis',(0.597796952287116,-4.95094879748739E-17,
-0.801647555872427));
#2403=DIRECTION('ref_axis',(-0.801647555872427,-4.00080369234291E-17,-0.597796952287116));
#2404=DIRECTION('center_axis',(0.,-1.,6.17596693362248E-17));
#2405=DIRECTION('ref_axis',(1.,0.,0.));
#2406=DIRECTION('center_axis',(0.,1.,-6.17596693362248E-17));
#2407=DIRECTION('ref_axis',(0.,6.17596693362248E-17,1.));
#2408=DIRECTION('center_axis',(0.,-1.,6.17596693362248E-17));
#2409=DIRECTION('ref_axis',(1.,0.,0.));
#2410=DIRECTION('center_axis',(0.,1.,-6.17596693362248E-17));
#2411=DIRECTION('ref_axis',(2.83276944882399E-16,6.17596693362249E-17,1.));
#2412=DIRECTION('center_axis',(0.,-1.,6.17596693362248E-17));
#2413=DIRECTION('ref_axis',(1.,0.,0.));
#2414=DIRECTION('',(-0.707106781186548,-4.36706809914835E-17,-0.707106781186547));
#2415=DIRECTION('center_axis',(0.,1.,-6.17596693362248E-17));
#2416=DIRECTION('ref_axis',(0.707106781186548,4.36706809914835E-17,0.707106781186548));
#2417=DIRECTION('',(0.707106781186548,4.36706809914835E-17,0.707106781186548));
#2418=DIRECTION('center_axis',(0.,-1.,6.17596693362248E-17));
#2419=DIRECTION('ref_axis',(1.,0.,0.));
#2420=DIRECTION('',(-0.707106781186547,4.36706809914835E-17,0.707106781186548));
#2421=DIRECTION('center_axis',(0.,1.,-6.17596693362248E-17));
#2422=DIRECTION('ref_axis',(0.0515012078022921,-6.1677710070368E-17,-0.998672932243037));
#2423=DIRECTION('center_axis',(0.,-1.,6.17596693362248E-17));
#2424=DIRECTION('ref_axis',(-0.5341858905046,5.22095889336635E-17,0.84536704122281));
#2425=DIRECTION('center_axis',(0.,1.,-6.17596693362248E-17));
#2426=DIRECTION('ref_axis',(-1.60812264967664E-16,-6.17596693362249E-17,
-1.));
#2427=DIRECTION('center_axis',(0.,-1.,6.17596693362248E-17));
#2428=DIRECTION('ref_axis',(0.5341858905046,5.22095889336635E-17,0.84536704122281));
#2429=DIRECTION('center_axis',(0.,1.,-6.17596693362248E-17));
#2430=DIRECTION('ref_axis',(-0.0515012078022929,-6.1677710070368E-17,-0.998672932243037));
#2431=DIRECTION('',(-0.707106781186548,-4.36706809914834E-17,-0.707106781186547));
#2432=DIRECTION('center_axis',(0.,-1.,6.17596693362248E-17));
#2433=DIRECTION('ref_axis',(0.,-6.17863248487044E-17,-1.));
#2434=DIRECTION('center_axis',(0.,-1.,6.17596693362248E-17));
#2435=DIRECTION('ref_axis',(1.,0.,0.));
#2436=DIRECTION('center_axis',(0.977027027027027,1.31619387704699E-17,0.213115434585882));
#2437=DIRECTION('ref_axis',(-0.213115434585882,6.00120553851436E-17,0.977027027027027));
#2438=DIRECTION('center_axis',(0.,-1.,6.17596693362248E-17));
#2439=DIRECTION('ref_axis',(0.,-7.38553042568714E-17,-1.));
#2440=DIRECTION('center_axis',(0.,-1.,0.));
#2441=DIRECTION('ref_axis',(0.,-7.38553042568714E-17,-1.));
#2442=DIRECTION('',(0.,-1.,6.17596693362248E-17));
#2443=DIRECTION('center_axis',(0.,-1.,0.));
#2444=DIRECTION('ref_axis',(0.,-7.38553042568714E-17,-1.));
#2445=DIRECTION('',(0.,1.,-6.17596693362248E-17));
#2446=DIRECTION('center_axis',(0.,-1.,6.17596693362248E-17));
#2447=DIRECTION('ref_axis',(1.,0.,0.));
#2448=DIRECTION('center_axis',(0.,-1.,0.));
#2449=DIRECTION('ref_axis',(0.,-7.38553042568714E-17,-1.));
#2450=DIRECTION('',(0.,1.,-6.17596693362248E-17));
#2451=DIRECTION('center_axis',(0.,-1.,6.17596693362248E-17));
#2452=DIRECTION('ref_axis',(1.,0.,0.));
#2453=DIRECTION('',(0.,-1.,6.17596693362248E-17));
#2454=DIRECTION('center_axis',(0.,-1.,0.));
#2455=DIRECTION('ref_axis',(0.,-7.38553042568714E-17,-1.));
#2456=DIRECTION('',(0.,1.,-6.17596693362248E-17));
#2457=DIRECTION('center_axis',(0.,-1.,6.17596693362248E-17));
#2458=DIRECTION('ref_axis',(1.,0.,0.));
#2459=DIRECTION('',(0.,-1.,6.17596693362248E-17));
#2460=DIRECTION('',(0.,1.,-6.17596693362248E-17));
#2461=DIRECTION('center_axis',(3.53779572438964E-17,-1.,3.53779572438964E-17));
#2462=DIRECTION('ref_axis',(-0.997385758273569,0.,-0.0722609797405015));
#2463=DIRECTION('center_axis',(-3.96665612016744E-16,-1.,-3.96665612016744E-16));
#2464=DIRECTION('ref_axis',(-0.707106781186548,0.,0.707106781186548));
#2465=DIRECTION('center_axis',(0.,1.,0.));
#2466=DIRECTION('ref_axis',(-0.997385758273569,0.,-0.0722609797405015));
#2467=DIRECTION('',(3.53779572438964E-17,-1.,3.53779572438964E-17));
#2468=DIRECTION('center_axis',(0.707106781186548,4.36706809914835E-17,0.707106781186547));
#2469=DIRECTION('ref_axis',(-0.499999999999999,-0.707106781186548,0.499999999999999));
#2470=DIRECTION('center_axis',(-0.70710678118655,-3.14018491736754E-15,
-0.707106781186545));
#2471=DIRECTION('ref_axis',(0.,-1.,4.44089209850063E-15));
#2472=DIRECTION('',(0.707106781186548,4.36706809914835E-17,0.707106781186547));
#2473=DIRECTION('center_axis',(0.707106781186549,0.,0.707106781186546));
#2474=DIRECTION('ref_axis',(-0.707106781186546,0.,0.707106781186549));
#2475=DIRECTION('center_axis',(0.,-1.,6.17596693362248E-17));
#2476=DIRECTION('ref_axis',(0.707106781186547,0.,0.707106781186548));
#2477=DIRECTION('center_axis',(-0.707106781186548,0.,-0.707106781186548));
#2478=DIRECTION('ref_axis',(0.707106781186548,-2.77555756156291E-16,-0.707106781186548));
#2479=DIRECTION('center_axis',(0.,-1.,6.17596693362248E-17));
#2480=DIRECTION('ref_axis',(0.707106781186547,4.62592926927149E-17,0.707106781186547));
#2481=DIRECTION('center_axis',(-0.707106781186548,-4.36706809914835E-17,
-0.707106781186548));
#2482=DIRECTION('ref_axis',(0.5,-0.707106781186548,-0.5));
#2483=DIRECTION('center_axis',(-0.707106781186549,0.,-0.707106781186546));
#2484=DIRECTION('ref_axis',(0.707106781186546,0.,-0.707106781186549));
#2485=DIRECTION('',(-0.707106781186548,-4.36706809914835E-17,-0.707106781186548));
#2486=DIRECTION('center_axis',(0.,0.,1.));
#2487=DIRECTION('ref_axis',(1.,0.,0.));
#2488=DIRECTION('center_axis',(0.801647555872427,-3.69197421034552E-17,
-0.597796952287115));
#2489=DIRECTION('ref_axis',(0.597796952287115,5.00100461542863E-17,0.801647555872427));
#2490=DIRECTION('center_axis',(-2.63817120923285E-17,1.,-2.63817120923285E-17));
#2491=DIRECTION('ref_axis',(-0.0722609797405085,0.,-0.997385758273569));
#2492=DIRECTION('center_axis',(3.96665612016745E-16,-1.,3.96665612016745E-16));
#2493=DIRECTION('ref_axis',(-0.801647555872428,-5.55111512312578E-16,-0.597796952287114));
#2494=DIRECTION('',(-2.63817120923285E-17,1.,-2.63817120923285E-17));
#2495=DIRECTION('center_axis',(0.,1.,0.));
#2496=DIRECTION('ref_axis',(-0.0722609797405085,0.,-0.997385758273569));
#2497=DIRECTION('center_axis',(0.0438815629038949,-0.794499361787282,0.605677449272063));
#2498=DIRECTION('ref_axis',(-0.05741130228596,-0.607264986739398,-0.792422348404075));
#2499=DIRECTION('center_axis',(-0.597796952287116,4.95094879748739E-17,
0.801647555872427));
#2500=DIRECTION('ref_axis',(0.801647555872427,4.00080369234291E-17,0.597796952287116));
#2501=DIRECTION('center_axis',(0.,-1.,6.17596693362248E-17));
#2502=DIRECTION('ref_axis',(0.,-6.17863248487044E-17,-1.));
#2503=DIRECTION('center_axis',(-0.977027027027027,1.31619387704699E-17,
0.213115434585881));
#2504=DIRECTION('ref_axis',(0.213115434585881,6.00120553851436E-17,0.977027027027027));
#2505=DIRECTION('center_axis',(0.,-1.,6.17596693362248E-17));
#2506=DIRECTION('ref_axis',(0.,-6.17863248487044E-17,-1.));
#2507=DIRECTION('center_axis',(-0.597796952287116,-4.95094879748739E-17,
-0.801647555872427));
#2508=DIRECTION('ref_axis',(0.801647555872427,-4.00080369234291E-17,-0.597796952287116));
#2509=DIRECTION('center_axis',(0.,-1.,6.17596693362248E-17));
#2510=DIRECTION('ref_axis',(-0.846411343356272,0.,-0.53252965911565));
#2511=DIRECTION('',(0.,-1.,0.));
#2512=DIRECTION('center_axis',(-2.66986434476711E-16,-1.,-3.4231876592609E-16));
#2513=DIRECTION('ref_axis',(-0.788527107967761,0.,0.615));
#2514=DIRECTION('center_axis',(0.,-1.,6.17596693362248E-17));
#2515=DIRECTION('ref_axis',(-3.21624529935327E-16,5.2245789394125E-17,1.));
#2516=DIRECTION('center_axis',(-0.615000000000001,2.04836148043342E-15,
-0.788527107967759));
#2517=DIRECTION('ref_axis',(-3.33066907387547E-15,-1.,0.));
#2518=DIRECTION('center_axis',(0.,-1.,6.17596693362248E-17));
#2519=DIRECTION('ref_axis',(2.83276944882399E-16,6.4051328343759E-17,1.));
#2520=DIRECTION('center_axis',(0.615000000000002,-2.8189766430831E-15,-0.788527107967759));
#2521=DIRECTION('ref_axis',(0.788527107967759,0.,0.615000000000002));
#2522=DIRECTION('center_axis',(-0.879520034071535,0.447442662607866,0.161986336908978));
#2523=DIRECTION('ref_axis',(-0.475861859857255,-0.826993753985617,-0.299394090125325));
#2524=DIRECTION('center_axis',(0.,1.,-6.17596693362248E-17));
#2525=DIRECTION('ref_axis',(0.846411343356272,0.,-0.53252965911565));
#2526=DIRECTION('center_axis',(2.66986434476711E-16,-1.,-3.4231876592609E-16));
#2527=DIRECTION('ref_axis',(-0.213115434585881,2.77555756156289E-16,-0.977027027027027));
#2528=DIRECTION('',(0.,1.,0.));
#2529=DIRECTION('center_axis',(-0.879520034071555,-0.44744266260783,-0.161986336908967));
#2530=DIRECTION('ref_axis',(0.475861859857218,-0.826993753985634,-0.299394090125336));
#2531=DIRECTION('center_axis',(0.,-1.,0.));
#2532=DIRECTION('ref_axis',(1.,0.,0.));
#2533=DIRECTION('center_axis',(-1.,0.,1.22464679914735E-16));
#2534=DIRECTION('ref_axis',(-1.22464679914735E-16,0.,-1.));
#2535=DIRECTION('center_axis',(0.,1.,0.));
#2536=DIRECTION('ref_axis',(1.,0.,0.));
#2537=DIRECTION('center_axis',(0.,1.,0.));
#2538=DIRECTION('ref_axis',(1.,0.,0.));
#2539=DIRECTION('center_axis',(0.,1.,0.));
#2540=DIRECTION('ref_axis',(1.,0.,0.));
#2541=DIRECTION('',(0.,-1.,0.));
#2542=DIRECTION('center_axis',(0.,-1.,0.));
#2543=DIRECTION('ref_axis',(1.,0.,0.));
#2544=DIRECTION('center_axis',(-2.63817120923284E-17,-1.,2.63817120923284E-17));
#2545=DIRECTION('ref_axis',(-0.0722609797404948,0.,0.99738575827357));
#2546=DIRECTION('center_axis',(-3.96665612016744E-16,-1.,3.96665612016746E-16));
#2547=DIRECTION('ref_axis',(0.707106781186549,0.,0.707106781186546));
#2548=DIRECTION('center_axis',(0.,1.,0.));
#2549=DIRECTION('ref_axis',(-0.0722609797404948,0.,0.99738575827357));
#2550=DIRECTION('',(-2.63817120923284E-17,-1.,2.63817120923284E-17));
#2551=DIRECTION('center_axis',(0.0849870882447041,-0.874881348907286,-0.476822629670463));
#2552=DIRECTION('ref_axis',(-0.153516191267972,-0.484337305329837,0.861307235360535));
#2553=DIRECTION('center_axis',(-1.72615111096466E-15,1.,4.72724336048226E-16));
#2554=DIRECTION('ref_axis',(0.26413443272319,0.,0.964485874157833));
#2555=DIRECTION('center_axis',(0.964485874157833,0.,-0.26413443272319));
#2556=DIRECTION('ref_axis',(0.,-1.,0.));
#2557=DIRECTION('center_axis',(-0.813835196472845,4.51769286687247E-16,
-0.581095751991017));
#2558=DIRECTION('ref_axis',(-0.581095751991017,0.,0.813835196472845));
#2559=DIRECTION('center_axis',(0.,1.,-6.17596693362248E-17));
#2560=DIRECTION('ref_axis',(0.,5.07530525542929E-17,1.));
#2561=DIRECTION('center_axis',(0.630618706041361,0.,-0.776092808619381));
#2562=DIRECTION('ref_axis',(0.776092808619381,0.,0.630618706041361));
#2563=DIRECTION('center_axis',(0.,1.,-6.17596693362248E-17));
#2564=DIRECTION('ref_axis',(0.5341858905046,5.55111512312578E-17,0.84536704122281));
#2565=DIRECTION('center_axis',(0.,-1.,6.17596693362248E-17));
#2566=DIRECTION('ref_axis',(0.,-8.88178419700125E-17,-1.));
#2567=DIRECTION('center_axis',(0.707106781186548,0.,0.707106781186548));
#2568=DIRECTION('ref_axis',(-0.707106781186548,0.,0.707106781186548));
#2569=DIRECTION('center_axis',(0.,-1.,6.17596693362248E-17));
#2570=DIRECTION('ref_axis',(-0.0515012078022929,-4.62592926927148E-17,-0.998672932243037));
#2571=DIRECTION('center_axis',(0.707106781186548,4.36706809914834E-17,0.707106781186547));
#2572=DIRECTION('ref_axis',(-0.5,-0.707106781186547,0.5));
#2573=DIRECTION('center_axis',(0.707106781186549,-1.57009245868377E-15,
0.707106781186546));
#2574=DIRECTION('ref_axis',(-0.707106781186546,0.,0.707106781186549));
#2575=DIRECTION('',(0.707106781186548,4.36706809914834E-17,0.707106781186547));
#2576=DIRECTION('center_axis',(-0.0849870882447007,-0.874881348907287,-0.47682262967046));
#2577=DIRECTION('ref_axis',(0.153516191267967,-0.484337305329835,0.861307235360537));
#2578=DIRECTION('center_axis',(0.813835196472846,0.,-0.581095751991016));
#2579=DIRECTION('ref_axis',(0.,-1.,0.));
#2580=DIRECTION('center_axis',(-0.964485874157833,-3.79887953085843E-15,
-0.264134432723189));
#2581=DIRECTION('ref_axis',(-0.264134432723189,0.,0.964485874157833));
#2582=DIRECTION('center_axis',(0.,-1.,6.17596693362248E-17));
#2583=DIRECTION('ref_axis',(0.,-5.2245789394125E-17,-1.));
#2584=DIRECTION('center_axis',(0.707106781186547,-4.36706809914835E-17,
-0.707106781186548));
#2585=DIRECTION('ref_axis',(0.5,-0.707106781186547,0.5));
#2586=DIRECTION('center_axis',(-0.707106781186549,0.,0.707106781186546));
#2587=DIRECTION('ref_axis',(0.,-1.,0.));
#2588=DIRECTION('',(0.707106781186547,-4.36706809914835E-17,-0.707106781186548));
#2589=DIRECTION('center_axis',(0.707106781186549,0.,-0.707106781186546));
#2590=DIRECTION('ref_axis',(0.707106781186546,2.77555756156288E-16,0.707106781186549));
#2591=DIRECTION('center_axis',(0.,-1.,6.17596693362248E-17));
#2592=DIRECTION('ref_axis',(0.,-8.88178419700125E-17,-1.));
#2593=DIRECTION('center_axis',(0.630618706041361,0.,0.776092808619381));
#2594=DIRECTION('ref_axis',(-0.776092808619381,0.,0.630618706041361));
#2595=DIRECTION('center_axis',(0.,-1.,6.17596693362248E-17));
#2596=DIRECTION('ref_axis',(0.0515012078022921,-4.62592926927149E-17,-0.998672932243037));
#2597=DIRECTION('center_axis',(0.,1.,-6.17596693362248E-17));
#2598=DIRECTION('ref_axis',(0.,5.07530525542929E-17,1.));
#2599=DIRECTION('center_axis',(0.,1.,-6.17596693362248E-17));
#2600=DIRECTION('ref_axis',(-0.5341858905046,5.55111512312578E-17,0.84536704122281));
#2601=DIRECTION('center_axis',(0.,1.,0.));
#2602=DIRECTION('ref_axis',(-0.175470869803899,0.,0.984484623470709));
#2603=DIRECTION('',(0.,-1.,0.));
#2604=DIRECTION('center_axis',(0.0438815629038878,-0.794499361787285,-0.60567744927206));
#2605=DIRECTION('ref_axis',(-0.0574113022859458,-0.607264986739395,0.792422348404078));
#2606=DIRECTION('center_axis',(-2.63817120923285E-17,1.,-2.63817120923284E-17));
#2607=DIRECTION('ref_axis',(0.0722609797405083,0.,0.997385758273569));
#2608=DIRECTION('center_axis',(3.96665612016746E-16,-1.,3.96665612016744E-16));
#2609=DIRECTION('ref_axis',(0.801647555872428,5.55111512312578E-16,0.597796952287114));
#2610=DIRECTION('',(-2.63817120923285E-17,1.,-2.63817120923284E-17));
#2611=DIRECTION('center_axis',(0.,1.,0.));
#2612=DIRECTION('ref_axis',(0.0722609797405083,0.,0.997385758273569));
#2613=DIRECTION('center_axis',(-0.0438815629038984,-0.794499361787285,-0.60567744927206));
#2614=DIRECTION('ref_axis',(0.0574113022859599,-0.607264986739395,0.792422348404078));
#2615=DIRECTION('center_axis',(0.,1.,0.));
#2616=DIRECTION('ref_axis',(1.,0.,0.));
#2617=DIRECTION('',(0.,1.,0.));
#2618=DIRECTION('',(0.,1.,0.));
#2619=DIRECTION('center_axis',(-0.707106781186548,0.,-0.707106781186547));
#2620=DIRECTION('ref_axis',(-0.707106781186547,4.25642790874358E-48,0.707106781186548));
#2621=DIRECTION('',(-0.707106781186547,4.25642790874358E-48,0.707106781186548));
#2622=DIRECTION('',(0.,1.,0.));
#2623=DIRECTION('center_axis',(0.707106781186548,0.,0.707106781186547));
#2624=DIRECTION('ref_axis',(0.707106781186547,0.,-0.707106781186548));
#2625=DIRECTION('center_axis',(0.707106781186548,0.,0.707106781186547));
#2626=DIRECTION('ref_axis',(0.707106781186547,0.,-0.707106781186548));
#2627=DIRECTION('center_axis',(0.,0.,1.));
#2628=DIRECTION('ref_axis',(1.,0.,0.));
#2629=DIRECTION('center_axis',(0.,0.,-1.));
#2630=DIRECTION('ref_axis',(1.,0.,0.));
#2631=DIRECTION('',(0.857167300702112,-1.04972719113862E-16,-0.515038074910054));
#2632=DIRECTION('center_axis',(0.,0.,-1.));
#2633=DIRECTION('ref_axis',(1.,0.,0.));
#2634=DIRECTION('center_axis',(0.,0.,-1.));
#2635=DIRECTION('ref_axis',(1.,0.,0.));
#2636=DIRECTION('',(0.,0.,-1.));
#2637=DIRECTION('center_axis',(0.,0.,1.));
#2638=DIRECTION('ref_axis',(1.,0.,0.));
#2639=DIRECTION('center_axis',(0.,0.,-1.));
#2640=DIRECTION('ref_axis',(1.,0.,0.));
#2641=DIRECTION('',(0.857167300702112,-1.04972719113862E-16,-0.515038074910054));
#2642=DIRECTION('center_axis',(0.,0.,-1.));
#2643=DIRECTION('ref_axis',(1.,0.,0.));
#2644=DIRECTION('center_axis',(0.,0.,-1.));
#2645=DIRECTION('ref_axis',(1.,0.,0.));
#2646=DIRECTION('',(0.,0.,-1.));
#2647=DIRECTION('center_axis',(0.,0.,1.));
#2648=DIRECTION('ref_axis',(1.,0.,0.));
#2649=DIRECTION('center_axis',(0.,0.,-1.));
#2650=DIRECTION('ref_axis',(1.,0.,0.));
#2651=DIRECTION('',(0.857167300702112,-1.04972719113862E-16,-0.515038074910054));
#2652=DIRECTION('center_axis',(0.,0.,-1.));
#2653=DIRECTION('ref_axis',(1.,0.,0.));
#2654=DIRECTION('center_axis',(0.,0.,-1.));
#2655=DIRECTION('ref_axis',(1.,0.,0.));
#2656=DIRECTION('',(0.,0.,-1.));
#2657=DIRECTION('center_axis',(0.,0.,1.));
#2658=DIRECTION('ref_axis',(1.,0.,0.));
#2659=DIRECTION('center_axis',(0.,0.,-1.));
#2660=DIRECTION('ref_axis',(1.,0.,0.));
#2661=DIRECTION('',(0.857167300702112,-1.04972719113862E-16,-0.515038074910054));
#2662=DIRECTION('center_axis',(0.,0.,-1.));
#2663=DIRECTION('ref_axis',(1.,0.,0.));
#2664=DIRECTION('center_axis',(0.,0.,-1.));
#2665=DIRECTION('ref_axis',(1.,0.,0.));
#2666=DIRECTION('',(0.,0.,-1.));
#2667=DIRECTION('center_axis',(0.,-1.,0.));
#2668=DIRECTION('ref_axis',(-1.,0.,0.));
#2669=DIRECTION('',(-1.,0.,0.));
#2670=DIRECTION('',(0.,0.,-1.));
#2671=DIRECTION('',(-1.,0.,0.));
#2672=DIRECTION('',(0.,0.,-1.));
#2673=DIRECTION('center_axis',(0.,1.,0.));
#2674=DIRECTION('ref_axis',(0.,0.,-1.));
#2675=DIRECTION('center_axis',(0.,0.,-1.));
#2676=DIRECTION('ref_axis',(1.,0.,0.));
#2677=DIRECTION('center_axis',(0.,0.,-1.));
#2678=DIRECTION('ref_axis',(1.,0.,0.));
#2679=DIRECTION('',(0.,0.,-1.));
#2680=DIRECTION('center_axis',(0.,0.,-1.));
#2681=DIRECTION('ref_axis',(1.,0.,0.));
#2682=DIRECTION('center_axis',(0.,1.,0.));
#2683=DIRECTION('ref_axis',(1.,0.,0.));
#2684=DIRECTION('',(1.,0.,0.));
#2685=DIRECTION('',(0.,0.,-1.));
#2686=DIRECTION('',(1.,0.,0.));
#2687=DIRECTION('center_axis',(0.,0.,-1.));
#2688=DIRECTION('ref_axis',(-1.,-1.45473230946492E-15,0.));
#2689=DIRECTION('center_axis',(0.,0.,-1.));
#2690=DIRECTION('ref_axis',(1.,0.,0.));
#2691=DIRECTION('center_axis',(0.,0.,-1.));
#2692=DIRECTION('ref_axis',(1.,0.,0.));
#2693=DIRECTION('center_axis',(0.,0.,1.));
#2694=DIRECTION('ref_axis',(1.,0.,0.));
#2695=DIRECTION('center_axis',(0.,0.,1.));
#2696=DIRECTION('ref_axis',(1.,0.,0.));
#2697=DIRECTION('center_axis',(0.,0.,-1.));
#2698=DIRECTION('ref_axis',(1.,0.,0.));
#2699=DIRECTION('center_axis',(0.,0.,-1.));
#2700=DIRECTION('ref_axis',(1.,0.,0.));
#2701=DIRECTION('',(0.,0.,-1.));
#2702=DIRECTION('center_axis',(0.,0.,-1.));
#2703=DIRECTION('ref_axis',(1.,0.,0.));
#2704=DIRECTION('center_axis',(0.,0.,-1.));
#2705=DIRECTION('ref_axis',(1.,0.,0.));
#2706=DIRECTION('',(0.,0.,-1.));
#2707=DIRECTION('center_axis',(-0.707106781186547,0.,0.707106781186548));
#2708=DIRECTION('ref_axis',(0.707106781186548,0.,0.707106781186547));
#2709=DIRECTION('center_axis',(0.,0.,-1.));
#2710=DIRECTION('ref_axis',(1.,0.,0.));
#2711=DIRECTION('',(0.,0.,-1.));
#2712=DIRECTION('center_axis',(0.,1.,0.));
#2713=DIRECTION('ref_axis',(1.,0.,0.));
#2714=DIRECTION('center_axis',(0.,1.,0.));
#2715=DIRECTION('ref_axis',(1.,0.,0.));
#2716=DIRECTION('',(0.,1.,0.));
#2717=DIRECTION('center_axis',(0.,1.,0.));
#2718=DIRECTION('ref_axis',(1.,0.,0.));
#2719=DIRECTION('',(0.,1.,0.));
#2720=DIRECTION('',(0.,1.,0.));
#2721=DIRECTION('center_axis',(0.,1.,0.));
#2722=DIRECTION('ref_axis',(1.,0.,0.));
#2723=DIRECTION('',(0.,1.,0.));
#2724=DIRECTION('center_axis',(0.,1.,0.));
#2725=DIRECTION('ref_axis',(1.,0.,0.));
#2726=DIRECTION('',(0.,1.,0.));
#2727=DIRECTION('center_axis',(0.,-1.,0.));
#2728=DIRECTION('ref_axis',(0.,0.,-1.));
#2729=DIRECTION('center_axis',(0.,1.,0.));
#2730=DIRECTION('ref_axis',(0.,0.,-1.));
#2731=DIRECTION('',(-1.04972719113862E-16,0.515038074910054,-0.857167300702112));
#2732=DIRECTION('center_axis',(0.,1.,0.));
#2733=DIRECTION('ref_axis',(0.,0.,-1.));
#2734=DIRECTION('center_axis',(0.,1.,0.));
#2735=DIRECTION('ref_axis',(0.,0.,-1.));
#2736=DIRECTION('',(0.,1.,0.));
#2737=DIRECTION('center_axis',(0.,1.,0.));
#2738=DIRECTION('ref_axis',(0.,0.,-1.));
#2739=DIRECTION('center_axis',(0.,1.,0.));
#2740=DIRECTION('ref_axis',(0.,0.,-1.));
#2741=DIRECTION('',(0.,1.,0.));
#2742=DIRECTION('center_axis',(0.,1.,0.));
#2743=DIRECTION('ref_axis',(1.,0.,0.));
#2744=DIRECTION('center_axis',(0.,1.,-6.17596693362248E-17));
#2745=DIRECTION('ref_axis',(1.,0.,0.));
#2746=DIRECTION('',(0.,1.,0.));
#2747=DIRECTION('center_axis',(0.,1.,0.));
#2748=DIRECTION('ref_axis',(1.,0.,0.));
#2749=DIRECTION('center_axis',(0.,-1.,0.));
#2750=DIRECTION('ref_axis',(1.,0.,0.));
#2751=DIRECTION('center_axis',(0.,1.,0.));
#2752=DIRECTION('ref_axis',(1.,0.,0.));
#2753=DIRECTION('center_axis',(0.,1.,-6.17596693362248E-17));
#2754=DIRECTION('ref_axis',(1.,0.,0.));
#2755=DIRECTION('',(0.,1.,0.));
#2756=DIRECTION('center_axis',(0.,1.,0.));
#2757=DIRECTION('ref_axis',(1.,0.,0.));
#2758=DIRECTION('center_axis',(0.,-1.,0.));
#2759=DIRECTION('ref_axis',(1.,0.,0.));
#2760=DIRECTION('center_axis',(0.,1.,0.));
#2761=DIRECTION('ref_axis',(-1.96005385927235E-15,0.,1.));
#2762=DIRECTION('center_axis',(0.,-1.,0.));
#2763=DIRECTION('ref_axis',(1.,0.,0.));
#2764=DIRECTION('center_axis',(0.,-1.,0.));
#2765=DIRECTION('ref_axis',(0.776092808619381,0.,0.630618706041361));
#2766=DIRECTION('center_axis',(0.,-1.,0.));
#2767=DIRECTION('ref_axis',(1.,0.,0.));
#2768=DIRECTION('center_axis',(0.,-1.,0.));
#2769=DIRECTION('ref_axis',(1.,0.,0.));
#2770=DIRECTION('',(-0.110522504503077,-0.993873621743915,1.35351031373442E-17));
#2771=DIRECTION('center_axis',(0.,-1.,0.));
#2772=DIRECTION('ref_axis',(1.,0.,0.));
#2773=DIRECTION('center_axis',(0.,-1.,0.));
#2774=DIRECTION('ref_axis',(1.,0.,0.));
#2775=DIRECTION('center_axis',(0.,-1.,0.));
#2776=DIRECTION('ref_axis',(1.,0.,0.));
#2777=DIRECTION('center_axis',(0.,-1.,0.));
#2778=DIRECTION('ref_axis',(1.,0.,0.));
#2779=DIRECTION('center_axis',(0.,-1.,0.));
#2780=DIRECTION('ref_axis',(1.,0.,0.));
#2781=DIRECTION('center_axis',(0.,-1.,0.));
#2782=DIRECTION('ref_axis',(1.,0.,0.));
#2783=DIRECTION('',(-0.110522504503077,-0.993873621743915,1.35351031373442E-17));
#2784=DIRECTION('center_axis',(0.,-1.,0.));
#2785=DIRECTION('ref_axis',(1.,0.,0.));
#2786=DIRECTION('center_axis',(0.,-1.,0.));
#2787=DIRECTION('ref_axis',(1.,0.,0.));
#2788=DIRECTION('center_axis',(0.,-1.,0.));
#2789=DIRECTION('ref_axis',(1.,0.,0.));
#2790=DIRECTION('center_axis',(0.,-1.,0.));
#2791=DIRECTION('ref_axis',(1.,0.,0.));
#2792=DIRECTION('center_axis',(0.,-1.,0.));
#2793=DIRECTION('ref_axis',(1.,0.,0.));
#2794=DIRECTION('center_axis',(0.,-1.,0.));
#2795=DIRECTION('ref_axis',(1.,0.,0.));
#2796=DIRECTION('',(-0.110522504503077,-0.993873621743915,1.35351031373442E-17));
#2797=DIRECTION('center_axis',(0.,1.,0.));
#2798=DIRECTION('ref_axis',(1.,0.,0.));
#2799=DIRECTION('center_axis',(0.,-1.,0.));
#2800=DIRECTION('ref_axis',(1.,0.,0.));
#2801=DIRECTION('center_axis',(0.,1.,0.));
#2802=DIRECTION('ref_axis',(1.,0.,0.));
#2803=DIRECTION('center_axis',(0.,1.,0.));
#2804=DIRECTION('ref_axis',(-0.707106781186548,0.,0.707106781186547));
#2805=DIRECTION('',(0.,1.,0.));
#2806=DIRECTION('',(0.,1.,0.));
#2807=DIRECTION('center_axis',(0.,-1.,0.));
#2808=DIRECTION('ref_axis',(1.,0.,0.));
#2809=DIRECTION('center_axis',(0.,-1.,0.));
#2810=DIRECTION('ref_axis',(1.,0.,0.));
#2811=DIRECTION('center_axis',(0.,-1.,0.));
#2812=DIRECTION('ref_axis',(1.,0.,0.));
#2813=DIRECTION('center_axis',(0.,-1.,0.));
#2814=DIRECTION('ref_axis',(1.,0.,0.));
#2815=DIRECTION('',(-0.110522504503077,-0.993873621743915,1.35351031373442E-17));
#2816=DIRECTION('center_axis',(0.,-1.,0.));
#2817=DIRECTION('ref_axis',(1.,0.,0.));
#2818=DIRECTION('center_axis',(0.,1.,0.));
#2819=DIRECTION('ref_axis',(1.,0.,0.));
#2820=DIRECTION('center_axis',(0.,-1.,0.));
#2821=DIRECTION('ref_axis',(1.,0.,0.));
#2822=DIRECTION('center_axis',(0.,1.,0.));
#2823=DIRECTION('ref_axis',(1.,0.,0.));
#2824=DIRECTION('',(0.,1.,0.));
#2825=DIRECTION('',(0.,1.,0.));
#2826=DIRECTION('center_axis',(0.,-1.,0.));
#2827=DIRECTION('ref_axis',(1.,0.,0.));
#2828=DIRECTION('center_axis',(0.,-1.,0.));
#2829=DIRECTION('ref_axis',(1.,0.,0.));
#2830=DIRECTION('center_axis',(0.,1.,0.));
#2831=DIRECTION('ref_axis',(1.,0.,0.));
#2832=DIRECTION('',(0.,-1.,0.));
#2833=DIRECTION('center_axis',(0.,1.,0.));
#2834=DIRECTION('ref_axis',(1.,0.,0.));
#2835=DIRECTION('center_axis',(0.,-1.,0.));
#2836=DIRECTION('ref_axis',(1.,0.,0.));
#2837=DIRECTION('center_axis',(0.,1.,0.));
#2838=DIRECTION('ref_axis',(1.,0.,0.));
#2839=DIRECTION('',(0.,-1.,0.));
#2840=DIRECTION('center_axis',(0.,1.,0.));
#2841=DIRECTION('ref_axis',(1.,0.,0.));
#2842=DIRECTION('center_axis',(0.,-1.,0.));
#2843=DIRECTION('ref_axis',(1.,0.,0.));
#2844=DIRECTION('',(-0.707106781186548,-4.25642790874357E-48,-0.707106781186547));
#2845=DIRECTION('center_axis',(0.,-1.,0.));
#2846=DIRECTION('ref_axis',(0.776092808619381,0.,0.630618706041361));
#2847=DIRECTION('center_axis',(0.,1.,0.));
#2848=DIRECTION('ref_axis',(1.,0.,0.));
#2849=DIRECTION('',(0.,-1.,0.));
#2850=DIRECTION('center_axis',(0.,1.,0.));
#2851=DIRECTION('ref_axis',(1.,0.,0.));
#2852=DIRECTION('center_axis',(0.,-1.,0.));
#2853=DIRECTION('ref_axis',(1.,0.,0.));
#2854=DIRECTION('',(0.707106781186547,4.25642790874358E-48,-0.707106781186548));
#2855=DIRECTION('',(-0.707106781186547,-4.25642790874357E-48,0.707106781186548));
#2856=DIRECTION('center_axis',(0.,1.,0.));
#2857=DIRECTION('ref_axis',(1.,0.,0.));
#2858=DIRECTION('',(0.,-1.,0.));
#2859=DIRECTION('center_axis',(0.,1.,0.));
#2860=DIRECTION('ref_axis',(1.,0.,0.));
#2861=DIRECTION('center_axis',(0.,-1.,0.));
#2862=DIRECTION('ref_axis',(1.,0.,0.));
#2863=DIRECTION('center_axis',(0.707106781186547,0.,-0.707106781186548));
#2864=DIRECTION('ref_axis',(-0.707106781186548,4.25642790874357E-48,-0.707106781186547));
#2865=DIRECTION('',(-0.707106781186548,4.25642790874357E-48,-0.707106781186547));
#2866=DIRECTION('center_axis',(-0.707106781186548,0.,0.707106781186548));
#2867=DIRECTION('ref_axis',(0.707106781186548,-4.25642790874357E-48,0.707106781186548));
#2868=DIRECTION('',(0.707106781186548,-4.25642790874357E-48,0.707106781186548));
#2869=DIRECTION('center_axis',(0.,-1.,0.));
#2870=DIRECTION('ref_axis',(1.,0.,0.));
#2871=DIRECTION('center_axis',(0.,-1.,0.));
#2872=DIRECTION('ref_axis',(1.,0.,0.));
#2873=DIRECTION('center_axis',(0.,0.,1.));
#2874=DIRECTION('ref_axis',(1.,0.,0.));
#2875=DIRECTION('',(1.,0.,0.));
#2876=DIRECTION('',(-1.,0.,0.));
#2877=DIRECTION('center_axis',(0.,1.,0.));
#2878=DIRECTION('ref_axis',(0.776092808619381,0.,0.630618706041361));
#2879=DIRECTION('center_axis',(0.707106781186547,0.,-0.707106781186548));
#2880=DIRECTION('ref_axis',(-0.707106781186548,-4.25642790874357E-48,-0.707106781186547));
#2881=DIRECTION('center_axis',(0.,-1.,6.17596693362248E-17));
#2882=DIRECTION('ref_axis',(0.,-6.17596693362248E-17,-1.));
#2883=DIRECTION('center_axis',(-0.707106781186548,0.,-0.707106781186547));
#2884=DIRECTION('ref_axis',(-0.707106781186547,-4.25642790874357E-48,0.707106781186548));
#2885=DIRECTION('center_axis',(0.707106781186548,0.,0.707106781186547));
#2886=DIRECTION('ref_axis',(0.707106781186547,4.25642790874358E-48,-0.707106781186548));
#2887=DIRECTION('center_axis',(0.,-1.,0.));
#2888=DIRECTION('ref_axis',(1.,0.,0.));
#2889=DIRECTION('center_axis',(0.,1.,-6.17596693362248E-17));
#2890=DIRECTION('ref_axis',(0.,-7.38553042568714E-17,-1.));
#2891=DIRECTION('center_axis',(0.,-1.,6.17596693362248E-17));
#2892=DIRECTION('ref_axis',(1.,0.,0.));
#2893=DIRECTION('',(-1.14465684314123E-16,0.355481691710648,0.934683244130618));
#2894=DIRECTION('center_axis',(0.,-1.,6.17596693362248E-17));
#2895=DIRECTION('ref_axis',(1.,0.,0.));
#2896=DIRECTION('center_axis',(0.,-1.,6.17596693362248E-17));
#2897=DIRECTION('ref_axis',(0.,-7.38553042568714E-17,-1.));
#2898=DIRECTION('center_axis',(0.,-1.,6.17596693362248E-17));
#2899=DIRECTION('ref_axis',(1.,0.,0.));
#2900=DIRECTION('',(5.10269499644578E-18,0.999131567356817,-0.0416666666666543));
#2901=DIRECTION('center_axis',(0.,-1.,6.17596693362248E-17));
#2902=DIRECTION('ref_axis',(0.,-7.38553042568714E-17,-1.));
#2903=DIRECTION('center_axis',(0.,-1.,6.17596693362248E-17));
#2904=DIRECTION('ref_axis',(1.,0.,0.));
#2905=DIRECTION('',(1.17692918405834E-16,0.27642459310984,-0.961035610330886));
#2906=DIRECTION('center_axis',(0.,-1.,6.17596693362248E-17));
#2907=DIRECTION('ref_axis',(0.,-7.38553042568714E-17,-1.));
#2908=DIRECTION('center_axis',(0.,-1.,6.17596693362248E-17));
#2909=DIRECTION('ref_axis',(1.,0.,0.));
#2910=DIRECTION('',(5.10269499644736E-18,0.999131567356817,-0.0416666666666672));
#2911=DIRECTION('center_axis',(0.,1.,-6.17596693362248E-17));
#2912=DIRECTION('ref_axis',(0.,6.17596693362248E-17,1.));
#2913=DIRECTION('center_axis',(0.,-1.,6.17596693362248E-17));
#2914=DIRECTION('ref_axis',(1.,0.,0.));
#2915=DIRECTION('center_axis',(0.,1.,-6.17596693362248E-17));
#2916=DIRECTION('ref_axis',(0.,-7.38553042568714E-17,-1.));
#2917=DIRECTION('center_axis',(0.,1.,-6.17596693362248E-17));
#2918=DIRECTION('ref_axis',(0.,6.17596693362248E-17,1.));
#2919=DIRECTION('center_axis',(0.,-1.,6.17596693362248E-17));
#2920=DIRECTION('ref_axis',(1.,0.,0.));
#2921=DIRECTION('center_axis',(0.,-1.,6.17596693362248E-17));
#2922=DIRECTION('ref_axis',(0.,-7.38553042568714E-17,-1.));
#2923=DIRECTION('',(5.10269499644741E-18,0.999131567356817,-0.0416666666666676));
#2924=CARTESIAN_POINT('',(0.,0.,0.));
#2925=CARTESIAN_POINT('Origin',(44.,0.5,31.75));
#2926=CARTESIAN_POINT('',(45.,0.999999999999999,39.6862696659483));
#2927=CARTESIAN_POINT('',(45.,1.,63.5));
#2928=CARTESIAN_POINT('',(45.,0.999999999999999,31.75));
#2929=CARTESIAN_POINT('',(43.,0.,63.5));
#2930=CARTESIAN_POINT('',(8.30000000000001,-17.35,63.5));
#2931=CARTESIAN_POINT('',(43.,2.40387166590097E-15,38.9230009120368));
#2932=CARTESIAN_POINT('',(43.,1.94289029309402E-15,31.75));
#2933=CARTESIAN_POINT('Ctrl Pts',(43.,2.84494650060196E-15,38.9230009120369));
#2934=CARTESIAN_POINT('Ctrl Pts',(43.6659223280081,0.332961164004024,39.1796315593676));
#2935=CARTESIAN_POINT('Ctrl Pts',(44.3327268991762,0.666363449588101,39.4340641400423));
#2936=CARTESIAN_POINT('Ctrl Pts',(45.,1.,39.6862696659483));
#2937=CARTESIAN_POINT('Origin',(0.,0.5,-3.08798346681131E-17));
#2938=CARTESIAN_POINT('',(-43.,2.42736712272501E-15,38.9230009120369));
#2939=CARTESIAN_POINT('Origin',(0.,0.,-6.47112461314111E-31));
#2940=CARTESIAN_POINT('',(-45.,1.,39.6862696659483));
#2941=CARTESIAN_POINT('Ctrl Pts',(-43.,1.52655665885959E-15,38.9230009120369));
#2942=CARTESIAN_POINT('Ctrl Pts',(-43.6659223280119,0.33296116400594,39.1796315593691));
#2943=CARTESIAN_POINT('Ctrl Pts',(-44.3327268991842,0.666363449592126,39.4340641400453));
#2944=CARTESIAN_POINT('Ctrl Pts',(-45.,1.,39.6862696659483));
#2945=CARTESIAN_POINT('Origin',(0.,1.,-6.17596693362255E-17));
#2946=CARTESIAN_POINT('Origin',(-44.,0.5,19.8431348329847));
#2947=CARTESIAN_POINT('',(-43.,0.,63.5));
#2948=CARTESIAN_POINT('',(-43.,1.2490009027033E-15,19.8431348329847));
#2949=CARTESIAN_POINT('',(-45.,1.,63.5));
#2950=CARTESIAN_POINT('',(-44.3,0.650000000000003,63.5));
#2951=CARTESIAN_POINT('',(-45.,0.999999999999998,19.8431348329847));
#2952=CARTESIAN_POINT('Origin',(45.,0.,63.5));
#2953=CARTESIAN_POINT('',(45.,36.5156317875829,39.6862696659694));
#2954=CARTESIAN_POINT('',(45.,18.2578158937845,39.6862696659483));
#2955=CARTESIAN_POINT('',(45.,40.015631787578,44.8023436886956));
#2956=CARTESIAN_POINT('Ctrl Pts',(45.,40.015631787578,44.8023436886956));
#2957=CARTESIAN_POINT('Ctrl Pts',(45.,38.1596633122448,42.171811701291));
#2958=CARTESIAN_POINT('Ctrl Pts',(45.,36.5156317875689,39.6862696659483));
#2959=CARTESIAN_POINT('',(45.,40.0156317876,63.5));
#2960=CARTESIAN_POINT('',(45.,40.0156317876,63.5));
#2961=CARTESIAN_POINT('',(45.,0.,63.5));
#2962=CARTESIAN_POINT('Origin',(0.,18.2578158937845,-1.1275966724018E-15));
#2963=CARTESIAN_POINT('',(-45.,36.5156317875689,39.6862696659483));
#2964=CARTESIAN_POINT('',(-45.,18.2578158937845,39.6862696659483));
#2965=CARTESIAN_POINT('Origin',(0.,36.5156317875689,-2.2551933448036E-15));
#2966=CARTESIAN_POINT('Origin',(-45.,0.,39.6862696659695));
#2967=CARTESIAN_POINT('',(-45.,40.0156317876,63.5));
#2968=CARTESIAN_POINT('',(-45.,0.,63.5));
#2969=CARTESIAN_POINT('',(-45.,40.015631787578,44.8023436886956));
#2970=CARTESIAN_POINT('',(-45.,40.0156317876,63.5));
#2971=CARTESIAN_POINT('Ctrl Pts',(-45.,36.5156317875689,39.6862696659483));
#2972=CARTESIAN_POINT('Ctrl Pts',(-45.,38.1596633122446,42.1718117012907));
#2973=CARTESIAN_POINT('Ctrl Pts',(-45.,40.015631787578,44.8023436886956));
#2974=CARTESIAN_POINT('Origin',(11.8279066195164,6.5,-54.225));
#2975=CARTESIAN_POINT('',(8.67379818764539,8.5,-51.765));
#2976=CARTESIAN_POINT('',(10.2508524035809,6.5,-52.995));
#2977=CARTESIAN_POINT('Origin',(8.67379818764539,6.5,-51.765));
#2978=CARTESIAN_POINT('',(12.2541374886882,6.5,-56.1790540540541));
#2979=CARTESIAN_POINT('Origin',(11.8279066195164,6.5,-54.225));
#2980=CARTESIAN_POINT('',(8.78775406549431,8.50000000000001,-56.8245138869167));
#2981=CARTESIAN_POINT('Ctrl Pts',(8.78775406549431,8.5,-56.8245138869167));
#2982=CARTESIAN_POINT('Ctrl Pts',(9.1461583008357,8.5,-56.7690876621983));
#2983=CARTESIAN_POINT('Ctrl Pts',(9.49915952740406,8.42909041993794,-56.7109639906572));
#2984=CARTESIAN_POINT('Ctrl Pts',(10.295905643592,8.13726087951898,-56.5726207498302));
#2985=CARTESIAN_POINT('Ctrl Pts',(10.6932374981914,7.88390370062943,-56.4979331311631));
#2986=CARTESIAN_POINT('Ctrl Pts',(11.5054528843297,7.2614683116835,-56.3393098105678));
#2987=CARTESIAN_POINT('Ctrl Pts',(11.941430389427,6.81443767823289,-56.2472377689769));
#2988=CARTESIAN_POINT('Ctrl Pts',(12.2511463984217,6.50300769379605,-56.179706427388));
#2989=CARTESIAN_POINT('Ctrl Pts',(12.2526419500192,6.50150384694665,-56.1793802705911));
#2990=CARTESIAN_POINT('Ctrl Pts',(12.2541374886882,6.5,-56.179054054054));
#2991=CARTESIAN_POINT('Origin',(11.8279066195164,8.5,-54.225));
#2992=CARTESIAN_POINT('Origin',(0.,6.5,-45.));
#2993=CARTESIAN_POINT('',(-8.67379818764538,8.5,-51.765));
#2994=CARTESIAN_POINT('',(-10.2508524035809,6.5,-52.995));
#2995=CARTESIAN_POINT('Origin',(-8.67379818764538,6.5,-51.765));
#2996=CARTESIAN_POINT('Origin',(0.,6.5,-45.));
#2997=CARTESIAN_POINT('Origin',(0.,8.5,-45.));
#2998=CARTESIAN_POINT('Origin',(-11.8279066195164,6.5,-54.225));
#2999=CARTESIAN_POINT('',(-8.78775406549431,8.50000000000001,-56.8245138869167));
#3000=CARTESIAN_POINT('',(-12.2541374886882,6.5,-56.1790540540541));
#3001=CARTESIAN_POINT('Ctrl Pts',(-12.2541374886882,6.5,-56.179054054054));
#3002=CARTESIAN_POINT('Ctrl Pts',(-12.2526419501716,6.50150384679341,-56.1793802705579));
#3003=CARTESIAN_POINT('Ctrl Pts',(-12.2511463982692,6.50300769394914,-56.1797064274213));
#3004=CARTESIAN_POINT('Ctrl Pts',(-11.9414304538457,6.81443761347213,-56.2472377549308));
#3005=CARTESIAN_POINT('Ctrl Pts',(-11.5054527539679,7.26146841158538,-56.3393098360271));
#3006=CARTESIAN_POINT('Ctrl Pts',(-10.6932374981914,7.88390370062942,-56.4979331311631));
#3007=CARTESIAN_POINT('Ctrl Pts',(-10.295905643592,8.13726087951897,-56.5726207498302));
#3008=CARTESIAN_POINT('Ctrl Pts',(-9.49915952740406,8.42909041993794,-56.7109639906572));
#3009=CARTESIAN_POINT('Ctrl Pts',(-9.1461583008357,8.5,-56.7690876621983));
#3010=CARTESIAN_POINT('Ctrl Pts',(-8.78775406549431,8.5,-56.8245138869167));
#3011=CARTESIAN_POINT('Origin',(-11.8279066195164,6.5,-54.225));
#3012=CARTESIAN_POINT('Origin',(-11.8279066195164,8.5,-54.225));
#3013=CARTESIAN_POINT('Origin',(0.,8.5,-45.));
#3014=CARTESIAN_POINT('Origin',(0.,8.50000000000001,-5.24957189357912E-16));
#3015=CARTESIAN_POINT('',(-3.875,8.5,-45.));
#3016=CARTESIAN_POINT('Origin',(0.,8.5,-45.));
#3017=CARTESIAN_POINT('Origin',(0.,6.5,50.));
#3018=CARTESIAN_POINT('',(5.5752126673836,8.5,40.5175423168123));
#3019=CARTESIAN_POINT('',(6.58888769781699,6.5,38.7934591016873));
#3020=CARTESIAN_POINT('Origin',(5.5752126673836,6.5,40.5175423168123));
#3021=CARTESIAN_POINT('',(-6.58888769781698,6.5,38.7934591016873));
#3022=CARTESIAN_POINT('Origin',(0.,6.5,50.));
#3023=CARTESIAN_POINT('',(-5.5752126673836,8.5,40.5175423168123));
#3024=CARTESIAN_POINT('Origin',(-5.5752126673836,6.5,40.5175423168123));
#3025=CARTESIAN_POINT('Origin',(0.,8.5,50.));
#3026=CARTESIAN_POINT('Origin',(0.,6.5,50.));
#3027=CARTESIAN_POINT('',(-6.94911131273986,8.25528379417422,40.2676428951029));
#3028=CARTESIAN_POINT('Ctrl Pts',(-5.57521266738544,8.5,40.517542316812));
#3029=CARTESIAN_POINT('Ctrl Pts',(-6.05809478674129,8.49999999999982,40.4396283181151));
#3030=CARTESIAN_POINT('Ctrl Pts',(-6.46377347789569,8.42702896211384,40.3640957904816));
#3031=CARTESIAN_POINT('Ctrl Pts',(-6.85036318173837,8.29392154096646,40.2875392015959));
#3032=CARTESIAN_POINT('Ctrl Pts',(-6.90038872972098,8.27513341682453,40.2775130706713));
#3033=CARTESIAN_POINT('Ctrl Pts',(-6.94911131273986,8.25528379417422,40.2676428951029));
#3034=CARTESIAN_POINT('',(-7.55424477588323,6.5,39.420142445853));
#3035=CARTESIAN_POINT('Origin',(0.,6.5,50.));
#3036=CARTESIAN_POINT('Origin',(-6.3920532719012,6.5,41.0478128387987));
#3037=CARTESIAN_POINT('Origin',(-8.71643627986527,6.5,37.7924720529073));
#3038=CARTESIAN_POINT('',(-9.24470514531165,6.5,39.721443801223));
#3039=CARTESIAN_POINT('Ctrl Pts',(-6.94911131273988,8.25528379417421,40.2676428951029));
#3040=CARTESIAN_POINT('Ctrl Pts',(-7.27618227818711,8.12203479870365,40.2013851630152));
#3041=CARTESIAN_POINT('Ctrl Pts',(-7.56329621074911,7.95076520852938,40.1383675822171));
#3042=CARTESIAN_POINT('Ctrl Pts',(-8.40632572642915,7.36365727610444,39.9455453244577));
#3043=CARTESIAN_POINT('Ctrl Pts',(-8.92370097435001,6.82316202899366,39.8093083667296));
#3044=CARTESIAN_POINT('Ctrl Pts',(-9.24170048474108,6.5030249522582,39.722266550789));
#3045=CARTESIAN_POINT('Ctrl Pts',(-9.24320282907408,6.5015124758109,39.7218552260637));
#3046=CARTESIAN_POINT('Ctrl Pts',(-9.24470514531164,6.5,39.721443801223));
#3047=CARTESIAN_POINT('Origin',(-8.71643627986527,6.5,37.7924720529073));
#3048=CARTESIAN_POINT('Origin',(0.,6.5,50.));
#3049=CARTESIAN_POINT('',(6.94911131273986,8.25528379417422,40.2676428951029));
#3050=CARTESIAN_POINT('Ctrl Pts',(6.94911131273986,8.25528379417422,40.2676428951029));
#3051=CARTESIAN_POINT('Ctrl Pts',(6.8581143466314,8.29235603722166,40.2860769758931));
#3052=CARTESIAN_POINT('Ctrl Pts',(6.76503089270717,8.32472074922351,40.3045549665899));
#3053=CARTESIAN_POINT('Ctrl Pts',(6.35952932335694,8.44466902804981,40.383281446425));
#3054=CARTESIAN_POINT('Ctrl Pts',(5.99628091623912,8.49999999999997,40.4496021101292));
#3055=CARTESIAN_POINT('Ctrl Pts',(5.57521266738397,8.5,40.5175423168122));
#3056=CARTESIAN_POINT('',(7.55424477588323,6.5,39.420142445853));
#3057=CARTESIAN_POINT('Origin',(6.39205327190119,6.5,41.0478128387987));
#3058=CARTESIAN_POINT('Origin',(0.,6.5,50.));
#3059=CARTESIAN_POINT('Origin',(8.71643627986527,6.5,37.7924720529073));
#3060=CARTESIAN_POINT('',(9.24470514531165,6.5,39.721443801223));
#3061=CARTESIAN_POINT('Ctrl Pts',(9.24470514531165,6.5,39.721443801223));
#3062=CARTESIAN_POINT('Ctrl Pts',(9.24320282822979,6.50151247666089,39.7218552262949));
#3063=CARTESIAN_POINT('Ctrl Pts',(9.24170048558779,6.50302495141102,39.7222665505572));
#3064=CARTESIAN_POINT('Ctrl Pts',(8.92366387776486,6.82319937466862,39.8093185206891));
#3065=CARTESIAN_POINT('Ctrl Pts',(8.40630625500019,7.36367083651982,39.945549778068));
#3066=CARTESIAN_POINT('Ctrl Pts',(7.56329621074873,7.95076520852965,40.1383675822172));
#3067=CARTESIAN_POINT('Ctrl Pts',(7.27618227818676,8.12203479870379,40.2013851630153));
#3068=CARTESIAN_POINT('Ctrl Pts',(6.94911131273988,8.25528379417421,40.2676428951029));
#3069=CARTESIAN_POINT('Origin',(8.71643627986527,6.5,37.7924720529073));
#3070=CARTESIAN_POINT('Origin',(-8.71643627986527,6.25662818755307E-47,
37.7924720529073));
#3071=CARTESIAN_POINT('',(-7.55424477588323,4.49999999999999,39.420142445853));
#3072=CARTESIAN_POINT('',(-7.55424477588323,6.25662818755307E-47,39.420142445853));
#3073=CARTESIAN_POINT('',(-9.24470514531165,4.5,39.721443801223));
#3074=CARTESIAN_POINT('Origin',(-8.71643627986527,4.49999999999999,37.7924720529073));
#3075=CARTESIAN_POINT('',(-9.24470514531165,6.25662818755307E-47,39.721443801223));
#3076=CARTESIAN_POINT('Origin',(0.,6.25662818755307E-47,50.));
#3077=CARTESIAN_POINT('',(7.55424477588323,4.49999999999999,39.420142445853));
#3078=CARTESIAN_POINT('',(7.55424477588323,6.25662818755307E-47,39.420142445853));
#3079=CARTESIAN_POINT('Origin',(0.,4.5,50.));
#3080=CARTESIAN_POINT('Origin',(44.4914393509197,31.2500000000011,-33.1777308519349));
#3081=CARTESIAN_POINT('',(43.0772257885466,4.49999999999999,-34.591944414308));
#3082=CARTESIAN_POINT('',(46.0947344626645,4.49999999999999,-34.3733247565092));
#3083=CARTESIAN_POINT('Origin',(44.4914393509197,4.49999999999999,-33.1777308519349));
#3084=CARTESIAN_POINT('',(46.0947344626645,40.0156317876,-34.3733247565092));
#3085=CARTESIAN_POINT('',(46.0947344626645,31.2500000000011,-34.3733247565092));
#3086=CARTESIAN_POINT('',(43.0772257885466,40.0156317876,-34.591944414308));
#3087=CARTESIAN_POINT('Origin',(44.4914393509197,40.0156317876,-33.1777308519349));
#3088=CARTESIAN_POINT('',(43.0772257885466,31.2500000000011,-34.591944414308));
#3089=CARTESIAN_POINT('Origin',(35.4417568261897,4.5,-24.1280483272049));
#3090=CARTESIAN_POINT('',(44.4914393509197,2.5,-33.1777308519349));
#3091=CARTESIAN_POINT('Origin',(44.4914393509197,4.5,-33.1777308519349));
#3092=CARTESIAN_POINT('',(36.0624458405139,4.5,-27.5771644662754));
#3093=CARTESIAN_POINT('',(34.0275432638166,4.5,-25.542261889578));
#3094=CARTESIAN_POINT('',(37.476659402887,2.5,-26.1629509039023));
#3095=CARTESIAN_POINT('Origin',(37.476659402887,4.5,-26.1629509039023));
#3096=CARTESIAN_POINT('',(35.4417568261897,2.5,-24.1280483272049));
#3097=CARTESIAN_POINT('Origin',(31.8198051533946,4.5,-31.8198051533946));
#3098=CARTESIAN_POINT('',(27.5771644662753,4.5,-36.0624458405139));
#3099=CARTESIAN_POINT('',(26.1629509039022,2.5,-37.476659402887));
#3100=CARTESIAN_POINT('Origin',(26.1629509039022,4.49999999999999,-37.476659402887));
#3101=CARTESIAN_POINT('Origin',(31.8198051533946,2.5,-31.8198051533946));
#3102=CARTESIAN_POINT('Origin',(31.8198051533946,4.5,-31.8198051533946));
#3103=CARTESIAN_POINT('Origin',(29.3250166697131,4.5,-40.6387251686978));
#3104=CARTESIAN_POINT('',(34.591944414308,4.5,-43.0772257885466));
#3105=CARTESIAN_POINT('',(33.1777308519349,2.5,-44.4914393509197));
#3106=CARTESIAN_POINT('Origin',(33.1777308519349,4.5,-44.4914393509197));
#3107=CARTESIAN_POINT('',(29.3250166697131,2.5,-40.6387251686978));
#3108=CARTESIAN_POINT('',(30.7392302320862,4.5,-39.2245116063247));
#3109=CARTESIAN_POINT('Origin',(44.4914393509197,4.49999999999999,-33.1777308519349));
#3110=CARTESIAN_POINT('Origin',(44.4914393509197,4.49999999999999,-33.1777308519349));
#3111=CARTESIAN_POINT('Origin',(33.1777308519349,31.2500000000011,-44.4914393509197));
#3112=CARTESIAN_POINT('',(34.3733247565092,4.49999999999999,-46.0947344626646));
#3113=CARTESIAN_POINT('Origin',(33.1777308519349,4.49999999999999,-44.4914393509197));
#3114=CARTESIAN_POINT('',(34.591944414308,40.0156317876,-43.0772257885466));
#3115=CARTESIAN_POINT('',(34.591944414308,31.2500000000011,-43.0772257885466));
#3116=CARTESIAN_POINT('',(34.3733247565092,40.0156317876,-46.0947344626646));
#3117=CARTESIAN_POINT('Origin',(33.1777308519349,40.0156317876,-44.4914393509197));
#3118=CARTESIAN_POINT('',(34.3733247565092,31.2500000000011,-46.0947344626646));
#3119=CARTESIAN_POINT('Origin',(33.1777308519349,4.49999999999999,-44.4914393509197));
#3120=CARTESIAN_POINT('Origin',(33.1777308519349,4.49999999999999,-44.4914393509197));
#3121=CARTESIAN_POINT('Origin',(0.,4.49999999999999,-2.77918512013012E-16));
#3122=CARTESIAN_POINT('',(44.4914393509197,2.5,33.1777308519349));
#3123=CARTESIAN_POINT('Origin',(0.,2.5,-1.54399173340563E-16));
#3124=CARTESIAN_POINT('',(46.0947344626646,4.49999999999999,34.3733247565091));
#3125=CARTESIAN_POINT('Origin',(44.4914393509197,4.49999999999999,33.1777308519349));
#3126=CARTESIAN_POINT('Origin',(0.,4.49999999999999,-2.77918512013012E-16));
#3127=CARTESIAN_POINT('Origin',(0.,2.5,-55.5));
#3128=CARTESIAN_POINT('',(11.8279066195164,2.5,-54.225));
#3129=CARTESIAN_POINT('Origin',(0.,2.5,-1.54399173340563E-16));
#3130=CARTESIAN_POINT('',(-11.8279066195164,2.5,-54.225));
#3131=CARTESIAN_POINT('Origin',(0.,2.5,-45.));
#3132=CARTESIAN_POINT('',(-33.1777308519349,2.5,-44.4914393509197));
#3133=CARTESIAN_POINT('Origin',(0.,2.5,-1.54399173340563E-16));
#3134=CARTESIAN_POINT('',(-26.1629509039023,2.5,-37.476659402887));
#3135=CARTESIAN_POINT('',(-24.1280483272049,2.5,-35.4417568261897));
#3136=CARTESIAN_POINT('',(-37.476659402887,2.5,-26.1629509039023));
#3137=CARTESIAN_POINT('Origin',(-31.8198051533946,2.5,-31.8198051533947));
#3138=CARTESIAN_POINT('',(-44.4914393509197,2.5,-33.1777308519349));
#3139=CARTESIAN_POINT('',(-40.6387251686978,2.5,-29.3250166697131));
#3140=CARTESIAN_POINT('',(-44.4914393509197,2.5,33.1777308519349));
#3141=CARTESIAN_POINT('Origin',(0.,2.5,-1.54399173340563E-16));
#3142=CARTESIAN_POINT('',(-37.476659402887,2.5,26.1629509039022));
#3143=CARTESIAN_POINT('',(-7.69175682618971,2.5,-3.62195167279508));
#3144=CARTESIAN_POINT('',(-25.6110626844396,2.5,26.7748555050638));
#3145=CARTESIAN_POINT('Origin',(-31.8198051533946,2.5,31.8198051533946));
#3146=CARTESIAN_POINT('',(-8.71643627986526,2.5,37.7924720529073));
#3147=CARTESIAN_POINT('Origin',(0.,2.5,5.96443820569885));
#3148=CARTESIAN_POINT('',(8.71643627986526,2.5,37.7924720529073));
#3149=CARTESIAN_POINT('Origin',(0.,2.5,50.));
#3150=CARTESIAN_POINT('',(25.6110626844396,2.5,26.7748555050637));
#3151=CARTESIAN_POINT('Origin',(0.,2.5,5.96443820569885));
#3152=CARTESIAN_POINT('',(37.476659402887,2.5,26.1629509039022));
#3153=CARTESIAN_POINT('Origin',(31.8198051533946,2.5,31.8198051533946));
#3154=CARTESIAN_POINT('',(12.8887251686978,2.5,1.57501666971307));
#3155=CARTESIAN_POINT('Origin',(0.,4.49999999999999,-2.77918512013012E-16));
#3156=CARTESIAN_POINT('',(12.2541374886882,4.49999999999999,-56.179054054054));
#3157=CARTESIAN_POINT('Origin',(0.,4.49999999999999,-2.77918512013012E-16));
#3158=CARTESIAN_POINT('Origin',(11.8279066195164,4.49999999999999,-54.225));
#3159=CARTESIAN_POINT('Origin',(0.,31.2500000000011,-1.9299896667571E-15));
#3160=CARTESIAN_POINT('Origin',(0.,40.0156317876,-2.4713521874823E-15));
#3161=CARTESIAN_POINT('',(46.0947344626646,40.0156317876,34.3733247565091));
#3162=CARTESIAN_POINT('',(46.0947344626646,31.2500000000011,34.3733247565091));
#3163=CARTESIAN_POINT('',(-7.04171909509728E-15,40.0156317876,57.5));
#3164=CARTESIAN_POINT('Origin',(0.,40.0156317876,-2.4713521874823E-15));
#3165=CARTESIAN_POINT('',(-7.04171909509728E-15,58.0000000000023,57.5));
#3166=CARTESIAN_POINT('',(-7.04171909509728E-15,31.2500000000011,57.5));
#3167=CARTESIAN_POINT('Origin',(0.,58.0000000000023,-3.58206082150118E-15));
#3168=CARTESIAN_POINT('',(-46.0947344626646,40.0156317876,34.3733247565091));
#3169=CARTESIAN_POINT('Origin',(0.,40.0156317876,-2.4713521874823E-15));
#3170=CARTESIAN_POINT('',(-46.0947344626646,4.49999999999999,34.3733247565091));
#3171=CARTESIAN_POINT('',(-46.0947344626646,31.2500000000011,34.3733247565091));
#3172=CARTESIAN_POINT('',(-46.0947344626645,4.49999999999999,-34.3733247565092));
#3173=CARTESIAN_POINT('Origin',(0.,4.49999999999999,-2.77918512013012E-16));
#3174=CARTESIAN_POINT('',(-46.0947344626645,40.0156317876,-34.3733247565092));
#3175=CARTESIAN_POINT('',(-46.0947344626645,31.2500000000011,-34.3733247565092));
#3176=CARTESIAN_POINT('',(-34.3733247565091,40.0156317876,-46.0947344626646));
#3177=CARTESIAN_POINT('Origin',(0.,40.0156317876,-2.4713521874823E-15));
#3178=CARTESIAN_POINT('',(-34.3733247565091,4.49999999999999,-46.0947344626646));
#3179=CARTESIAN_POINT('',(-34.3733247565091,31.2500000000011,-46.0947344626646));
#3180=CARTESIAN_POINT('',(-12.2541374886882,4.49999999999999,-56.179054054054));
#3181=CARTESIAN_POINT('Origin',(0.,4.49999999999999,-2.77918512013012E-16));
#3182=CARTESIAN_POINT('',(-12.2541374886882,31.2500000000011,-56.1790540540541));
#3183=CARTESIAN_POINT('',(12.2541374886882,31.2500000000011,-56.1790540540541));
#3184=CARTESIAN_POINT('Origin',(-33.1777308519349,31.2500000000011,-44.4914393509197));
#3185=CARTESIAN_POINT('',(-34.591944414308,4.49999999999999,-43.0772257885466));
#3186=CARTESIAN_POINT('Origin',(-33.1777308519349,4.49999999999999,-44.4914393509197));
#3187=CARTESIAN_POINT('',(-34.591944414308,40.0156317876,-43.0772257885466));
#3188=CARTESIAN_POINT('Origin',(-33.1777308519349,40.0156317876,-44.4914393509197));
#3189=CARTESIAN_POINT('',(-34.591944414308,31.2500000000011,-43.0772257885466));
#3190=CARTESIAN_POINT('Origin',(-24.1280483272049,4.5,-35.4417568261897));
#3191=CARTESIAN_POINT('Origin',(-33.1777308519349,4.5,-44.4914393509197));
#3192=CARTESIAN_POINT('',(-27.5771644662753,4.5,-36.0624458405139));
#3193=CARTESIAN_POINT('',(-25.542261889578,4.5,-34.0275432638166));
#3194=CARTESIAN_POINT('Origin',(-26.1629509039023,4.5,-37.476659402887));
#3195=CARTESIAN_POINT('Origin',(-31.8198051533946,4.5,-31.8198051533947));
#3196=CARTESIAN_POINT('',(-36.0624458405139,4.5,-27.5771644662754));
#3197=CARTESIAN_POINT('Origin',(-37.476659402887,4.5,-26.1629509039023));
#3198=CARTESIAN_POINT('Origin',(-31.8198051533946,4.5,-31.8198051533947));
#3199=CARTESIAN_POINT('Origin',(-40.6387251686978,4.5,-29.3250166697131));
#3200=CARTESIAN_POINT('',(-43.0772257885466,4.5,-34.591944414308));
#3201=CARTESIAN_POINT('Origin',(-44.4914393509197,4.5,-33.1777308519349));
#3202=CARTESIAN_POINT('',(-39.2245116063247,4.5,-30.7392302320862));
#3203=CARTESIAN_POINT('Origin',(-33.1777308519349,4.49999999999999,-44.4914393509197));
#3204=CARTESIAN_POINT('Origin',(-33.1777308519349,4.49999999999999,-44.4914393509197));
#3205=CARTESIAN_POINT('Origin',(-44.4914393509197,31.2500000000011,-33.1777308519349));
#3206=CARTESIAN_POINT('Origin',(-44.4914393509197,4.49999999999999,-33.1777308519349));
#3207=CARTESIAN_POINT('',(-43.0772257885466,40.0156317876,-34.591944414308));
#3208=CARTESIAN_POINT('',(-43.0772257885466,31.2500000000011,-34.591944414308));
#3209=CARTESIAN_POINT('Origin',(-44.4914393509197,40.0156317876,-33.1777308519349));
#3210=CARTESIAN_POINT('Origin',(-44.4914393509197,4.49999999999999,-33.1777308519349));
#3211=CARTESIAN_POINT('Origin',(-44.4914393509197,4.49999999999999,-33.1777308519349));
#3212=CARTESIAN_POINT('Origin',(0.,4.49999999999999,-2.77918512013012E-16));
#3213=CARTESIAN_POINT('Origin',(-11.8279066195164,4.49999999999999,-54.225));
#3214=CARTESIAN_POINT('Origin',(0.,4.49999999999999,-2.77918512013012E-16));
#3215=CARTESIAN_POINT('Origin',(-44.4914393509197,4.49999999999999,33.1777308519349));
#3216=CARTESIAN_POINT('Origin',(11.8279066195164,31.2500000000011,-54.225));
#3217=CARTESIAN_POINT('',(10.2508524035809,4.49999999999999,-52.995));
#3218=CARTESIAN_POINT('',(10.2508524035809,31.2500000000011,-52.995));
#3219=CARTESIAN_POINT('Origin',(11.8279066195164,4.49999999999999,-54.225));
#3220=CARTESIAN_POINT('Origin',(0.,4.5,-45.));
#3221=CARTESIAN_POINT('Origin',(11.8279066195164,4.49999999999999,-54.225));
#3222=CARTESIAN_POINT('',(-10.2508524035809,4.49999999999999,-52.995));
#3223=CARTESIAN_POINT('Origin',(0.,4.5,-45.));
#3224=CARTESIAN_POINT('Origin',(-11.8279066195164,4.49999999999999,-54.225));
#3225=CARTESIAN_POINT('Origin',(11.8279066195164,4.49999999999999,-54.225));
#3226=CARTESIAN_POINT('Origin',(-11.8279066195164,31.2500000000011,-54.225));
#3227=CARTESIAN_POINT('Origin',(-11.8279066195164,4.49999999999999,-54.225));
#3228=CARTESIAN_POINT('',(-10.2508524035809,31.2500000000011,-52.995));
#3229=CARTESIAN_POINT('Origin',(-11.8279066195164,4.49999999999999,-54.225));
#3230=CARTESIAN_POINT('Ctrl Pts',(0.,23.,-48.875));
#3231=CARTESIAN_POINT('Ctrl Pts',(-3.875,23.,-48.875));
#3232=CARTESIAN_POINT('Ctrl Pts',(-3.875,23.,-45.));
#3233=CARTESIAN_POINT('Ctrl Pts',(-3.875,23.,-41.125));
#3234=CARTESIAN_POINT('Ctrl Pts',(0.,23.,-41.125));
#3235=CARTESIAN_POINT('Ctrl Pts',(3.875,23.,-41.125));
#3236=CARTESIAN_POINT('Ctrl Pts',(3.875,23.,-45.));
#3237=CARTESIAN_POINT('Ctrl Pts',(3.875,23.,-48.875));
#3238=CARTESIAN_POINT('Ctrl Pts',(0.,23.,-48.875));
#3239=CARTESIAN_POINT('Ctrl Pts',(0.,25.,-48.875));
#3240=CARTESIAN_POINT('Ctrl Pts',(-3.875,25.,-48.875));
#3241=CARTESIAN_POINT('Ctrl Pts',(-3.875,25.,-45.));
#3242=CARTESIAN_POINT('Ctrl Pts',(-3.875,25.,-41.125));
#3243=CARTESIAN_POINT('Ctrl Pts',(0.,25.,-41.125));
#3244=CARTESIAN_POINT('Ctrl Pts',(3.875,25.,-41.125));
#3245=CARTESIAN_POINT('Ctrl Pts',(3.875,25.,-45.));
#3246=CARTESIAN_POINT('Ctrl Pts',(3.875,25.,-48.875));
#3247=CARTESIAN_POINT('Ctrl Pts',(0.,25.,-48.875));
#3248=CARTESIAN_POINT('Ctrl Pts',(0.,25.,-46.875));
#3249=CARTESIAN_POINT('Ctrl Pts',(-1.875,25.,-46.875));
#3250=CARTESIAN_POINT('Ctrl Pts',(-1.875,25.,-45.));
#3251=CARTESIAN_POINT('Ctrl Pts',(-1.875,25.,-43.125));
#3252=CARTESIAN_POINT('Ctrl Pts',(0.,25.,-43.125));
#3253=CARTESIAN_POINT('Ctrl Pts',(1.875,25.,-43.125));
#3254=CARTESIAN_POINT('Ctrl Pts',(1.875,25.,-45.));
#3255=CARTESIAN_POINT('Ctrl Pts',(1.875,25.,-46.875));
#3256=CARTESIAN_POINT('Ctrl Pts',(0.,25.,-46.875));
#3257=CARTESIAN_POINT('',(-2.29621274840129E-16,25.,-46.875));
#3258=CARTESIAN_POINT('Origin',(0.,25.,-45.));
#3259=CARTESIAN_POINT('',(-4.74550634669599E-16,23.,-48.875));
#3260=CARTESIAN_POINT('Origin',(-2.29621274840129E-16,23.,-46.875));
#3261=CARTESIAN_POINT('',(-3.875,23.,-45.));
#3262=CARTESIAN_POINT('Origin',(0.,23.,-45.));
#3263=CARTESIAN_POINT('Origin',(0.,23.,-45.));
#3264=CARTESIAN_POINT('Origin',(0.,6.25662818755307E-47,-45.));
#3265=CARTESIAN_POINT('',(-3.875,6.25662818755307E-47,-45.));
#3266=CARTESIAN_POINT('Origin',(0.,25.,-45.));
#3267=CARTESIAN_POINT('Origin',(-44.4914393509197,31.2500000000011,33.1777308519349));
#3268=CARTESIAN_POINT('',(-43.0772257885466,4.49999999999999,34.591944414308));
#3269=CARTESIAN_POINT('Origin',(-44.4914393509197,4.49999999999999,33.1777308519349));
#3270=CARTESIAN_POINT('',(-43.0772257885466,40.0156317876,34.591944414308));
#3271=CARTESIAN_POINT('Origin',(-44.4914393509197,40.0156317876,33.1777308519349));
#3272=CARTESIAN_POINT('',(-43.0772257885466,31.2500000000011,34.591944414308));
#3273=CARTESIAN_POINT('Origin',(8.71643627986527,4.5,37.7924720529073));
#3274=CARTESIAN_POINT('',(9.24470514531165,4.5,39.721443801223));
#3275=CARTESIAN_POINT('Origin',(8.71643627986527,4.5,37.7924720529073));
#3276=CARTESIAN_POINT('Origin',(8.71643627986527,4.5,37.7924720529073));
#3277=CARTESIAN_POINT('Origin',(8.71643627986526,4.49999999999999,37.7924720529073));
#3278=CARTESIAN_POINT('Origin',(0.,4.5,5.96443820569885));
#3279=CARTESIAN_POINT('',(27.1632483016784,4.5,28.0360929171465));
#3280=CARTESIAN_POINT('Origin',(25.6110626844396,4.5,26.7748555050637));
#3281=CARTESIAN_POINT('Origin',(0.,4.5,5.96443820569885));
#3282=CARTESIAN_POINT('Origin',(31.8198051533946,4.5,31.8198051533946));
#3283=CARTESIAN_POINT('',(36.0624458405139,4.5,27.5771644662753));
#3284=CARTESIAN_POINT('Origin',(37.476659402887,4.5,26.1629509039022));
#3285=CARTESIAN_POINT('Origin',(31.8198051533946,4.5,31.8198051533946));
#3286=CARTESIAN_POINT('Origin',(12.8887251686978,4.5,1.57501666971307));
#3287=CARTESIAN_POINT('',(43.0772257885466,4.5,34.591944414308));
#3288=CARTESIAN_POINT('Origin',(44.4914393509197,4.5,33.1777308519349));
#3289=CARTESIAN_POINT('',(11.4745116063247,4.5,2.98923023208616));
#3290=CARTESIAN_POINT('Origin',(-8.71643627986526,4.49999999999999,37.7924720529073));
#3291=CARTESIAN_POINT('Origin',(-8.71643627986526,4.49999999999999,37.7924720529073));
#3292=CARTESIAN_POINT('Origin',(-8.71643627986527,4.5,37.7924720529073));
#3293=CARTESIAN_POINT('Origin',(0.,4.5,50.));
#3294=CARTESIAN_POINT('Origin',(-7.69175682618971,4.5,-3.62195167279508));
#3295=CARTESIAN_POINT('Origin',(-44.4914393509197,4.5,33.1777308519349));
#3296=CARTESIAN_POINT('',(-36.0624458405139,4.5,27.5771644662754));
#3297=CARTESIAN_POINT('',(-6.27754326381661,4.5,-2.20773811042198));
#3298=CARTESIAN_POINT('Origin',(-37.476659402887,4.5,26.1629509039022));
#3299=CARTESIAN_POINT('Origin',(-31.8198051533946,4.5,31.8198051533946));
#3300=CARTESIAN_POINT('',(-27.1632483016784,4.5,28.0360929171465));
#3301=CARTESIAN_POINT('Origin',(-25.6110626844396,4.5,26.7748555050638));
#3302=CARTESIAN_POINT('Origin',(-31.8198051533946,4.5,31.8198051533946));
#3303=CARTESIAN_POINT('Origin',(0.,4.5,5.96443820569885));
#3304=CARTESIAN_POINT('Origin',(0.,4.5,5.96443820569885));
#3305=CARTESIAN_POINT('Origin',(8.71643627986527,6.25662818755307E-47,37.7924720529073));
#3306=CARTESIAN_POINT('',(9.24470514531165,6.25662818755307E-47,39.721443801223));
#3307=CARTESIAN_POINT('Origin',(-44.4914393509197,4.49999999999999,33.1777308519349));
#3308=CARTESIAN_POINT('Origin',(44.4914393509197,31.2500000000011,33.1777308519349));
#3309=CARTESIAN_POINT('Origin',(44.4914393509197,4.49999999999999,33.1777308519349));
#3310=CARTESIAN_POINT('',(43.0772257885466,40.0156317876,34.591944414308));
#3311=CARTESIAN_POINT('',(43.0772257885466,31.2500000000011,34.591944414308));
#3312=CARTESIAN_POINT('Origin',(44.4914393509197,40.0156317876,33.1777308519349));
#3313=CARTESIAN_POINT('Origin',(44.4914393509197,4.49999999999999,33.1777308519349));
#3314=CARTESIAN_POINT('Origin',(-31.8198051533946,0.,31.8198051533946));
#3315=CARTESIAN_POINT('',(-36.0624458405139,10.2983579353901,27.5771644662754));
#3316=CARTESIAN_POINT('',(-36.0624458405139,0.,27.5771644662754));
#3317=CARTESIAN_POINT('',(-27.1632483016784,8.14140214027339,28.0360929171465));
#3318=CARTESIAN_POINT('Ctrl Pts',(-36.0624458405139,10.2983579353901,27.5771644662754));
#3319=CARTESIAN_POINT('Ctrl Pts',(-35.5481264962544,9.9239519854106,27.0628451220158));
#3320=CARTESIAN_POINT('Ctrl Pts',(-34.8972855335139,9.51757375055111,26.6079867293243));
#3321=CARTESIAN_POINT('Ctrl Pts',(-33.4314923034152,8.81871584713407,25.985732582426));
#3322=CARTESIAN_POINT('Ctrl Pts',(-32.6149627159128,8.52824018933017,25.8198051533946));
#3323=CARTESIAN_POINT('Ctrl Pts',(-31.0804264495808,8.15726141649481,25.8198051533946));
#3324=CARTESIAN_POINT('Ctrl Pts',(-30.2781828846022,8.04517962955303,25.966002807387));
#3325=CARTESIAN_POINT('Ctrl Pts',(-28.7944309053223,7.97880110832458,26.5766465273638));
#3326=CARTESIAN_POINT('Ctrl Pts',(-28.113137952899,8.02064945414793,27.0411909796517));
#3327=CARTESIAN_POINT('Ctrl Pts',(-27.4336624457621,8.10178697728767,27.7206664867886));
#3328=CARTESIAN_POINT('Ctrl Pts',(-27.2949700607844,8.12100005162801,27.8739849603073));
#3329=CARTESIAN_POINT('Ctrl Pts',(-27.1632483016784,8.14140214027339,28.0360929171465));
#3330=CARTESIAN_POINT('',(-27.1632483016784,6.25662818755307E-47,28.0360929171465));
#3331=CARTESIAN_POINT('Origin',(-36.0624458405139,0.,27.5771644662754));
#3332=CARTESIAN_POINT('',(-36.0624458405139,40.0153508071739,27.5771644662754));
#3333=CARTESIAN_POINT('',(-36.0624458405139,40.0156317876,27.5771644662754));
#3334=CARTESIAN_POINT('',(-36.0624458405139,29.7016420646099,27.5771644662754));
#3335=CARTESIAN_POINT('',(-36.0624458405139,0.,27.5771644662754));
#3336=CARTESIAN_POINT('',(-41.,20.,32.5147186257614));
#3337=CARTESIAN_POINT('Origin',(-29.,20.,20.5147186257614));
#3338=CARTESIAN_POINT('Origin',(-29.,20.,20.5147186257614));
#3339=CARTESIAN_POINT('Origin',(19.5,32.,50.1695266595348));
#3340=CARTESIAN_POINT('',(18.4,32.,50.5));
#3341=CARTESIAN_POINT('Origin',(19.5,32.,50.5));
#3342=CARTESIAN_POINT('',(19.5,32.,49.8390533190697));
#3343=CARTESIAN_POINT('',(18.95,32.,50.1695266595348));
#3344=CARTESIAN_POINT('Origin',(19.5,32.,57.));
#3345=CARTESIAN_POINT('',(18.4,32.,63.5));
#3346=CARTESIAN_POINT('Origin',(19.5,32.,63.5));
#3347=CARTESIAN_POINT('',(18.4,32.,57.));
#3348=CARTESIAN_POINT('Origin',(-38.5,32.,50.1695266595348));
#3349=CARTESIAN_POINT('',(-39.6,32.,50.5));
#3350=CARTESIAN_POINT('Origin',(-38.5,32.,50.5));
#3351=CARTESIAN_POINT('',(-38.5,32.,49.8390533190697));
#3352=CARTESIAN_POINT('',(-39.05,32.,50.1695266595348));
#3353=CARTESIAN_POINT('Origin',(-38.5,32.,57.));
#3354=CARTESIAN_POINT('',(-39.6,32.,63.5));
#3355=CARTESIAN_POINT('Origin',(-38.5,32.,63.5));
#3356=CARTESIAN_POINT('',(-39.6,32.,57.));
#3357=CARTESIAN_POINT('Origin',(-19.5,8.,50.1695266595348));
#3358=CARTESIAN_POINT('',(-20.6,8.,50.5));
#3359=CARTESIAN_POINT('Origin',(-19.5,8.,50.5));
#3360=CARTESIAN_POINT('',(-19.5,8.,49.8390533190697));
#3361=CARTESIAN_POINT('',(-20.05,8.,50.1695266595348));
#3362=CARTESIAN_POINT('Origin',(-19.5,8.,57.));
#3363=CARTESIAN_POINT('',(-20.6,8.,63.5));
#3364=CARTESIAN_POINT('Origin',(-19.5,8.,63.5));
#3365=CARTESIAN_POINT('',(-20.6,8.,57.));
#3366=CARTESIAN_POINT('Origin',(38.5,8.,50.1695266595348));
#3367=CARTESIAN_POINT('',(37.4,8.,50.5));
#3368=CARTESIAN_POINT('Origin',(38.5,8.,50.5));
#3369=CARTESIAN_POINT('',(38.5,8.,49.8390533190697));
#3370=CARTESIAN_POINT('',(37.95,8.,50.1695266595348));
#3371=CARTESIAN_POINT('Origin',(38.5,8.,57.));
#3372=CARTESIAN_POINT('',(37.4,8.,63.5));
#3373=CARTESIAN_POINT('Origin',(38.5,8.,63.5));
#3374=CARTESIAN_POINT('',(37.4,8.,57.));
#3375=CARTESIAN_POINT('Origin',(2.49999999999999,16.,63.5));
#3376=CARTESIAN_POINT('',(2.49999999999999,16.,63.5));
#3377=CARTESIAN_POINT('',(-2.49999999999999,16.,63.5));
#3378=CARTESIAN_POINT('',(-21.25,16.,63.5));
#3379=CARTESIAN_POINT('',(2.49999999999999,16.,44.5));
#3380=CARTESIAN_POINT('',(2.49999999999999,16.,63.5));
#3381=CARTESIAN_POINT('',(-2.49999999999999,16.,44.5));
#3382=CARTESIAN_POINT('',(-2.49999999999999,16.,44.5));
#3383=CARTESIAN_POINT('',(-2.49999999999999,16.,63.5));
#3384=CARTESIAN_POINT('',(1.68388934882761E-16,16.,51.375));
#3385=CARTESIAN_POINT('Origin',(0.,16.,50.));
#3386=CARTESIAN_POINT('Origin',(1.30314314703082E-15,22.,63.5));
#3387=CARTESIAN_POINT('',(2.50000000000001,28.,63.5));
#3388=CARTESIAN_POINT('Origin',(1.30314314703082E-15,22.,63.5));
#3389=CARTESIAN_POINT('',(2.50000000000001,28.,44.5));
#3390=CARTESIAN_POINT('',(2.50000000000001,28.,63.5));
#3391=CARTESIAN_POINT('Origin',(1.30314314703082E-15,22.,44.5));
#3392=CARTESIAN_POINT('Origin',(-2.50000000000001,28.,63.5));
#3393=CARTESIAN_POINT('',(-2.50000000000001,28.,63.5));
#3394=CARTESIAN_POINT('',(-23.75,28.,63.5));
#3395=CARTESIAN_POINT('',(-2.50000000000001,28.,44.5));
#3396=CARTESIAN_POINT('',(-2.50000000000001,28.,63.5));
#3397=CARTESIAN_POINT('',(-2.50000000000001,28.,44.5));
#3398=CARTESIAN_POINT('Origin',(1.30314314703082E-15,22.,63.5));
#3399=CARTESIAN_POINT('Origin',(1.30314314703082E-15,22.,63.5));
#3400=CARTESIAN_POINT('Origin',(1.30314314703082E-15,22.,44.5));
#3401=CARTESIAN_POINT('Origin',(1.11022302462516E-15,22.,44.5));
#3402=CARTESIAN_POINT('',(-3.5,22.,44.5));
#3403=CARTESIAN_POINT('Origin',(1.30314314703082E-15,22.,44.5));
#3404=CARTESIAN_POINT('Origin',(-29.,20.,63.5));
#3405=CARTESIAN_POINT('',(-41.,20.,63.5));
#3406=CARTESIAN_POINT('Origin',(-29.,20.,63.5));
#3407=CARTESIAN_POINT('',(-41.,20.,63.5));
#3408=CARTESIAN_POINT('',(-27.1632483016784,31.8585978597266,28.0360929171465));
#3409=CARTESIAN_POINT('Ctrl Pts',(-27.1632483016784,31.8585978597266,28.0360929171465));
#3410=CARTESIAN_POINT('Ctrl Pts',(-27.2949700607844,31.878999948372,27.8739849603073));
#3411=CARTESIAN_POINT('Ctrl Pts',(-27.4336624457621,31.8982130227123,27.7206664867886));
#3412=CARTESIAN_POINT('Ctrl Pts',(-28.113137952899,31.9793505458521,27.0411909796517));
#3413=CARTESIAN_POINT('Ctrl Pts',(-28.7944309053223,32.0211988916754,26.5766465273638));
#3414=CARTESIAN_POINT('Ctrl Pts',(-30.2781828846022,31.954820370447,25.966002807387));
#3415=CARTESIAN_POINT('Ctrl Pts',(-31.0804264495808,31.8427385835052,25.8198051533946));
#3416=CARTESIAN_POINT('Ctrl Pts',(-32.6149627159128,31.4717598106698,25.8198051533946));
#3417=CARTESIAN_POINT('Ctrl Pts',(-33.4314923034152,31.1812841528659,25.985732582426));
#3418=CARTESIAN_POINT('Ctrl Pts',(-34.8972855335139,30.4824262494489,26.6079867293243));
#3419=CARTESIAN_POINT('Ctrl Pts',(-35.5481264962544,30.0760480145894,27.0628451220158));
#3420=CARTESIAN_POINT('Ctrl Pts',(-36.0624458405139,29.7016420646099,27.5771644662754));
#3421=CARTESIAN_POINT('Ctrl Pts',(-27.1632483016784,8.14140214027339,28.0360929171465));
#3422=CARTESIAN_POINT('Ctrl Pts',(-26.5385043963982,8.23816732639513,28.8049556982085));
#3423=CARTESIAN_POINT('Ctrl Pts',(-25.8899529935971,8.38924615307301,29.5359210700106));
#3424=CARTESIAN_POINT('Ctrl Pts',(-24.162141783415,8.96087736676698,31.3330925368219));
#3425=CARTESIAN_POINT('Ctrl Pts',(-23.0646230977943,9.48996797576916,32.3248042518652));
#3426=CARTESIAN_POINT('Ctrl Pts',(-21.3222948255926,10.7390498267018,33.7338095737612));
#3427=CARTESIAN_POINT('Ctrl Pts',(-20.5966352907823,11.3760501834423,34.273608691279));
#3428=CARTESIAN_POINT('Ctrl Pts',(-19.2915974873731,12.8770806641915,35.1785576628517));
#3429=CARTESIAN_POINT('Ctrl Pts',(-18.7146216077901,13.7422541475934,35.5452729188491));
#3430=CARTESIAN_POINT('Ctrl Pts',(-17.8909768751254,15.3815154000222,36.049621531415));
#3431=CARTESIAN_POINT('Ctrl Pts',(-17.552303643032,16.2760849694225,36.246156183084));
#3432=CARTESIAN_POINT('Ctrl Pts',(-17.10655549887,18.1390118584148,36.5001805746801));
#3433=CARTESIAN_POINT('Ctrl Pts',(-17.,19.1073726454461,36.5585552872556));
#3434=CARTESIAN_POINT('Ctrl Pts',(-17.,20.8926273545539,36.5585552872556));
#3435=CARTESIAN_POINT('Ctrl Pts',(-17.10655549887,21.8609881415852,36.5001805746801));
#3436=CARTESIAN_POINT('Ctrl Pts',(-17.552303643032,23.7239150305775,36.246156183084));
#3437=CARTESIAN_POINT('Ctrl Pts',(-17.8909768751254,24.6184845999778,36.049621531415));
#3438=CARTESIAN_POINT('Ctrl Pts',(-18.7146216077901,26.2577458524066,35.5452729188491));
#3439=CARTESIAN_POINT('Ctrl Pts',(-19.2915974873731,27.1229193358085,35.1785576628517));
#3440=CARTESIAN_POINT('Ctrl Pts',(-20.5966352907823,28.6239498165577,34.273608691279));
#3441=CARTESIAN_POINT('Ctrl Pts',(-21.3222948255926,29.2609501732982,33.7338095737612));
#3442=CARTESIAN_POINT('Ctrl Pts',(-23.0646230977943,30.5100320242308,32.3248042518652));
#3443=CARTESIAN_POINT('Ctrl Pts',(-24.1621417834151,31.039122633233,31.3330925368219));
#3444=CARTESIAN_POINT('Ctrl Pts',(-25.8899529935971,31.610753846927,29.5359210700106));
#3445=CARTESIAN_POINT('Ctrl Pts',(-26.5385043963982,31.7618326736049,28.8049556982085));
#3446=CARTESIAN_POINT('Ctrl Pts',(-27.1632483016784,31.8585978597266,28.0360929171465));
#3447=CARTESIAN_POINT('Origin',(29.,20.,63.5));
#3448=CARTESIAN_POINT('',(17.,20.,63.5));
#3449=CARTESIAN_POINT('Origin',(29.,20.,63.5));
#3450=CARTESIAN_POINT('',(17.,20.,36.5585552872556));
#3451=CARTESIAN_POINT('',(17.,20.,63.5));
#3452=CARTESIAN_POINT('',(27.1632483016784,31.8585978597266,28.0360929171465));
#3453=CARTESIAN_POINT('Ctrl Pts',(27.1632483016784,31.8585978597266,28.0360929171465));
#3454=CARTESIAN_POINT('Ctrl Pts',(26.5385043963982,31.7618326736049,28.8049556982085));
#3455=CARTESIAN_POINT('Ctrl Pts',(25.8899529935971,31.610753846927,29.5359210700106));
#3456=CARTESIAN_POINT('Ctrl Pts',(24.1621417834151,31.039122633233,31.3330925368219));
#3457=CARTESIAN_POINT('Ctrl Pts',(23.0646230977943,30.5100320242308,32.3248042518652));
#3458=CARTESIAN_POINT('Ctrl Pts',(21.3222948255926,29.2609501732982,33.7338095737612));
#3459=CARTESIAN_POINT('Ctrl Pts',(20.5966352907823,28.6239498165577,34.273608691279));
#3460=CARTESIAN_POINT('Ctrl Pts',(19.2915974873731,27.1229193358085,35.1785576628517));
#3461=CARTESIAN_POINT('Ctrl Pts',(18.7146216077901,26.2577458524066,35.5452729188491));
#3462=CARTESIAN_POINT('Ctrl Pts',(17.8909768751254,24.6184845999778,36.049621531415));
#3463=CARTESIAN_POINT('Ctrl Pts',(17.552303643032,23.7239150305775,36.246156183084));
#3464=CARTESIAN_POINT('Ctrl Pts',(17.10655549887,21.8609881415852,36.5001805746801));
#3465=CARTESIAN_POINT('Ctrl Pts',(17.,20.8926273545539,36.5585552872556));
#3466=CARTESIAN_POINT('Ctrl Pts',(17.,20.,36.5585552872556));
#3467=CARTESIAN_POINT('',(36.0624458405139,29.7016420646099,27.5771644662753));
#3468=CARTESIAN_POINT('Ctrl Pts',(36.0624458405139,29.7016420646099,27.5771644662753));
#3469=CARTESIAN_POINT('Ctrl Pts',(35.5582302366618,30.0686928556443,27.0729488624232));
#3470=CARTESIAN_POINT('Ctrl Pts',(34.9281913124369,30.4629924603278,26.6299929149211));
#3471=CARTESIAN_POINT('Ctrl Pts',(33.4730875435562,31.1660471234582,25.9947002421776));
#3472=CARTESIAN_POINT('Ctrl Pts',(32.6368320364048,31.4664728364504,25.8198051533946));
#3473=CARTESIAN_POINT('Ctrl Pts',(31.0865543100082,31.8412571547561,25.8198051533946));
#3474=CARTESIAN_POINT('Ctrl Pts',(30.2905987828335,31.9531916898684,25.9635937474757));
#3475=CARTESIAN_POINT('Ctrl Pts',(28.8164504480092,32.0212622559567,26.5649459496552));
#3476=CARTESIAN_POINT('Ctrl Pts',(28.1384780816488,31.9811433004535,27.0226201692722));
#3477=CARTESIAN_POINT('Ctrl Pts',(27.4505880617025,31.9005486712315,27.7020149103482));
#3478=CARTESIAN_POINT('Ctrl Pts',(27.3029584186141,31.8802372472486,27.8641538103511));
#3479=CARTESIAN_POINT('Ctrl Pts',(27.1632483016784,31.8585978597266,28.0360929171465));
#3480=CARTESIAN_POINT('',(36.0624458405139,10.2983579353901,27.5771644662753));
#3481=CARTESIAN_POINT('Origin',(29.,20.,20.5147186257614));
#3482=CARTESIAN_POINT('',(27.1632483016784,8.14140214027338,28.0360929171465));
#3483=CARTESIAN_POINT('Ctrl Pts',(27.1632483016784,8.14140214027338,28.0360929171465));
#3484=CARTESIAN_POINT('Ctrl Pts',(27.3029584186141,8.11976275275136,27.8641538103511));
#3485=CARTESIAN_POINT('Ctrl Pts',(27.4505880617025,8.0994513287685,27.7020149103482));
#3486=CARTESIAN_POINT('Ctrl Pts',(28.1384780816488,8.01885669954647,27.0226201692722));
#3487=CARTESIAN_POINT('Ctrl Pts',(28.8164504480092,7.97873774404326,26.5649459496552));
#3488=CARTESIAN_POINT('Ctrl Pts',(30.2905987828335,8.0468083101316,25.9635937474757));
#3489=CARTESIAN_POINT('Ctrl Pts',(31.0865543100082,8.15874284524388,25.8198051533946));
#3490=CARTESIAN_POINT('Ctrl Pts',(32.6368320364048,8.53352716354957,25.8198051533946));
#3491=CARTESIAN_POINT('Ctrl Pts',(33.4730875435562,8.8339528765418,25.9947002421776));
#3492=CARTESIAN_POINT('Ctrl Pts',(34.9281913124369,9.53700753967223,26.6299929149211));
#3493=CARTESIAN_POINT('Ctrl Pts',(35.5582302366618,9.93130714435574,27.0729488624232));
#3494=CARTESIAN_POINT('Ctrl Pts',(36.0624458405139,10.2983579353901,27.5771644662753));
#3495=CARTESIAN_POINT('Ctrl Pts',(17.,20.,36.5585552872556));
#3496=CARTESIAN_POINT('Ctrl Pts',(17.,19.1073726454461,36.5585552872556));
#3497=CARTESIAN_POINT('Ctrl Pts',(17.10655549887,18.1390118584148,36.5001805746801));
#3498=CARTESIAN_POINT('Ctrl Pts',(17.552303643032,16.2760849694225,36.246156183084));
#3499=CARTESIAN_POINT('Ctrl Pts',(17.8909768751254,15.3815154000222,36.049621531415));
#3500=CARTESIAN_POINT('Ctrl Pts',(18.7146216077901,13.7422541475934,35.5452729188491));
#3501=CARTESIAN_POINT('Ctrl Pts',(19.2915974873731,12.8770806641915,35.1785576628517));
#3502=CARTESIAN_POINT('Ctrl Pts',(20.5966352907823,11.3760501834423,34.273608691279));
#3503=CARTESIAN_POINT('Ctrl Pts',(21.3222948255926,10.7390498267018,33.7338095737612));
#3504=CARTESIAN_POINT('Ctrl Pts',(23.0646230977943,9.48996797576916,32.3248042518652));
#3505=CARTESIAN_POINT('Ctrl Pts',(24.1621417834151,8.96087736676698,31.3330925368219));
#3506=CARTESIAN_POINT('Ctrl Pts',(25.8899529935971,8.389246153073,29.5359210700106));
#3507=CARTESIAN_POINT('Ctrl Pts',(26.5385043963982,8.23816732639513,28.8049556982085));
#3508=CARTESIAN_POINT('Ctrl Pts',(27.1632483016784,8.14140214027338,28.0360929171465));
#3509=CARTESIAN_POINT('Origin',(1.30314314703082E-15,22.,63.5));
#3510=CARTESIAN_POINT('',(-3.5,22.,40.7889985044305));
#3511=CARTESIAN_POINT('',(-3.5,22.,63.5));
#3512=CARTESIAN_POINT('Ctrl Pts',(-3.5,22.,40.7889985044305));
#3513=CARTESIAN_POINT('Ctrl Pts',(-3.5,21.560215874298,40.7889985044305));
#3514=CARTESIAN_POINT('Ctrl Pts',(-3.41204881210939,21.0913199961662,40.7981877847957));
#3515=CARTESIAN_POINT('Ctrl Pts',(-3.05476985528114,20.2290799734021,40.8313360864577));
#3516=CARTESIAN_POINT('Ctrl Pts',(-2.78545813506823,19.8357106667624,40.8548118119661));
#3517=CARTESIAN_POINT('Ctrl Pts',(-2.16429039039162,19.2145429220858,40.898845225902));
#3518=CARTESIAN_POINT('Ctrl Pts',(-1.77092062025703,18.9452303769755,40.9222696323012));
#3519=CARTESIAN_POINT('Ctrl Pts',(-0.908679045084623,18.5879508043548,40.9553004454796));
#3520=CARTESIAN_POINT('Ctrl Pts',(-0.439782628783455,18.5,40.9644382056988));
#3521=CARTESIAN_POINT('Ctrl Pts',(0.439782628783459,18.5,40.9644382056988));
#3522=CARTESIAN_POINT('Ctrl Pts',(0.908679045084626,18.5879508043548,40.9553004454796));
#3523=CARTESIAN_POINT('Ctrl Pts',(1.77092062025703,18.9452303769755,40.9222696323012));
#3524=CARTESIAN_POINT('Ctrl Pts',(2.16429039039162,19.2145429220858,40.898845225902));
#3525=CARTESIAN_POINT('Ctrl Pts',(2.78545813506823,19.8357106667624,40.8548118119661));
#3526=CARTESIAN_POINT('Ctrl Pts',(3.05476985528114,20.2290799734021,40.8313360864577));
#3527=CARTESIAN_POINT('Ctrl Pts',(3.41204881210939,21.0913199961662,40.7981877847957));
#3528=CARTESIAN_POINT('Ctrl Pts',(3.5,21.560215874298,40.7889985044305));
#3529=CARTESIAN_POINT('Ctrl Pts',(3.5,22.439784125702,40.7889985044305));
#3530=CARTESIAN_POINT('Ctrl Pts',(3.41204881210939,22.9086800038338,40.7981877847957));
#3531=CARTESIAN_POINT('Ctrl Pts',(3.05476985528114,23.7709200265979,40.8313360864577));
#3532=CARTESIAN_POINT('Ctrl Pts',(2.78545813506823,24.1642893332376,40.8548118119661));
#3533=CARTESIAN_POINT('Ctrl Pts',(2.16429039039162,24.7854570779142,40.898845225902));
#3534=CARTESIAN_POINT('Ctrl Pts',(1.77092062025704,25.0547696230245,40.9222696323012));
#3535=CARTESIAN_POINT('Ctrl Pts',(0.908679045084628,25.4120491956452,40.9553004454796));
#3536=CARTESIAN_POINT('Ctrl Pts',(0.439782628783459,25.5,40.9644382056988));
#3537=CARTESIAN_POINT('Ctrl Pts',(-0.439782628783455,25.5,40.9644382056988));
#3538=CARTESIAN_POINT('Ctrl Pts',(-0.908679045084625,25.4120491956452,40.9553004454796));
#3539=CARTESIAN_POINT('Ctrl Pts',(-1.77092062025703,25.0547696230245,40.9222696323012));
#3540=CARTESIAN_POINT('Ctrl Pts',(-2.16429039039162,24.7854570779142,40.898845225902));
#3541=CARTESIAN_POINT('Ctrl Pts',(-2.78545813506823,24.1642893332376,40.8548118119661));
#3542=CARTESIAN_POINT('Ctrl Pts',(-3.05476985528114,23.7709200265979,40.8313360864577));
#3543=CARTESIAN_POINT('Ctrl Pts',(-3.41204881210938,22.9086800038338,40.7981877847957));
#3544=CARTESIAN_POINT('Ctrl Pts',(-3.5,22.439784125702,40.7889985044305));
#3545=CARTESIAN_POINT('Ctrl Pts',(-3.5,22.,40.7889985044305));
#3546=CARTESIAN_POINT('Origin',(-31.8198051533946,0.,31.8198051533946));
#3547=CARTESIAN_POINT('',(-27.1632483016784,40.0153508071739,28.0360929171465));
#3548=CARTESIAN_POINT('Origin',(-31.8198051533946,40.015,31.8198051533946));
#3549=CARTESIAN_POINT('',(-27.1632483016784,6.25662818755307E-47,28.0360929171465));
#3550=CARTESIAN_POINT('Origin',(31.8198051533946,0.,31.8198051533946));
#3551=CARTESIAN_POINT('',(27.1632483016784,6.25662818755307E-47,28.0360929171465));
#3552=CARTESIAN_POINT('',(36.0624458405139,0.,27.5771644662753));
#3553=CARTESIAN_POINT('Origin',(31.8198051533946,0.,31.8198051533946));
#3554=CARTESIAN_POINT('',(27.1632483016784,40.0153508071739,28.0360929171465));
#3555=CARTESIAN_POINT('',(27.1632483016784,6.25662818755307E-47,28.0360929171465));
#3556=CARTESIAN_POINT('',(36.0624458405139,40.0153508071739,27.5771644662753));
#3557=CARTESIAN_POINT('Origin',(31.8198051533946,40.015,31.8198051533946));
#3558=CARTESIAN_POINT('',(36.0624458405139,0.,27.5771644662753));
#3559=CARTESIAN_POINT('Origin',(0.,21.4130916755814,-45.));
#3560=CARTESIAN_POINT('',(1.68388934882762E-16,21.,-43.625));
#3561=CARTESIAN_POINT('Origin',(0.,21.,-45.));
#3562=CARTESIAN_POINT('',(0.,21.8261833511629,-45.));
#3563=CARTESIAN_POINT('',(8.41944674413805E-17,21.4130916755814,-44.3125));
#3564=CARTESIAN_POINT('Origin',(0.,10.5,-45.));
#3565=CARTESIAN_POINT('',(1.68388934882761E-16,6.,-43.625));
#3566=CARTESIAN_POINT('Origin',(0.,6.,-45.));
#3567=CARTESIAN_POINT('',(1.68388934882761E-16,10.5,-43.625));
#3568=CARTESIAN_POINT('Origin',(0.,10.5,50.));
#3569=CARTESIAN_POINT('',(1.68388934882761E-16,6.,51.375));
#3570=CARTESIAN_POINT('Origin',(0.,6.,50.));
#3571=CARTESIAN_POINT('',(1.68388934882761E-16,10.5,51.375));
#3572=CARTESIAN_POINT('Origin',(0.,6.25662818755307E-47,50.));
#3573=CARTESIAN_POINT('',(-10.5,6.25662818755307E-47,50.));
#3574=CARTESIAN_POINT('Origin',(0.,0.,50.));
#3575=CARTESIAN_POINT('',(-10.5,6.,50.));
#3576=CARTESIAN_POINT('',(-10.5,6.25662818755307E-47,50.));
#3577=CARTESIAN_POINT('Origin',(0.,6.,50.));
#3578=CARTESIAN_POINT('Origin',(0.,6.,50.));
#3579=CARTESIAN_POINT('Origin',(0.,6.25662818755307E-47,-45.));
#3580=CARTESIAN_POINT('',(-10.5,6.25662818755307E-47,-45.));
#3581=CARTESIAN_POINT('Origin',(0.,0.,-45.));
#3582=CARTESIAN_POINT('',(-10.5,6.,-45.));
#3583=CARTESIAN_POINT('',(-10.5,6.25662818755307E-47,-45.));
#3584=CARTESIAN_POINT('Origin',(0.,6.,-45.));
#3585=CARTESIAN_POINT('Origin',(0.,6.,-45.));
#3586=CARTESIAN_POINT('Origin',(0.,6.25662818755307E-47,-45.));
#3587=CARTESIAN_POINT('Origin',(-2.22044604925031E-15,8.5,38.9822191028494));
#3588=CARTESIAN_POINT('Origin',(0.,8.5,5.96443820569885));
#3589=CARTESIAN_POINT('Origin',(-31.8198051533946,49.0075,31.8198051533946));
#3590=CARTESIAN_POINT('',(-35.8198051533946,58.,31.8198051533946));
#3591=CARTESIAN_POINT('Origin',(-31.8198051533946,58.,31.8198051533946));
#3592=CARTESIAN_POINT('',(-37.8198051533946,40.0156317876,31.8198051533946));
#3593=CARTESIAN_POINT('',(-36.8198051533946,49.0075,31.8198051533946));
#3594=CARTESIAN_POINT('Origin',(-31.8198051533946,40.0156317876,31.8198051533946));
#3595=CARTESIAN_POINT('Origin',(-31.8198051533946,40.0156317876,31.8198051533946));
#3596=CARTESIAN_POINT('Origin',(-31.8198051533946,58.,31.8198051533946));
#3597=CARTESIAN_POINT('',(-33.1948051533946,58.,31.8198051533946));
#3598=CARTESIAN_POINT('Origin',(-31.8198051533946,58.,31.8198051533946));
#3599=CARTESIAN_POINT('Origin',(31.8198051533946,49.0075,31.8198051533946));
#3600=CARTESIAN_POINT('',(27.8198051533946,58.,31.8198051533946));
#3601=CARTESIAN_POINT('Origin',(31.8198051533946,58.,31.8198051533946));
#3602=CARTESIAN_POINT('',(25.8198051533946,40.0156317876,31.8198051533946));
#3603=CARTESIAN_POINT('',(26.8198051533946,49.0075,31.8198051533946));
#3604=CARTESIAN_POINT('Origin',(31.8198051533946,40.0156317876,31.8198051533946));
#3605=CARTESIAN_POINT('Origin',(31.8198051533946,40.0156317876,31.8198051533946));
#3606=CARTESIAN_POINT('Origin',(31.8198051533946,58.,31.8198051533946));
#3607=CARTESIAN_POINT('',(30.4448051533946,58.,31.8198051533946));
#3608=CARTESIAN_POINT('Origin',(31.8198051533946,58.,31.8198051533946));
#3609=CARTESIAN_POINT('Origin',(31.8198051533946,49.0075,-31.8198051533946));
#3610=CARTESIAN_POINT('',(27.8198051533946,58.,-31.8198051533946));
#3611=CARTESIAN_POINT('Origin',(31.8198051533946,58.,-31.8198051533946));
#3612=CARTESIAN_POINT('',(25.8198051533946,40.015,-31.8198051533946));
#3613=CARTESIAN_POINT('',(26.8198051533946,49.0075,-31.8198051533946));
#3614=CARTESIAN_POINT('',(36.0624458405139,40.0153508071739,-27.5771644662754));
#3615=CARTESIAN_POINT('Origin',(31.8198051533946,40.015,-31.8198051533946));
#3616=CARTESIAN_POINT('',(27.5771644662754,40.0153508071739,-36.0624458405139));
#3617=CARTESIAN_POINT('Origin',(31.8198051533946,40.0156317876,-31.8198051533946));
#3618=CARTESIAN_POINT('Origin',(31.8198051533946,40.015,-31.8198051533946));
#3619=CARTESIAN_POINT('Origin',(31.8198051533946,0.,-31.8198051533946));
#3620=CARTESIAN_POINT('',(36.0624458405139,0.,-27.5771644662754));
#3621=CARTESIAN_POINT('',(27.5771644662753,0.,-36.0624458405139));
#3622=CARTESIAN_POINT('Origin',(31.8198051533946,58.,-31.8198051533946));
#3623=CARTESIAN_POINT('',(30.4448051533946,58.,-31.8198051533946));
#3624=CARTESIAN_POINT('Origin',(31.8198051533946,58.,-31.8198051533946));
#3625=CARTESIAN_POINT('Origin',(-31.8198051533946,49.0075,-31.8198051533947));
#3626=CARTESIAN_POINT('',(-35.8198051533946,58.,-31.8198051533947));
#3627=CARTESIAN_POINT('Origin',(-31.8198051533946,58.,-31.8198051533947));
#3628=CARTESIAN_POINT('',(-37.8198051533946,40.0156317876,-31.8198051533947));
#3629=CARTESIAN_POINT('',(-36.8198051533946,49.0075,-31.8198051533947));
#3630=CARTESIAN_POINT('',(-36.0624458405139,40.0153508071739,-27.5771644662754));
#3631=CARTESIAN_POINT('Origin',(-31.8198051533946,40.0156317876,-31.8198051533947));
#3632=CARTESIAN_POINT('',(-27.5771644662753,40.0153508071739,-36.0624458405139));
#3633=CARTESIAN_POINT('Origin',(-31.8198051533946,40.015,-31.8198051533947));
#3634=CARTESIAN_POINT('Origin',(-31.8198051533946,40.0156317876,-31.8198051533947));
#3635=CARTESIAN_POINT('Origin',(-31.8198051533946,0.,-31.8198051533947));
#3636=CARTESIAN_POINT('',(-27.5771644662753,0.,-36.0624458405139));
#3637=CARTESIAN_POINT('',(-36.0624458405139,0.,-27.5771644662754));
#3638=CARTESIAN_POINT('Origin',(-31.8198051533946,58.,-31.8198051533947));
#3639=CARTESIAN_POINT('',(-33.1948051533946,58.,-31.8198051533947));
#3640=CARTESIAN_POINT('Origin',(-31.8198051533946,58.,-31.8198051533947));
#3641=CARTESIAN_POINT('Origin',(-31.8198051533946,0.,-31.8198051533947));
#3642=CARTESIAN_POINT('',(-33.1948051533946,40.0156317876,-31.8198051533947));
#3643=CARTESIAN_POINT('',(-33.1948051533946,0.,-31.8198051533947));
#3644=CARTESIAN_POINT('Origin',(-31.8198051533946,40.0156317876,-31.8198051533947));
#3645=CARTESIAN_POINT('Origin',(-36.1380938394624,40.0156317876,-36.1380938394624));
#3646=CARTESIAN_POINT('Origin',(-31.8198051533946,0.,31.8198051533946));
#3647=CARTESIAN_POINT('',(-33.1948051533946,40.0156317876,31.8198051533946));
#3648=CARTESIAN_POINT('',(-33.1948051533946,0.,31.8198051533946));
#3649=CARTESIAN_POINT('Origin',(-31.8198051533946,40.0156317876,31.8198051533946));
#3650=CARTESIAN_POINT('Origin',(8.88178419700125E-15,40.0156317876,44.6599025766973));
#3651=CARTESIAN_POINT('',(36.0624458405139,40.0156317876,27.5771644662753));
#3652=CARTESIAN_POINT('Origin',(0.,40.0156317876,5.96443820569885));
#3653=CARTESIAN_POINT('Origin',(31.8198051533946,0.,-31.8198051533946));
#3654=CARTESIAN_POINT('',(30.4448051533946,40.0156317876,-31.8198051533946));
#3655=CARTESIAN_POINT('',(30.4448051533946,0.,-31.8198051533946));
#3656=CARTESIAN_POINT('Origin',(31.8198051533946,40.0156317876,-31.8198051533946));
#3657=CARTESIAN_POINT('Origin',(36.1380938394624,40.0156317876,-36.1380938394624));
#3658=CARTESIAN_POINT('',(36.0624458405139,40.0156317876,-27.5771644662754));
#3659=CARTESIAN_POINT('',(27.5771644662753,40.0156317876,-36.0624458405139));
#3660=CARTESIAN_POINT('Origin',(31.8198051533946,0.,31.8198051533946));
#3661=CARTESIAN_POINT('',(30.4448051533946,40.0156317876,31.8198051533946));
#3662=CARTESIAN_POINT('',(30.4448051533946,0.,31.8198051533946));
#3663=CARTESIAN_POINT('Origin',(31.8198051533946,40.0156317876,31.8198051533946));
#3664=CARTESIAN_POINT('Origin',(8.88178419700125E-15,40.0156317876,44.6599025766973));
#3665=CARTESIAN_POINT('Origin',(-27.5771644662753,0.,-36.0624458405139));
#3666=CARTESIAN_POINT('',(-27.5771644662753,40.0156317876,-36.0624458405139));
#3667=CARTESIAN_POINT('Origin',(-46.4563825255302,6.25662818755307E-47,
-37.9711011512916));
#3668=CARTESIAN_POINT('',(-36.0624458405139,40.0156317876,-27.5771644662754));
#3669=CARTESIAN_POINT('Origin',(-36.1380938394624,40.0156317876,-36.1380938394624));
#3670=CARTESIAN_POINT('Origin',(8.88178419700125E-15,40.0156317876,44.6599025766973));
#3671=CARTESIAN_POINT('Origin',(-45.,0.,63.5));
#3672=CARTESIAN_POINT('',(45.,40.0156317876,63.5));
#3673=CARTESIAN_POINT('',(45.,0.,63.5));
#3674=CARTESIAN_POINT('Origin',(0.,6.25662818755307E-47,5.96443820569885));
#3675=CARTESIAN_POINT('Origin',(46.4563825255302,6.25662818755307E-47,37.9711011512916));
#3676=CARTESIAN_POINT('Origin',(0.,0.,0.));
#3677=CARTESIAN_POINT('Origin',(37.9711011512916,6.25662818755307E-47,-46.4563825255302));
#3678=CARTESIAN_POINT('Origin',(36.0624458405139,0.,-27.5771644662754));
#3679=CARTESIAN_POINT('Origin',(36.1380938394624,40.0156317876,-36.1380938394624));
#3680=CARTESIAN_POINT('Origin',(0.,52.2237434187031,-3.22532112503895E-15));
#3681=CARTESIAN_POINT('',(-7.19495947418397E-15,51.9427104578663,58.7513026547196));
#3682=CARTESIAN_POINT('Origin',(0.,51.9427104578663,-3.20796462230509E-15));
#3683=CARTESIAN_POINT('',(-7.37594561736458E-15,52.50477637954,60.2291666666667));
#3684=CARTESIAN_POINT('',(-7.28545254577428E-15,52.2237434187031,59.4902346606931));
#3685=CARTESIAN_POINT('Origin',(0.,52.50477637954,-3.24267762777282E-15));
#3686=CARTESIAN_POINT('Origin',(0.,51.0684703364291,-3.15397184148467E-15));
#3687=CARTESIAN_POINT('',(-7.20388919042775E-15,50.1942302149918,58.8242193213862));
#3688=CARTESIAN_POINT('Origin',(0.,50.1942302149918,-3.09997906066424E-15));
#3689=CARTESIAN_POINT('',(-7.19942433230586E-15,51.0684703364291,58.7877609880529));
#3690=CARTESIAN_POINT('Origin',(0.,49.9756973921503,-3.08648254578644E-15));
#3691=CARTESIAN_POINT('',(-7.38997802860481E-15,49.7571645693087,60.34375));
#3692=CARTESIAN_POINT('Origin',(0.,49.7571645693087,-3.07298603090863E-15));
#3693=CARTESIAN_POINT('',(-7.29693360951628E-15,49.9756973921503,59.5839846606931));
#3694=CARTESIAN_POINT('Origin',(0.,44.8863981784442,-2.77216910919484E-15));
#3695=CARTESIAN_POINT('',(-7.43972930482017E-15,40.0156317875798,60.75));
#3696=CARTESIAN_POINT('Origin',(0.,40.0156317875798,-2.47135218748105E-15));
#3697=CARTESIAN_POINT('',(-7.41485366671249E-15,44.8863981784443,60.546875));
#3698=CARTESIAN_POINT('Origin',(0.,40.015631787578,-63.5));
#3699=CARTESIAN_POINT('Origin',(0.,40.015631787578,-2.47135218748094E-15));
#3700=CARTESIAN_POINT('Origin',(0.,38.2656317875734,-2.36327276614227E-15));
#3701=CARTESIAN_POINT('Origin',(0.,58.0000000000025,-60.));
#3702=CARTESIAN_POINT('',(-7.34788079488412E-15,58.0000000000025,60.));
#3703=CARTESIAN_POINT('Origin',(0.,58.0000000000025,-3.58206082150119E-15));
#3704=CARTESIAN_POINT('Origin',(0.,55.2523881897712,-3.412369224637E-15));
#3705=CARTESIAN_POINT('',(-7.36191320612435E-15,55.2523881897712,60.1145833333333));
#3706=UNCERTAINTY_MEASURE_WITH_UNIT(LENGTH_MEASURE(0.01),#3710,
'DISTANCE_ACCURACY_VALUE',
'Maximum model space distance between geometric entities at asserted c
onnectivities');
#3707=UNCERTAINTY_MEASURE_WITH_UNIT(LENGTH_MEASURE(0.01),#3710,
'DISTANCE_ACCURACY_VALUE',
'Maximum model space distance between geometric entities at asserted c
onnectivities');
#3708=(
GEOMETRIC_REPRESENTATION_CONTEXT(3)
GLOBAL_UNCERTAINTY_ASSIGNED_CONTEXT((#3706))
GLOBAL_UNIT_ASSIGNED_CONTEXT((#3710,#3712,#3713))
REPRESENTATION_CONTEXT('','3D')
);
#3709=(
GEOMETRIC_REPRESENTATION_CONTEXT(3)
GLOBAL_UNCERTAINTY_ASSIGNED_CONTEXT((#3707))
GLOBAL_UNIT_ASSIGNED_CONTEXT((#3710,#3712,#3713))
REPRESENTATION_CONTEXT('','3D')
);
#3710=(
LENGTH_UNIT()
NAMED_UNIT(*)
SI_UNIT(.MILLI.,.METRE.)
);
#3711=(
LENGTH_UNIT()
NAMED_UNIT(*)
SI_UNIT($,.METRE.)
);
#3712=(
NAMED_UNIT(*)
PLANE_ANGLE_UNIT()
SI_UNIT($,.RADIAN.)
);
#3713=(
NAMED_UNIT(*)
SI_UNIT($,.STERADIAN.)
SOLID_ANGLE_UNIT()
);
#3714=SHAPE_DEFINITION_REPRESENTATION(#3715,#3716);
#3715=PRODUCT_DEFINITION_SHAPE('',$,#3718);
#3716=SHAPE_REPRESENTATION('',(#1966),#3708);
#3717=PRODUCT_DEFINITION_CONTEXT('part definition',#3722,'design');
#3718=PRODUCT_DEFINITION('2026-06-07-01-26-31-754','3D Base 2',#3719,#3717);
#3719=PRODUCT_DEFINITION_FORMATION('',$,#3724);
#3720=PRODUCT_RELATED_PRODUCT_CATEGORY('3D Base 2','3D Base 2',(#3724));
#3721=APPLICATION_PROTOCOL_DEFINITION('international standard',
'automotive_design',2009,#3722);
#3722=APPLICATION_CONTEXT(
'Core Data for Automotive Mechanical Design Process');
#3723=PRODUCT_CONTEXT('part definition',#3722,'mechanical');
#3724=PRODUCT('2026-06-07-01-26-31-754','3D Base 2',$,(#3723));
#3725=PRESENTATION_STYLE_ASSIGNMENT((#3726));
#3726=SURFACE_STYLE_USAGE(.BOTH.,#3727);
#3727=SURFACE_SIDE_STYLE('',(#3728));
#3728=SURFACE_STYLE_FILL_AREA(#3729);
#3729=FILL_AREA_STYLE('Steel - Satin',(#3730));
#3730=FILL_AREA_STYLE_COLOUR('Steel - Satin',#3731);
#3731=COLOUR_RGB('Steel - Satin',0.627450980392157,0.627450980392157,0.627450980392157);
ENDSEC;
END-ISO-10303-21;
